0 0
0.001 0
0.002 0
0.003 0
0.004 0
0.005 0
0.006 0
0.007 0
0.008 0
0.009 0
0.01 0
0.011 0
0.012 0
0.013 0
0.014 0
0.015 0
0.016 0
0.017 0
0.018 0
0.019 0
0.02 0
0.021 0
0.022 0
0.023 0
0.024 0
0.025 0
0.026 0
0.027 0
0.028 0
0.029 0
0.03 0
0.031 0
0.032 0
0.033 0
0.034 0
0.035 0
0.036 0
0.037 0
0.038 0
0.039 0
0.04 0
0.041 0
0.042 0
0.043 0
0.044 0
0.045 0
0.046 0
0.047 0
0.048 0
0.049 0
0.05 0
0.051 0
0.052 0
0.053 0
0.054 0
0.055 0
0.056 0
0.057 0
0.058 0
0.059 0
0.06 0
0.061 0
0.062 0
0.063 0
0.064 0
0.065 0
0.066 0
0.067 0
0.068 0
0.069 0
0.07 0
0.071 0
0.072 0
0.073 0
0.074 0
0.075 0
0.076 0
0.077 0
0.078 0
0.079 0
0.08 0
0.081 0
0.082 0
0.083 0
0.084 0
0.085 0
0.086 0
0.087 0
0.088 0
0.089 0
0.09 0
0.091 0
0.092 0
0.093 0
0.094 0
0.095 0
0.096 0
0.097 0
0.098 0
0.099 0
0.1 0
0.101 0
0.102 0
0.103 0
0.104 0
0.105 0
0.106 0
0.107 0
0.108 0
0.109 0
0.11 0
0.111 0
0.112 0
0.113 0
0.114 0
0.115 0
0.116 0
0.117 0
0.118 0
0.119 0
0.12 0
0.121 0
0.122 0
0.123 0
0.124 0
0.125 0
0.126 0
0.127 0
0.128 0
0.129 0
0.13 0
0.131 0
0.132 0
0.133 0
0.134 0
0.135 0
0.136 0
0.137 0
0.138 0
0.139 0
0.14 0
0.141 0
0.142 0
0.143 0
0.144 0
0.145 0
0.146 0
0.147 0
0.148 0
0.149 0
0.15 0
0.151 0
0.152 0
0.153 0
0.154 0
0.155 0
0.156 0
0.157 0
0.158 0
0.159 0
0.16 0
0.161 0
0.162 0
0.163 0
0.164 0
0.165 0
0.166 0
0.167 0
0.168 0
0.169 0
0.17 0
0.171 0
0.172 0
0.173 0
0.174 0
0.175 0
0.176 0
0.177 0
0.178 0
0.179 0
0.18 0
0.181 0
0.182 0
0.183 0
0.184 0
0.185 0
0.186 0
0.187 0
0.188 0
0.189 0
0.19 0
0.191 0
0.192 0
0.193 0
0.194 0
0.195 0
0.196 0
0.197 0
0.198 0
0.199 0
0.2 0
0.201 0
0.202 0
0.203 0
0.204 0
0.205 0
0.206 0
0.207 0
0.208 0
0.209 0
0.21 0
0.211 0
0.212 0
0.213 0
0.214 0
0.215 0
0.216 0
0.217 0
0.218 0
0.219 0
0.22 0
0.221 0
0.222 0
0.223 0
0.224 0
0.225 0
0.226 0
0.227 0
0.228 0
0.229 0
0.23 0
0.231 0
0.232 0
0.233 0
0.234 0
0.235 0
0.236 0
0.237 0
0.238 0
0.239 0
0.24 0
0.241 0
0.242 0
0.243 0
0.244 0
0.245 0
0.246 0
0.247 0
0.248 0
0.249 0
0.25 0
0.251 0
0.252 0
0.253 0
0.254 0
0.255 0
0.256 0
0.257 0
0.258 0
0.259 0
0.26 0
0.261 0
0.262 0
0.263 0
0.264 0
0.265 0
0.266 0
0.267 0
0.268 0
0.269 0
0.27 0
0.271 0
0.272 0
0.273 0
0.274 0
0.275 0
0.276 0
0.277 0
0.278 0
0.279 0
0.28 0
0.281 0
0.282 0
0.283 0
0.284 0
0.285 0
0.286 0
0.287 0
0.288 0
0.289 0
0.29 0
0.291 0
0.292 0
0.293 0
0.294 0
0.295 0
0.296 0
0.297 0
0.298 0
0.299 0
0.3 0
0.301 0
0.302 0
0.303 0
0.304 0
0.305 0
0.306 0
0.307 0
0.308 0
0.309 0
0.31 0
0.311 0
0.312 0
0.313 0
0.314 0
0.315 0
0.316 0
0.317 0
0.318 0
0.319 0
0.32 0
0.321 0
0.322 0
0.323 0
0.324 0
0.325 0
0.326 0
0.327 0
0.328 0
0.329 0
0.33 0
0.331 0
0.332 0
0.333 0
0.334 0
0.335 0
0.336 0
0.337 0
0.338 0
0.339 0
0.34 0
0.341 0
0.342 0
0.343 0
0.344 0
0.345 0
0.346 0
0.347 0
0.348 0
0.349 0
0.35 0
0.351 0
0.352 0
0.353 0
0.354 0
0.355 0
0.356 0
0.357 0
0.358 0
0.359 0
0.36 0
0.361 0
0.362 0
0.363 0
0.364 0
0.365 0
0.366 0
0.367 0
0.368 0
0.369 0
0.37 0
0.371 0
0.372 0
0.373 0
0.374 0
0.375 0
0.376 0
0.377 0
0.378 0
0.379 0
0.38 0
0.381 0
0.382 0
0.383 0
0.384 0
0.385 0
0.386 0
0.387 0
0.388 0
0.389 0
0.39 0
0.391 0
0.392 0
0.393 0
0.394 0
0.395 0
0.396 0
0.397 0
0.398 0
0.399 0
0.4 0
0.401 0
0.402 0
0.403 0
0.404 0
0.405 0
0.406 0
0.407 0
0.408 0
0.409 0
0.41 0
0.411 0
0.412 0
0.413 0
0.414 0
0.415 0
0.416 0
0.417 0
0.418 0
0.419 0
0.42 0
0.421 0
0.422 0
0.423 0
0.424 0
0.425 0
0.426 0
0.427 0
0.428 0
0.429 0
0.43 0
0.431 0
0.432 0
0.433 0
0.434 0
0.435 0
0.436 0
0.437 0
0.438 0
0.439 0
0.44 0
0.441 0
0.442 0
0.443 0
0.444 0
0.445 0
0.446 0
0.447 0
0.448 0
0.449 0
0.45 0
0.451 0
0.452 0
0.453 0
0.454 0
0.455 0
0.456 0
0.457 0
0.458 0
0.459 0
0.46 0
0.461 0
0.462 0
0.463 0
0.464 0
0.465 0
0.466 0
0.467 0
0.468 0
0.469 0
0.47 0
0.471 0
0.472 0
0.473 0
0.474 0
0.475 0
0.476 0
0.477 0
0.478 0
0.479 0
0.48 0
0.481 0
0.482 0
0.483 0
0.484 0
0.485 0
0.486 0
0.487 0
0.488 0
0.489 0
0.49 0
0.491 0
0.492 0
0.493 0
0.494 0
0.495 0
0.496 0
0.497 0
0.498 0
0.499 0
0.5 0
0.501 0
0.502 0
0.503 0
0.504 0
0.505 0
0.506 0
0.507 0
0.508 0
0.509 0
0.51 0
0.511 0
0.512 0
0.513 0
0.514 0
0.515 0
0.516 0
0.517 0
0.518 0
0.519 0
0.52 0
0.521 0
0.522 0
0.523 0
0.524 0
0.525 0
0.526 0
0.527 0
0.528 0
0.529 0
0.53 0
0.531 0
0.532 0
0.533 0
0.534 0
0.535 0
0.536 0
0.537 0
0.538 0
0.539 0
0.54 0
0.541 0
0.542 0
0.543 0
0.544 0
0.545 0
0.546 0
0.547 0
0.548 0
0.549 0
0.55 0
0.551 0
0.552 0
0.553 0
0.554 0
0.555 0
0.556 0
0.557 0
0.558 0
0.559 0
0.56 0
0.561 0
0.562 0
0.563 0
0.564 0
0.565 0
0.566 0
0.567 0
0.568 0
0.569 0
0.57 0
0.571 0
0.572 0
0.573 0
0.574 0
0.575 0
0.576 0
0.577 0
0.578 0
0.579 0
0.58 0
0.581 0
0.582 0
0.583 0
0.584 0
0.585 0
0.586 0
0.587 0
0.588 0
0.589 0
0.59 0
0.591 0
0.592 0
0.593 0
0.594 0
0.595 0
0.596 0
0.597 0
0.598 0
0.599 0
0.6 0
0.601 0
0.602 0
0.603 0
0.604 0
0.605 0
0.606 0
0.607 0
0.608 0
0.609 0
0.61 0
0.611 0
0.612 0
0.613 0
0.614 0
0.615 0
0.616 0
0.617 0
0.618 0
0.619 0
0.62 0
0.621 0
0.622 6.21439564621799e-07
0.623 0.000103510862590424
0.624 0.00022363186359875
0.625 0.000343752864607103
0.626 0.000463873865615442
0.627 0.000583994866623781
0.628 0.000704115867632107
0.629 0.000824236868640456
0.63 0.000944357869648798
0.631 0.00106447887065713
0.632 0.00118459987166546
0.633 0.00130472087267381
0.634 0.00142484187368216
0.635 0.0015449628746905
0.636 0.00166508387569882
0.637 0.00178520487670716
0.638 0.00190532587771551
0.639 0.00202544687872385
0.64 0.00214556787973219
0.641 0.00226568888074051
0.642 0.00238580988174887
0.643 0.00250593088275721
0.644 0.00262605188376555
0.645 0.00274617288477387
0.646 0.00286629388578221
0.647 0.00298641488679056
0.648 0.0031065358877989
0.649 0.00322665688880723
0.65 0.00334677788981557
0.651 0.00346689889082392
0.652 0.00358701989183226
0.653 0.00370714089284059
0.654 0.00382726189384893
0.655 0.00394738289485728
0.656 0.00406750389586562
0.657 0.00418762489687396
0.658 0.00430774589788228
0.659 0.00442786689889064
0.66 0.00454798789989898
0.661 0.00466810890090732
0.662 0.00478822990191564
0.663 0.00490835090292399
0.664 0.00502847190393233
0.665 0.00514859290494067
0.666 0.00526871390594899
0.667 0.00538883490695733
0.668 0.00550895590796569
0.669 0.00562907690897403
0.67 0.00574919790998236
0.671 0.0058693189109907
0.672 0.00598943991199904
0.673 0.00610956091300738
0.674 0.00622968191401572
0.675 0.00634980291502405
0.676 0.0064699239160324
0.677 0.00659004491704074
0.678 0.00671016591804908
0.679 0.00683028691905741
0.68 0.00695040792006576
0.681 0.0070705289210741
0.682 0.00719064992208244
0.683 0.00731077092309076
0.684 0.0074308919240991
0.685 0.00755101292510745
0.686 0.00767113392611579
0.687 0.00779125492712412
0.688 0.00791137592813245
0.689 0.00803149692914081
0.69 0.00815161793014915
0.691 0.00827173893115748
0.692 0.00839185993216581
0.693 0.00851198093317417
0.694 0.0086321019341825
0.695 0.00875222293519084
0.696 0.00887234393619917
0.697 0.00899246493720753
0.698 0.00976238540846311
0.699 0.0134833327526801
0.7 0.0172042800968967
0.701 0.020925227441114
0.702 0.0246461747853312
0.703 0.0283671221295481
0.704 0.0320880694737643
0.705 0.0358090168179813
0.706 0.0395299641621987
0.707 0.0432509115064157
0.708 0.0469718588506323
0.709 0.0506928061948493
0.71 0.0544137535390668
0.711 0.0581347008832838
0.712 0.0618556482275004
0.713 0.0655765955717173
0.714 0.0692975429159347
0.715 0.0730184902601517
0.716 0.0767394376043687
0.717 0.0804603849485854
0.718 0.0841813322928024
0.719 0.0879022796370198
0.72 0.0916232269812368
0.721 0.0953441743254534
0.722 0.0990651216696704
0.723 0.102786069013888
0.724 0.106507016358105
0.725 0.108847317944789
0.726 0.110799664515186
0.727 0.112752011085583
0.728 0.11470435765598
0.729 0.116656704226377
0.73 0.118609050796775
0.731 0.120561397367172
0.732 0.122513743937569
0.733 0.124466090507966
0.734 0.126418437078363
0.735 0.12837078364876
0.736 0.130323130219157
0.737 0.132275476789555
0.738 0.134227823359952
0.739 0.136180169930348
0.74 0.138132516500746
0.741 0.140084863071143
0.742 0.14203720964154
0.743 0.143989556211937
0.744 0.145941902782334
0.745 0.147894249352731
0.746 0.149846595923129
0.747 0.151798942493525
0.748 0.153751289063923
0.749 0.15570363563432
0.75 0.166780472161407
0.751 0.154694288684735
0.752 0.162455243617024
0.753 0.170337267498272
0.754 0.178342186993268
0.755 0.186469911405251
0.756 0.194723860899866
0.757 0.20310381204808
0.758 0.211611242494069
0.759 0.22024894240839
0.76 0.229016272438895
0.761 0.237916279643433
0.762 0.246949620613567
0.763 0.256116800910459
0.764 0.265421674850099
0.765 0.274863004105116
0.766 0.284443412305743
0.767 0.29416453665922
0.768 0.304026193617418
0.769 0.314032200196854
0.77 0.324181812420783
0.771 0.334476757997163
0.772 0.34491972335453
0.773 0.355509896323133
0.774 0.366250656755864
0.775 0.377142259257461
0.776 0.388185342961988
0.777 0.399383772864287
0.778 0.410736082113243
0.779 0.422245160612981
0.78 0.433912276871332
0.781 0.445737032298475
0.782 0.457723513870488
0.783 0.469870321236379
0.784 0.482179441299411
0.785 0.494653332905855
0.786 0.507291005129023
0.787 0.520096135754859
0.788 0.533068470649339
0.789 0.546208798517237
0.79 0.559520861132917
0.791 0.57300296473971
0.792 0.586658245313601
0.793 0.600487655072356
0.794 0.614490852815741
0.795 0.628672453053664
0.796 0.643030319525992
0.797 0.657566525887074
0.798 0.672282926558191
0.799 0.687178066348103
0.8 0.702255580289049
0.801 0.717514323614931
0.802 0.73295495749337
0.803 0.748580659646255
0.804 0.764389248040994
0.805 0.780383744372885
0.806 0.796564311849374
0.807 0.812930247725644
0.808 0.82948614957491
0.809 0.846229084787678
0.81 0.863161431148422
0.811 0.880284720970885
0.812 0.897597464290505
0.813 0.915103310550405
0.814 0.932800180873888
0.815 0.950688435713265
0.816 0.96877021724774
0.817 0.987042484121186
0.818 1.00550754895437
0.819 1.02416419221083
0.82 1.04301101294165
0.821 1.06205133657636
0.822 1.08128141270547
0.823 1.10070292597871
0.824 1.12031616509342
0.825 1.14011897956005
0.826 1.1601146196748
0.827 1.1803002388947
0.828 1.20067630050069
0.829 1.22124448504901
0.83 1.24200194902143
0.831 1.26295122313057
0.832 1.28409055910408
0.833 1.30541851307882
0.834 1.3269376010202
0.835 1.34864378555312
0.836 1.37053832155427
0.837 1.39262035732262
0.838 1.41488696488068
0.839 1.43733993879758
0.84 1.45997435789678
0.841 1.48278908474616
0.842 1.50578337509276
0.843 1.52895273016383
0.844 1.55229764647962
0.845 1.57581447674627
0.846 1.59950072775096
0.847 1.62335689225352
0.848 1.64737813860451
0.849 1.67156436241919
0.85 1.6959133285776
0.851 1.72042165397265
0.852 1.74509045961949
0.853 1.7699149306313
0.854 1.79489415434888
0.855 1.82002713224812
0.856 1.84531043427938
0.857 1.87074480357877
0.858 1.89632661423259
0.859 1.92205370987333
0.86 1.94792571423385
0.861 1.97393776176699
0.862 2.00008870884858
0.863 2.02637490642134
0.864 2.05279189642431
0.865 2.07933862925711
0.866 2.10600870601939
0.867 2.13279917727088
0.868 2.15970644618763
0.869 2.18672508442572
0.87 2.21385269145156
0.871 2.24108358607659
0.872 2.26841353422065
0.873 2.29583916122206
0.874 2.32335459164151
0.875 2.35095653484806
0.876 2.37864009700176
0.877 2.40640044865822
0.878 2.43423463994346
0.879 2.4621370887049
0.88 2.49010435231035
0.881 2.51813256549282
0.882 2.54621719287606
0.883 2.57435530949304
0.884 2.60254249123153
0.885 2.6307754705164
0.886 2.65905143679399
0.887 2.68736684478931
0.888 2.71571932979334
0.889 2.74410572200613
0.89 2.77252303714822
0.891 2.80096919900065
0.892 2.8294413354855
0.893 2.85793734931728
0.894 2.88645464211084
0.895 2.91499013859631
0.896 2.94354121065
0.897 2.97210468707364
0.898 3.00067772252384
0.899 3.02925740654366
0.9 3.05784050696535
0.901 3.08642362854915
0.902 3.11500314167595
0.903 3.14357545452186
0.904 3.17213669560683
0.905 3.20068317849731
0.906 3.22921067550324
0.907 3.25771502024874
0.908 3.28619220539196
0.909 3.31463728613698
0.91 3.34304645716156
0.911 3.37141516050423
0.912 3.39973889700314
0.913 3.42801405235553
0.914 3.45623560623529
0.915 3.48439989098829
0.916 3.51250265881435
0.917 3.54053877062595
0.918 3.56850515497589
0.919 3.59639690502856
0.92 3.62421023489336
0.921 3.65194180252814
0.922 3.6795858458916
0.923 3.70714007247657
0.924 3.73459973678739
0.925 3.76196051427665
0.926 3.789219910307
0.927 3.81637261027088
0.928 3.84341636476593
0.929 3.87034750573123
0.93 3.8971611543054
0.931 3.92385557619467
0.932 3.95042582934194
0.933 3.97686923962213
0.934 4.00318325258142
0.935 4.02936174028227
0.936 4.05540331330408
0.937 4.08130256718593
0.938 4.10705504565964
0.939 4.13265822766677
0.94 4.15810528808974
0.941 4.18339431090494
0.942 4.20852064512578
0.943 4.23347841874911
0.944 4.25826568059029
0.945 4.2828755925571
0.946 4.30730495546983
0.947 4.33155018151404
0.948 4.35560374561663
0.949 4.37946477847646
0.95 4.4031270871061
0.951 4.42658652518997
0.952 4.44984120286179
0.953 4.47288351592419
0.954 4.49571335506543
0.955 4.51832644914643
0.956 4.54071812881743
0.957 4.56288868762816
0.958 4.58483245556345
0.959 4.60654943909628
0.96 4.62803864655217
0.961 4.64929548104888
0.962 4.67032314208709
0.963 4.69111876905933
0.964 4.7116824933207
0.965 4.73201614153086
0.966 4.75211497940235
0.967 4.77198295320657
0.968 4.79161829171098
0.969 4.81101942976354
0.97 4.83018905634784
0.971 4.84912326258072
0.972 4.86782431578426
0.973 4.88629214303702
0.974 4.90452346151411
0.975 4.9225218331059
0.976 4.9402841849163
0.977 4.95781108415254
0.978 4.97510417736979
0.979 4.99215844290475
0.98 5.00897832613735
0.981 5.02556160074147
0.982 5.04190711264371
0.983 5.05801738310992
0.984 5.07388822826779
0.985 5.08952238977455
0.986 5.10491936438856
0.987 5.12007625559013
0.988 5.13499646993864
0.989 5.14967667193559
0.99 5.16411787834984
0.991 5.17832133018989
0.992 5.19228236732414
0.993 5.20600529218829
0.994 5.2194876282405
0.995 5.23272864619556
0.996 5.24573069274685
0.997 5.25848930217809
0.998 5.27100770419121
0.999 5.28328494850636
1 5.29531832524914
1.001 5.30711051867967
1.002 5.31865730428065
1.003 5.32995956495243
1.004 5.34101753280383
1.005 5.35182626551385
1.006 5.36238937126002
1.007 5.37270347351577
1.008 5.38276767208423
1.009 5.39258358405022
1.01 5.40214573829778
1.011 5.41145736387008
1.012 5.42051642305257
1.013 5.42932016702817
1.014 5.43787118074972
1.015 5.44616484667632
1.016 5.45420259958521
1.017 5.46198425596641
1.018 5.46950515285963
1.019 5.47676887584722
1.02 5.48377169372481
1.021 5.49051318148078
1.022 5.49699483569246
1.023 5.50321073265396
1.024 5.50916477241806
1.025 5.51485438251863
1.026 5.52027721263213
1.027 5.52543576554977
1.028 5.53032500948653
1.029 5.53494697353761
1.03 5.53930101613314
1.031 5.54338279611463
1.032 5.5471958552487
1.033 5.55073608643271
1.034 5.55400358228124
1.035 5.55699969764369
1.036 5.55971803500366
1.037 5.56216320786462
1.038 5.56433206656784
1.039 5.56622270172429
1.04 5.56783751274309
1.041 5.56917103237456
1.042 5.57022592647289
1.043 5.57100105296731
1.044 5.57149243494215
1.045 5.57170354912776
1.046 5.57162989130271
1.047 5.57127211414888
1.048 5.57063114870647
1.049 5.56970088501016
1.05 5.56848590987306
1.051 5.56698271486347
1.052 5.56518987396794
1.053 5.56310966199297
1.054 5.5607361550037
1.055 5.55807269805434
1.056 5.55511760613219
1.057 5.55186730900544
1.058 5.54832519714766
1.059 5.54448634799812
1.06 5.54035201674699
1.061 5.53592266818425
1.062 5.53119252233674
1.063 5.52616611810664
1.064 5.52083956706879
1.065 5.51521196902635
1.066 5.50928545296267
1.067 5.50305361703721
1.068 5.49652052794524
1.069 5.48968391529107
1.07 5.48254065796779
1.071 5.4750940389717
1.072 5.4673386961822
1.073 5.45927652973884
1.074 5.45090749574033
1.075 5.44222618664668
1.076 5.43323707222865
1.077 5.42393586284708
1.078 5.41432222656281
1.079 5.4043981253155
1.08 5.39415665813838
1.081 5.38360265580887
1.082 5.37273322010722
1.083 5.36154572149249
1.084 5.35004331426315
1.085 5.33822017551824
1.086 5.32607889278773
1.087 5.31361887103798
1.088 5.30083511760327
1.089 5.28773201190236
1.09 5.27430484186164
1.091 5.26055388624059
1.092 5.2464809187147
1.093 5.23207851797048
1.094 5.2173523213085
1.095 5.20229876024392
1.096 5.18691573924282
1.097 5.17120626268529
1.098 5.15516402566951
1.099 5.13879234555691
1.1 5.12209003374047
1.101 5.10505255486977
1.102 5.08768417679107
1.103 5.06997974377572
1.104 5.05194018772297
1.105 5.03356676542664
1.106 5.01485243619681
1.107 4.99580276410741
1.108 4.97641377536445
1.109 4.95668395088203
1.11 4.93661612390139
1.111 4.91620348629931
1.112 4.89545012770968
1.113 4.8743542235111
1.114 4.85291173810946
1.115 4.83112680655804
1.116 4.80899380825262
1.117 4.78651437067323
1.118 4.763689191291
1.119 4.74051165248062
1.12 4.71698722386888
1.121 4.69311150513211
1.122 4.66888359607343
1.123 4.64430613757474
1.124 4.61937179707089
1.125 4.59408547890931
1.126 4.56844468001313
1.127 4.54244590698564
1.128 4.51609314086655
1.129 4.4893802749556
1.13 4.46230967475465
1.131 4.43488143597107
1.132 4.40708940648522
1.133 4.37893894025621
1.134 4.35042518921014
1.135 4.32154791448029
1.136 4.29230954336862
1.137 4.26270219764755
1.138 4.23273163881907
1.139 4.20239464290986
1.14 4.17168830116156
1.141 4.1406164193799
1.142 4.10917238354796
1.143 4.07735934920406
1.144 4.04517748521227
1.145 4.01262323539688
1.146 3.9797039659416
1.147 3.94641663135053
1.148 3.91276388815897
1.149 3.87875003029289
1.15 3.84436909195553
1.151 3.80962965828771
1.152 3.77453007055912
1.153 3.73907033968002
1.154 3.70325601843582
1.155 3.66708256769771
1.156 3.63055584717677
1.157 3.5936768355686
1.158 3.55644299436141
1.159 3.51886108709851
1.16 3.48092795321761
1.161 3.44264682320298
1.162 3.40402150655817
1.163 3.3650495458914
1.164 3.32574231559033
1.165 3.28610155621507
1.166 3.24613153329656
1.167 3.20584070094285
1.168 3.16522842675613
1.169 3.12430377229383
1.17 3.08307120768609
1.171 3.04153301416707
1.172 2.99969857589361
1.173 2.95756935083332
1.174 2.91515383701519
1.175 2.87246093621588
1.176 2.82949620189244
1.177 2.78627644413356
1.178 2.74281208306555
1.179 2.69911898702299
1.18 2.6552207984615
1.181 2.6067640408065
1.182 2.56280928886391
1.183 2.51882212545673
1.184 2.47483854138855
1.185 2.43089626732756
1.186 2.38703456440733
1.187 2.34329397243869
1.188 2.29971601369632
1.189 2.25634284992807
1.19 2.21321688898849
1.191 2.17038033725658
1.192 2.12787469402805
1.193 2.0857401834708
1.194 2.04401511926553
1.195 2.00273519572749
1.196 1.96193269955601
1.197 1.92163563497449
1.198 1.88186675634339
1.199 1.84264250385789
1.2 1.80397185267638
1.201 1.76585599507996
1.202 1.72829140016328
1.203 1.69127398555251
1.204 1.65479966887383
1.205 1.6188643677534
1.206 1.58346399981741
1.207 1.54859448269203
1.208 1.51425173400344
1.209 1.4804316713778
1.21 1.44713021244132
1.211 1.41434327482014
1.212 1.38206677614045
1.213 1.35029663402843
1.214 1.31902876611025
1.215 1.28825909001207
1.216 1.2579835233601
1.217 1.2281979837805
1.218 1.19889838889944
1.219 1.17008065634309
1.22 1.14174070373765
1.221 1.11387444870927
1.222 1.08647780888414
1.223 1.05954670188842
1.224 1.03307704534831
1.225 1.00706475688997
1.226 0.98150575413958
1.227 0.95639595472331
1.228 0.931731276267344
1.229 0.907507636397849
1.23 0.883720952741009
1.231 0.860367142922991
1.232 0.83744212456998
1.233 0.814941815308142
1.234 0.792862132763662
1.235 0.771198994562707
1.236 0.749948318331461
1.237 0.729106021696091
1.238 0.708668022282781
1.239 0.688630237717699
1.24 0.668988585627028
1.241 0.649738983636935
1.242 0.630877349373606
1.243 0.612399600463202
1.244 0.594301654531916
1.245 0.576579429205912
1.246 0.559228842111372
1.247 0.542245810874466
1.248 0.525626253121375
1.249 0.509366086478269
1.25 0.493461228571329
1.251 0.477907597026726
1.252 0.46270110947064
1.253 0.447837683529242
1.254 0.433313236828713
1.255 0.419123686995223
1.256 0.405264951654952
1.257 0.391732948434072
1.258 0.378523594958763
1.259 0.365632808855196
1.26 0.353056507749551
1.261 0.340790609268
1.262 0.328831031036721
1.263 0.317173690681887
1.264 0.305814505829678
1.265 0.294749394106264
1.266 0.283974273137827
1.267 0.273485060550536
1.268 0.263277673970572
1.269 0.253348031024107
1.27 0.24369204933732
1.271 0.234305646536383
1.272 0.225184740247475
1.273 0.216325248096766
1.274 0.20772308771044
1.275 0.199374176714666
1.276 0.191274432735624
1.277 0.183419773399485
1.278 0.17580611633243
1.279 0.16842937916063
1.28 0.161285479510263
1.281 0.154370335007504
1.282 0.147679863278529
1.283 0.141209981949513
1.284 0.134956608646632
1.285 0.128915660996061
1.286 0.123083056623978
1.287 0.117454713156555
1.288 0.11202654821997
1.289 0.106794479440398
1.29 0.101754424444016
1.291 0.0969023008569963
1.292 0.0922340263055182
1.293 0.0877455184157547
1.294 0.0834326948138834
1.295 0.079291473126078
1.296 0.0753177709785161
1.297 0.0715075059973714
1.298 0.0678565958088213
1.299 0.06436095803904
1.3 0.0610165103142043
1.301 0.0578191702604893
1.302 0.0547648555040693
1.303 0.0518494836711219
1.304 0.0490689723878226
1.305 0.0464192392803466
1.306 0.0438962019748688
1.307 0.0414957780975654
1.308 0.0392138852746127
1.309 0.0370464411321856
1.31 0.0349893632964594
1.311 0.0330385693936102
1.312 0.031189977049814
1.313 0.029439503891246
1.314 0.0277830675440815
1.315 0.0262165856344966
1.316 0.024735975788667
1.317 0.0233371556327682
1.318 0.0220160427929755
1.319 0.0207685548954648
1.32 0.019590609566412
1.321 0.0184782568825096
1.322 0.0174293870319274
1.323 0.0164432375601489
1.324 0.015519076901396
1.325 0.0146561734898904
1.326 0.0138537957598538
1.327 0.0131112121455082
1.328 0.0124276910810753
1.329 0.0118025010007772
1.33 0.0112349103388355
1.331 0.0107241875294722
1.332 0.0102696010069088
1.333 0.00987041920536768
1.334 0.0095259105590703
1.335 0.00923534350223867
1.336 0.00899798646909452
1.337 0.00881310789385978
1.338 0.00867997621075621
1.339 0.0085978598540057
1.34 0.00856602725783008
1.341 0.00858374685645119
1.342 0.00865028708409087
1.343 0.00876491637497094
1.344 0.00892690316331329
1.345 0.0091355158833397
1.346 0.00939002296927208
1.347 0.00968969285533217
1.348 0.0100337939757419
1.349 0.0104215947647231
1.35 0.0108523636564976
1.351 0.0113253690852872
1.352 0.0118398794853138
1.353 0.0123951632907992
1.354 0.0129904889359653
1.355 0.0136251248550338
1.356 0.0142983394822268
1.357 0.0150094012517657
1.358 0.0157575785978729
1.359 0.0165421399547698
1.36 0.0173623537566787
1.361 0.0182174884378208
1.362 0.0191068124324184
1.363 0.0200295941746931
1.364 0.020985102098867
1.365 0.0219726046391617
1.366 0.0229913702297993
1.367 0.0240406673050012
1.368 0.0251197642989898
1.369 0.0262279296459864
1.37 0.0273644317802134
1.371 0.0285285391358921
1.372 0.0297195201472448
1.373 0.0309366432484928
1.374 0.0321791768738586
1.375 0.0334463894575634
1.376 0.0347375494338297
1.377 0.0360519252368786
1.378 0.0373887853009327
1.379 0.0387473980602131
1.38 0.0401270319489424
1.381 0.0415269554013417
1.382 0.0429464368516335
1.383 0.044384744734039
1.384 0.0458411474827806
1.385 0.0473149135320797
1.386 0.0488053113161587
1.387 0.0503116092692387
1.388 0.0518330758255423
1.389 0.0533689794192906
1.39 0.0549185884847065
1.391 0.0564811714560105
1.392 0.0580559967674254
1.393 0.0596423328531724
1.394 0.061239448147474
1.395 0.0628466110845514
1.396 0.0644630900986271
1.397 0.0660881536239222
1.398 0.0677210700946594
1.399 0.0693611079450596
1.4 0.0710075356093455
1.401 0.0726596215217382
1.402 0.0743166341164603
1.403 0.0759778418277329
1.404 0.0776425130897785
1.405 0.0793099163368182
1.406 0.0809793200030747
1.407 0.082649992522769
1.408 0.0843212023301237
1.409 0.08599221785936
1.41 0.0876623075447003
1.411 0.0893307398203658
1.412 0.0909967831205791
1.413 0.0926597058795612
1.414 0.0943187765315349
1.415 0.0959732635107211
1.416 0.0976224352513423
1.417 0.0992655755162759
1.418 0.100902437527649
1.419 0.102533319878155
1.42 0.104158551778406
1.421 0.105778462439016
1.422 0.107393381070598
1.423 0.109003636883764
1.424 0.110609559089128
1.425 0.112211476897302
1.426 0.113809719518899
1.427 0.115404616164533
1.428 0.116996496044815
1.429 0.118585688370359
1.43 0.120172522351778
1.431 0.121757327199685
1.432 0.123340432124692
1.433 0.124922166337412
1.434 0.126502859048459
1.435 0.128082839468445
1.436 0.129662436807984
1.437 0.131241980277687
1.438 0.132821799088168
1.439 0.13440222245004
1.44 0.135983579573916
1.441 0.137566199670408
1.442 0.139150411950129
1.443 0.140736545623694
1.444 0.142324929901713
1.445 0.1439158939948
1.446 0.145509767113569
1.447 0.147106878468631
1.448 0.148707557270601
1.449 0.15031213273009
1.45 0.151920934057712
1.451 0.153534290464079
1.452 0.155152531159804
1.453 0.156775985355501
1.454 0.158404982261782
1.455 0.16003985108926
1.456 0.161680921048548
1.457 0.163328521350259
1.458 0.164982981205006
1.459 0.166644629823401
1.46 0.168313796416058
1.461 0.169990810193589
1.462 0.171676000366607
1.463 0.173369696145726
1.464 0.175072226741558
1.465 0.176783921364716
1.466 0.178505109225813
1.467 0.180236119535461
1.468 0.181977281504275
1.469 0.183728924342865
1.47 0.185491377261846
1.471 0.187264969471831
1.472 0.189050003982528
1.473 0.190846550321427
1.474 0.192654555453117
1.475 0.194473965257184
1.476 0.196304725613208
1.477 0.198146782400776
1.478 0.200000081499467
1.479 0.201864568788868
1.48 0.203740190148559
1.481 0.205626891458126
1.482 0.20752461859715
1.483 0.209433317445217
1.484 0.211352933881907
1.485 0.213283413786805
1.486 0.215224703039494
1.487 0.217176747519558
1.488 0.219139493106578
1.489 0.22111288568014
1.49 0.223096871119825
1.491 0.225091395305218
1.492 0.2270964041159
1.493 0.229111843431457
1.494 0.23113765913147
1.495 0.233173797095523
1.496 0.235220203203199
1.497 0.237276824635724
1.498 0.239343652759977
1.499 0.241420732883464
1.5 0.243508113590693
1.501 0.245605843466173
1.502 0.24771397109441
1.503 0.249832545059916
1.504 0.251961613947197
1.505 0.254101226340762
1.506 0.25625143082512
1.507 0.25841227598478
1.508 0.260583810404249
1.509 0.262766082668036
1.51 0.26495914136065
1.511 0.267163035066599
1.512 0.269377812370391
1.513 0.271603521856537
1.514 0.273840212109542
1.515 0.276087931713917
1.516 0.278346729254169
1.517 0.280616653314808
1.518 0.282897752480341
1.519 0.285190075335277
1.52 0.287493670464125
1.521 0.289808586451393
1.522 0.292134871881589
1.523 0.294472575339223
1.524 0.296821745408802
1.525 0.299182430674836
1.526 0.301554679721831
1.527 0.303938541134298
1.528 0.306334063496744
1.529 0.308741295393679
1.53 0.311160285409609
1.531 0.313591082129045
1.532 0.316033734136494
1.533 0.318488203101495
1.534 0.320954100185699
1.535 0.323430948205966
1.536 0.325918269979155
1.537 0.328415588322122
1.538 0.330922426051724
1.539 0.333438305984819
1.54 0.335962750938265
1.541 0.338495283728919
1.542 0.341035427173637
1.543 0.343582704089278
1.544 0.3461366372927
1.545 0.348696749600759
1.546 0.351262563830312
1.547 0.353833602798218
1.548 0.356409389321334
1.549 0.358989446216517
1.55 0.361573296300624
1.551 0.364160462390513
1.552 0.366750467303042
1.553 0.369342833855067
1.554 0.371937084863447
1.555 0.374532743145037
1.556 0.377129331516698
1.557 0.379726372795285
1.558 0.382323389797655
1.559 0.384919905340666
1.56 0.387515442241176
1.561 0.390109523316043
1.562 0.392701671382122
1.563 0.395291409256273
1.564 0.397878259755352
1.565 0.400461747885881
1.566 0.403041609593824
1.567 0.405617964255848
1.568 0.408190971847854
1.569 0.410760792345743
1.57 0.413327585725413
1.571 0.415891511962766
1.572 0.418452731033703
1.573 0.421011402914123
1.574 0.423567687579926
1.575 0.426121745007013
1.576 0.428673735171284
1.577 0.43122381804864
1.578 0.433772153614981
1.579 0.436318901846206
1.58 0.438864222718218
1.581 0.441408276206914
1.582 0.443951222288197
1.583 0.446493220937966
1.584 0.449034432132122
1.585 0.451575015846564
1.586 0.454115132057194
1.587 0.45665494073991
1.588 0.459194601870615
1.589 0.461734275425208
1.59 0.464274121379589
1.591 0.466814299709659
1.592 0.469354970391318
1.593 0.471896293400467
1.594 0.474438428713004
1.595 0.476981536304831
1.596 0.479525776151849
1.597 0.482071308229956
1.598 0.484618274902395
1.599 0.487165365147284
1.6 0.489708752571024
1.601 0.492245470416694
1.602 0.494775785299185
1.603 0.497300549274373
1.604 0.499820614398139
1.605 0.502336832726361
1.606 0.504850056314919
1.607 0.507361137219692
1.608 0.509870927496559
1.609 0.512380279201398
1.61 0.51489004439009
1.611 0.517401075118513
1.612 0.519914223442546
1.613 0.522430341418069
1.614 0.52495028110096
1.615 0.527474894547099
1.616 0.530005033812365
1.617 0.532541550952636
1.618 0.535085298023793
1.619 0.537637127081714
1.62 0.540197890182279
1.621 0.542768439381365
1.622 0.545349626734853
1.623 0.547942304298622
1.624 0.550547324128551
1.625 0.553165538280518
1.626 0.555797798810404
1.627 0.558444957774087
1.628 0.561107867227446
1.629 0.56378737922636
1.63 0.566484345826709
1.631 0.569199619084371
1.632 0.571934051055226
1.633 0.574688493795152
1.634 0.57746379936003
1.635 0.580260819805738
1.636 0.583080407188155
1.637 0.58592341356316
1.638 0.588790690986633
1.639 0.591683091514452
1.64 0.594601467202498
1.641 0.597546670106647
1.642 0.600519552282781
1.643 0.603520965786777
1.644 0.606551762674517
1.645 0.609612795001876
1.646 0.612704914824737
1.647 0.615828974198977
1.648 0.618985825180476
1.649 0.622176319825112
1.65 0.625401118175562
1.651 0.628658858992982
1.652 0.631946970599586
1.653 0.635262864961129
1.654 0.638603954043373
1.655 0.641967649812075
1.656 0.645351364232995
1.657 0.64875250927189
1.658 0.652168496894521
1.659 0.655596739066645
1.66 0.659034647754022
1.661 0.66247963492241
1.662 0.665929112537568
1.663 0.66938049153708
1.664 0.672830779749888
1.665 0.676275971086195
1.666 0.679711902557587
1.667 0.68313441117565
1.668 0.686539333951973
1.669 0.689922507898145
1.67 0.693279770025751
1.671 0.696606957346379
1.672 0.699899906871616
1.673 0.70315473964855
1.674 0.70637050820066
1.675 0.709547994102702
1.676 0.712688001263107
1.677 0.715791333590304
1.678 0.718858794992725
1.679 0.721891189378797
1.68 0.724889320656952
1.681 0.72785399273562
1.682 0.730786009523231
1.683 0.733686174928214
1.684 0.736555292858999
1.685 0.739394167224018
1.686 0.742203601931699
1.687 0.744984400890473
1.688 0.747737368008769
1.689 0.750463307195019
1.69 0.753163022357651
1.691 0.755837317405096
1.692 0.758486996245783
1.693 0.761112862788144
1.694 0.763715720940608
1.695 0.766296374611604
1.696 0.768855627709563
1.697 0.771394284142915
1.698 0.77391314782009
1.699 0.776413022649518
1.7 0.778894712539628
1.701 0.781359021398852
1.702 0.783806753135619
1.703 0.786238711658359
1.704 0.788655700875501
1.705 0.791058524695477
1.706 0.793447987026716
1.707 0.795824891777648
1.708 0.798190042856702
1.709 0.800544244172311
1.71 0.802888299632903
1.711 0.805223013146906
1.712 0.807549188622754
1.713 0.809867629968874
1.714 0.812179141093698
1.715 0.814484525905655
1.716 0.816784588313175
1.717 0.819080132224688
1.718 0.821371961548625
1.719 0.823660880193414
1.72 0.825947692067487
1.721 0.828233201079273
1.722 0.830518211137203
1.723 0.832803526149706
1.724 0.835089950025212
1.725 0.837378286672152
1.726 0.839669339998955
1.727 0.84196383944684
1.728 0.84426062939101
1.729 0.846556568126247
1.73 0.848848419259984
1.731 0.851132946399649
1.732 0.853406914092822
1.733 0.855667834553459
1.734 0.857915311115298
1.735 0.860149309897437
1.736 0.862369797018974
1.737 0.864576738599004
1.738 0.866770100756624
1.739 0.868949849610931
1.74 0.871115951281022
1.741 0.873268371885995
1.742 0.875407077544946
1.743 0.877532034376971
1.744 0.879643208501167
1.745 0.881740566036632
1.746 0.883824073102463
1.747 0.885893695817755
1.748 0.887949400301606
1.749 0.889991152673113
1.75 0.892018919051373
1.751 0.894032665555481
1.752 0.896032358304537
1.753 0.898017963417635
1.754 0.899989447013874
1.755 0.901946775212349
1.756 0.903889914132158
1.757 0.905818829892398
1.758 0.907733488612164
1.759 0.909633856410555
1.76 0.911519899406668
1.761 0.913391583719597
1.762 0.915248875468443
1.763 0.917091740772299
1.764 0.918920145750264
1.765 0.920734056521434
1.766 0.922533439204907
1.767 0.924318259919778
1.768 0.926088484785146
1.769 0.927844079920106
1.77 0.929585011443756
1.771 0.931311245475192
1.772 0.933022748133511
1.773 0.93471948553781
1.774 0.936401423807187
1.775 0.938068529060737
1.776 0.939720767417558
1.777 0.941358104996745
1.778 0.942980507917398
1.779 0.944587942298612
1.78 0.946180374259484
1.781 0.94775776991911
1.782 0.949320095396588
1.783 0.950867316811016
1.784 0.952399400281488
1.785 0.953916311927102
1.786 0.955418017866956
1.787 0.956904484220146
1.788 0.958375677105768
1.789 0.95983156264292
1.79 0.961272106950699
1.791 0.962697276148201
1.792 0.964107036354523
1.793 0.965501353688762
1.794 0.966880194270015
1.795 0.968243524217379
1.796 0.96959130964995
1.797 0.970923516686826
1.798 0.972240111447103
1.799 0.973541060049878
1.8 0.974826328614248
1.801 0.97609588325931
1.802 0.977349690104161
1.803 0.978587715267897
1.804 0.979809924869615
1.805 0.981016285028413
1.806 0.982206761863387
1.807 0.983381321493634
1.808 0.98453993003825
1.809 0.985682553616333
1.81 0.986809158346979
1.811 0.987919710349286
1.812 0.98901417574235
1.813 0.990092520645267
1.814 0.991154711177136
1.815 0.992200713457053
1.816 0.993230493604113
1.817 0.994244017737416
1.818 0.995241251976056
1.819 0.996222162439132
1.82 0.997186715245739
1.821 0.998134876514975
1.822 0.999066612365937
1.823 0.999981888917721
1.824 1.00088067228942
1.825 1.00176292860014
1.826 1.00262862396898
1.827 1.00347772451502
1.828 1.00431019635737
1.829 1.00512600561512
1.83 1.00592511840737
1.831 1.00670750085323
1.832 1.00747311907177
1.833 1.00822193918211
1.834 1.00895392730333
1.835 1.00966904955454
1.836 1.01036727205483
1.837 1.01104856092329
1.838 1.01171288227904
1.839 1.01236020224115
1.84 1.01299048692873
1.841 1.01360370246088
1.842 1.01419981495669
1.843 1.01477879053527
1.844 1.01534059531569
1.845 1.01588519541707
1.846 1.0164125569585
1.847 1.01692264605908
1.848 1.0174154288379
1.849 1.01789087141406
1.85 1.01834893990666
1.851 1.0187896004348
1.852 1.01921281911756
1.853 1.01961856207405
1.854 1.02000679542337
1.855 1.02037748528461
1.856 1.02073059777686
1.857 1.02106609901923
1.858 1.02138395513082
1.859 1.02168413223071
1.86 1.02196659643801
1.861 1.02223131387181
1.862 1.02247825065121
1.863 1.02270737289531
1.864 1.0229186467232
1.865 1.02311203825398
1.866 1.02328751360675
1.867 1.0234450389006
1.868 1.02358458025463
1.869 1.02370610378794
1.87 1.02380957561962
1.871 1.02389496186878
1.872 1.0239622286545
1.873 1.02401134209588
1.874 1.02404226831203
1.875 1.02405497342204
1.876 1.024049423545
1.877 1.02402558480002
1.878 1.02398342330618
1.879 1.02392290518259
1.88 1.02384399654834
1.881 1.02374666352254
1.882 1.02363087222427
1.883 1.02349658877263
1.884 1.02334377928672
1.885 1.02317240988564
1.886 1.02298244668848
1.887 1.02277385581434
1.888 1.02254660338233
1.889 1.02230065551152
1.89 1.02203597832103
1.891 1.02175253792994
1.892 1.02145030045736
1.893 1.02112923202238
1.894 1.0207892987441
1.895 1.02043046674162
1.896 1.02005270213403
1.897 1.01965597104042
1.898 1.0192402395799
1.899 1.01880547387157
1.9 1.01835164003452
1.901 1.01787870418784
1.902 1.01738663245063
1.903 1.016875390942
1.904 1.01634494578103
1.905 1.01579526308683
1.906 1.01522630897848
1.907 1.0146380495751
1.908 1.01403045099577
1.909 1.01340347935959
1.91 1.01275710078566
1.911 1.01209128505303
1.912 1.01140602422223
1.913 1.01070131873872
1.914 1.00997716906315
1.915 1.00923357565617
1.916 1.00847053897845
1.917 1.00768805949063
1.918 1.00688613765336
1.919 1.00606477392731
1.92 1.00522396877313
1.921 1.00436372265147
1.922 1.00348403602298
1.923 1.00258490934832
1.924 1.00166634308815
1.925 1.00072833770311
1.926 0.999770893653864
1.927 0.998794011401064
1.928 0.997797691405364
1.929 0.996781934127418
1.93 0.995746740027881
1.931 0.994692109567406
1.932 0.993618043206649
1.933 0.992524541406262
1.934 0.9914116046269
1.935 0.990279233329218
1.936 0.98912742797387
1.937 0.987956189021509
1.938 0.98676551693279
1.939 0.985555412168367
1.94 0.984325875188894
1.941 0.983076906455027
1.942 0.981808506427417
1.943 0.98052067556672
1.944 0.979213414333591
1.945 0.977886723188683
1.946 0.97654060259265
1.947 0.975175053006146
1.948 0.973790074889827
1.949 0.972385668704346
1.95 0.970961834910356
1.951 0.969518573968513
1.952 0.96805588633947
1.953 0.966573772483883
1.954 0.965072232862404
1.955 0.963551267935687
1.956 0.962010878164389
1.957 0.960451064009162
1.958 0.95887182593066
1.959 0.957273164389538
1.96 0.955655079846449
1.961 0.95401757276205
1.962 0.952360643596992
1.963 0.950684292811932
1.964 0.948988520867521
1.965 0.947273328224416
1.966 0.94553871534327
1.967 0.943784682684737
1.968 0.942011230709471
1.969 0.940218359878128
1.97 0.93840607065136
1.971 0.936574363489822
1.972 0.934723238854168
1.973 0.932852697205052
1.974 0.93096273900313
1.975 0.929053364709054
1.976 0.927124574783478
1.977 0.925176369687058
1.978 0.923208749880448
1.979 0.921221715824301
1.98 0.919215267979271
1.981 0.917189406806013
1.982 0.915144132765181
1.983 0.91307944631743
1.984 0.910995347923412
1.985 0.908891893904402
1.986 0.906769363114523
1.987 0.904628089814633
1.988 0.902468408265587
1.989 0.900290652728244
1.99 0.898095157463461
1.991 0.895882256732094
1.992 0.893652284795002
1.993 0.891405575913041
1.994 0.889142464347069
1.995 0.886863284357942
1.996 0.884568370206518
1.997 0.882258056153654
1.998 0.879932676460208
1.999 0.877592565387035
2 0.875238057194994
2.001 0.872869486144942
2.002 0.870487186497736
2.003 0.868091492514232
2.004 0.865682738455289
2.005 0.863261258581763
2.006 0.860827387154513
2.007 0.858381458434394
2.008 0.855923806682263
2.009 0.853454766158978
2.01 0.850974671125397
2.011 0.848483855842376
2.012 0.845982654570773
2.013 0.843471401571446
2.014 0.84095043110525
2.015 0.838420077433043
2.016 0.835880674815681
2.017 0.833332557514024
2.018 0.830776059788928
2.019 0.82821151590125
2.02 0.825639260111847
2.021 0.823059626681575
2.022 0.820472949871293
2.023 0.817879563941858
2.024 0.815279803154126
2.025 0.812674001768956
2.026 0.810062635657542
2.027 0.807446831325102
2.028 0.804827902020952
2.029 0.802207161010429
2.03 0.799585921558875
2.031 0.796965496931627
2.032 0.794347200394021
2.033 0.7917323452114
2.034 0.789122244649099
2.035 0.786518211972459
2.036 0.783921560446817
2.037 0.781333603337511
2.038 0.778755653909881
2.039 0.776189025429265
2.04 0.773635031161001
2.041 0.771094984370428
2.042 0.768570198322885
2.043 0.76606198628371
2.044 0.763571661518242
2.045 0.761100537291818
2.046 0.758649926869779
2.047 0.756221143517461
2.048 0.753815500500204
2.049 0.751434311083346
2.05 0.749078888532226
2.051 0.746750546112183
2.052 0.744450545318065
2.053 0.74217895365885
2.054 0.739934642841148
2.055 0.737716432437774
2.056 0.735523142021545
2.057 0.73335359116528
2.058 0.731206599441797
2.059 0.729080986423912
2.06 0.726975571684443
2.061 0.724889174796207
2.062 0.722820615332023
2.063 0.720768712864707
2.064 0.718732286967077
2.065 0.716710157211951
2.066 0.714701143172146
2.067 0.712704064420479
2.068 0.710717740529769
2.069 0.708740991072831
2.07 0.706772635622485
2.071 0.704811493751548
2.072 0.702856385032835
2.073 0.700906129039168
2.074 0.698959545343361
2.075 0.697015453518232
2.076 0.6950726731366
2.077 0.693130023771279
2.078 0.691186324995092
2.079 0.689240396380852
2.08 0.687291057501378
2.081 0.685337127929488
2.082 0.683377427237999
2.083 0.681410774999729
2.084 0.679435990787495
2.085 0.677451894174113
2.086 0.675457304732403
2.087 0.673451042035182
2.088 0.671431925655266
2.089 0.669398775165473
2.09 0.667350410138623
2.091 0.66528565014753
2.092 0.663203314765013
2.093 0.661102223563889
2.094 0.658981196116977
2.095 0.656839051997094
2.096 0.654674610777055
2.097 0.652486929915434
2.098 0.650276958682168
2.099 0.648046549554529
2.1 0.645797560598796
2.101 0.643531849881248
2.102 0.641251275468167
2.103 0.638957695425832
2.104 0.636652967820522
2.105 0.634338950718519
2.106 0.632017502186101
2.107 0.629690480289548
2.108 0.627359743095141
2.109 0.625027148669157
2.11 0.62269455507788
2.111 0.620363820387587
2.112 0.618036606926979
2.113 0.615713396707903
2.114 0.613394231492335
2.115 0.611079152290626
2.116 0.608768200113131
2.117 0.606461415970202
2.118 0.604158840872193
2.119 0.601860515829457
2.12 0.599566481852346
2.121 0.597276779951215
2.122 0.594991451136416
2.123 0.592710536418302
2.124 0.590434076807226
2.125 0.588162113313541
2.126 0.585894686947602
2.127 0.58363183871976
2.128 0.581373609640369
2.129 0.579120040719782
2.13 0.576871172968352
2.131 0.574627047396433
2.132 0.572387705014377
2.133 0.570153186832535
2.134 0.567923533861265
2.135 0.565698787110918
2.136 0.563478987591845
2.137 0.561264176314403
2.138 0.559054394288943
2.139 0.556849682525817
2.14 0.55465008203538
2.141 0.552455633827984
2.142 0.550266378913983
2.143 0.548082358303731
2.144 0.545903613007578
2.145 0.54373018403588
2.146 0.541562112398988
2.147 0.539399439107257
2.148 0.537242205171039
2.149 0.535090451600687
2.15 0.532944219406555
2.151 0.530803549598997
2.152 0.528668483188364
2.153 0.526539061185009
2.154 0.524415324599286
2.155 0.522297314441549
2.156 0.520185071722151
2.157 0.518078637451443
2.158 0.51597805263978
2.159 0.513883358297516
2.16 0.511794595435001
2.161 0.509711805062591
2.162 0.507635028190637
2.163 0.505564305829495
2.164 0.503499678989515
2.165 0.501441188681051
2.166 0.499388875914457
2.167 0.497342781700087
2.168 0.495302947087908
2.169 0.493269440444436
2.17 0.491242405090607
2.171 0.48922199708962
2.172 0.48720837250467
2.173 0.485201687398952
2.174 0.483202097835665
2.175 0.481209759878005
2.176 0.479224829589168
2.177 0.47724746303235
2.178 0.475277816270748
2.179 0.473316045367558
2.18 0.471362306385978
2.181 0.469416755389202
2.182 0.467479548440429
2.183 0.465550841602855
2.184 0.463630790939674
2.185 0.461719552514087
2.186 0.459817282389285
2.187 0.457924136628469
2.188 0.456040271294834
2.189 0.454165842451575
2.19 0.45230100616189
2.191 0.450445917483923
2.192 0.448600623678993
2.193 0.446764969698088
2.194 0.444938778202246
2.195 0.443121871852513
2.196 0.441314073309929
2.197 0.439515205235536
2.198 0.437725090290378
2.199 0.435943551135497
2.2 0.434170410431934
2.201 0.432405490840732
2.202 0.430648615022933
2.203 0.42889960563958
2.204 0.427158285351714
2.205 0.425424476820378
2.206 0.423698002706615
2.207 0.421978685671465
2.208 0.420266348375973
2.209 0.418560813481179
2.21 0.416861903648126
2.211 0.415169441537857
2.212 0.413483249811414
2.213 0.411803151129838
2.214 0.410128968154174
2.215 0.40846052354546
2.216 0.406797639964742
2.217 0.405140140073061
2.218 0.403487846531459
2.219 0.401840582000978
2.22 0.400198169142662
2.221 0.39856043061755
2.222 0.396927189086688
2.223 0.395298267211115
2.224 0.393673487651876
2.225 0.392052673070011
2.226 0.390435646126563
2.227 0.388822229482575
2.228 0.387212245799089
2.229 0.385605517737146
2.23 0.384001867957791
2.231 0.382401119122063
2.232 0.380803093891006
2.233 0.379207614925662
2.234 0.377614534180203
2.235 0.376023950114541
2.236 0.374436084616779
2.237 0.372851160495236
2.238 0.371269400558235
2.239 0.369691027614093
2.24 0.368116264471131
2.241 0.36654533393767
2.242 0.364978458822029
2.243 0.36341586193253
2.244 0.361857766077491
2.245 0.360304394065232
2.246 0.358755968704076
2.247 0.35721271280234
2.248 0.355674849168346
2.249 0.354142600610413
2.25 0.35261618993686
2.251 0.351095839956011
2.252 0.349581773476183
2.253 0.348074213305696
2.254 0.346573382252873
2.255 0.345079503126031
2.256 0.343592798733491
2.257 0.342113491883574
2.258 0.340641805384599
2.259 0.339177962044887
2.26 0.337722184672758
2.261 0.336274696076531
2.262 0.334835719064529
2.263 0.333405476445068
2.264 0.331984191026472
2.265 0.330572085617058
2.266 0.329169383025148
2.267 0.327776306059061
2.268 0.326393077527119
2.269 0.32501992023764
2.27 0.323657056998946
2.271 0.322304710619354
2.272 0.320963103907188
2.273 0.319632459670766
2.274 0.318313000718408
2.275 0.317004949858435
2.276 0.315708529899167
2.277 0.314423963648923
2.278 0.313151473916025
2.279 0.311891283508791
2.28 0.31064361062735
2.281 0.309408545762586
2.282 0.308186038318991
2.283 0.306976030409114
2.284 0.305778464145503
2.285 0.304593281640704
2.286 0.303420425007266
2.287 0.302259836357735
2.288 0.30111145780466
2.289 0.299975231460588
2.29 0.298851099438066
2.291 0.297739003849643
2.292 0.296638886807865
2.293 0.29555069042528
2.294 0.294474356814438
2.295 0.293409828087882
2.296 0.292357046358164
2.297 0.291315953737828
2.298 0.290286492339424
2.299 0.289268604275499
2.3 0.2882622316586
2.301 0.287267316601274
2.302 0.286283801216071
2.303 0.285311627615536
2.304 0.284350737912217
2.305 0.283401074218663
2.306 0.282462578647421
2.307 0.281535193311038
2.308 0.280618860322062
2.309 0.279713521793039
2.31 0.27881911983652
2.311 0.27793559656505
2.312 0.277062894091177
2.313 0.276200954527448
2.314 0.275349719986412
2.315 0.274509132580616
2.316 0.273679134422607
2.317 0.272859667624933
2.318 0.272050674300142
2.319 0.271252096560781
2.32 0.270463876519398
2.321 0.269685956288539
2.322 0.268918277980754
2.323 0.268160783708589
2.324 0.267413415584592
2.325 0.266676115721311
2.326 0.265948826231293
2.327 0.265231489227085
2.328 0.264524046821236
2.329 0.263826441126292
2.33 0.263138614254802
2.331 0.262460508319313
2.332 0.261792065432372
2.333 0.261133227706527
2.334 0.260483937254327
2.335 0.259844136188317
2.336 0.259213766621046
2.337 0.258592770665062
2.338 0.257981090432911
2.339 0.257378668037142
2.34 0.256785445590302
2.341 0.256201365204939
2.342 0.2556263689936
2.343 0.255060399068833
2.344 0.254503397543185
2.345 0.253955306529204
2.346 0.253416068139438
2.347 0.252885624486434
2.348 0.252363917682739
2.349 0.251850889840901
2.35 0.251346483073469
2.351 0.250850639492988
2.352 0.250363301212001
2.353 0.24988441003793
2.354 0.249413906659512
2.355 0.248951731509167
2.356 0.248497825019314
2.357 0.248052127622374
2.358 0.247614579750767
2.359 0.247185121836913
2.36 0.246763694313232
2.361 0.246350237612143
2.362 0.245944692166068
2.363 0.245546998407426
2.364 0.245157096768637
2.365 0.244774927682121
2.366 0.244400431580298
2.367 0.244033548895588
2.368 0.243674220060412
2.369 0.243322385507189
2.37 0.24297798566834
2.371 0.242640960976284
2.372 0.242311251863441
2.373 0.241988798762232
2.374 0.241673542105076
2.375 0.241365422324394
2.376 0.241064379852606
2.377 0.240770355122132
2.378 0.240483288565391
2.379 0.240203120614804
2.38 0.239929791702791
2.381 0.239663242261772
2.382 0.239403412724167
2.383 0.239150243522395
2.384 0.238903675088878
2.385 0.238663647856035
2.386 0.238430102256286
2.387 0.238202978722051
2.388 0.23798221768575
2.389 0.237767759579804
2.39 0.237559544836632
2.391 0.237357513888654
2.392 0.237161607168291
2.393 0.236971765107962
2.394 0.236787928140087
2.395 0.236610036697087
2.396 0.236438031211382
2.397 0.236271852115391
2.398 0.236111439841536
2.399 0.235956734822234
2.4 0.235807677489908
2.401 0.235664208276976
2.402 0.235526267615859
2.403 0.235393795938977
2.404 0.235266733678751
2.405 0.235145021267599
2.406 0.235028599137942
2.407 0.2349174077222
2.408 0.234811387452793
2.409 0.234710478762142
2.41 0.234614622082666
2.411 0.234523757846785
2.412 0.234437826486919
2.413 0.234356768435489
2.414 0.234280524124914
2.415 0.234209033987615
2.416 0.234142238456011
2.417 0.234080077962523
2.418 0.23402249293957
2.419 0.233969423819573
2.42 0.233920811034951
2.421 0.233876595018126
2.422 0.233836716201516
2.423 0.233801115017542
2.424 0.233769731898624
2.425 0.233742507277182
2.426 0.233719381585635
2.427 0.233700295256405
2.428 0.233685188721911
2.429 0.233674002414573
2.43 0.233666676766811
2.431 0.233663152211046
2.432 0.233663369179696
2.433 0.233667268105183
2.434 0.233674789419926
2.435 0.233685873556346
2.436 0.233700460946862
2.437 0.233718492023895
2.438 0.233739907219864
2.439 0.233764646967189
2.44 0.233792651698292
2.441 0.233823861845591
2.442 0.233858217841506
2.443 0.233895660118459
2.444 0.233936129108868
2.445 0.233979565245154
2.446 0.234025908959737
2.447 0.234075100685037
2.448 0.234127080853473
2.449 0.234181789897467
2.45 0.234239168249438
2.451 0.234299156341806
2.452 0.234361694606992
2.453 0.234426723477414
2.454 0.234494188604662
2.455 0.234564081630096
2.456 0.234636418116003
2.457 0.23471121382967
2.458 0.234788484538382
2.459 0.234868246009428
2.46 0.234950514010095
2.461 0.235035304307669
2.462 0.235122632669438
2.463 0.235212514862689
2.464 0.235304966654708
2.465 0.235400003812783
2.466 0.235497642104201
2.467 0.23559789729625
2.468 0.235700785156215
2.469 0.235806321451384
2.47 0.235914521949045
2.471 0.236025402416484
2.472 0.236138978620989
2.473 0.236255266329845
2.474 0.236374281310342
2.475 0.236496039329765
2.476 0.236620556155401
2.477 0.236747847554539
2.478 0.236877929294464
2.479 0.237010817142464
2.48 0.237146526865826
2.481 0.237285074231838
2.482 0.237426475007785
2.483 0.237570744960955
2.484 0.237717899858636
2.485 0.237867955468114
2.486 0.238020927556677
2.487 0.238176831891611
2.488 0.238335684240203
2.489 0.238497500369741
2.49 0.238662296047512
2.491 0.238830087040802
2.492 0.2390008891169
2.493 0.239174718043091
2.494 0.239351589586664
2.495 0.239531519514904
2.496 0.2397145235951
2.497 0.239900617594537
2.498 0.240089817280504
2.499 0.240282138420288
2.5 0.240477596781175
2.501 0.240676208130452
2.502 0.240877988235407
2.503 0.241082952863326
2.504 0.241291117781498
2.505 0.241502498757208
2.506 0.241717111557744
2.507 0.241934971950392
2.508 0.242156095702441
2.509 0.242380498581177
2.51 0.242608196353887
2.511 0.242839204787859
2.512 0.243073539650378
2.513 0.243311216708734
2.514 0.243552251730211
2.515 0.243796660482098
2.516 0.244044458731682
2.517 0.244295662246249
2.518 0.244550286793087
2.519 0.244808348139483
2.52 0.245069862052723
2.521 0.245334844300096
2.522 0.245603310648888
2.523 0.245875276866386
2.524 0.246150758719877
2.525 0.246429771976648
2.526 0.246712332403987
2.527 0.24699845576918
2.528 0.247288157839514
2.529 0.247581454382277
2.53 0.247878361164756
2.531 0.248178893954237
2.532 0.248483068518008
2.533 0.248790900623356
2.534 0.249102406037568
2.535 0.249417600527931
2.536 0.249736499861732
2.537 0.250059119806258
2.538 0.250385476128796
2.539 0.250715584596633
2.54 0.251049460977057
2.541 0.251387121037355
2.542 0.251728580544812
2.543 0.252073855266718
2.544 0.252422960970358
2.545 0.25277591342302
2.546 0.25313272839199
2.547 0.253493421644556
2.548 0.253858008948006
2.549 0.254226506069625
2.55 0.254598928776701
2.551 0.254975292836522
2.552 0.255355614016373
2.553 0.255739908083544
2.554 0.256128190805319
2.555 0.256520477948987
2.556 0.256916785281834
2.557 0.257317128571148
2.558 0.257721523584216
2.559 0.258129986088324
2.56 0.25854253185076
2.561 0.258959176638811
2.562 0.259379936219764
2.563 0.259804826360906
2.564 0.260233862829525
2.565 0.260667061392906
2.566 0.261104437818337
2.567 0.261546007873106
2.568 0.261991787324499
2.569 0.262441791939804
2.57 0.262896037486307
2.571 0.263354539731296
2.572 0.263817314442058
2.573 0.264284377385879
2.574 0.264755744330047
2.575 0.26523143104185
2.576 0.265711453288572
2.577 0.266195826837504
2.578 0.26668456745593
2.579 0.267177690911138
2.58 0.26767522700279
2.581 0.26817726996781
2.582 0.268683932527878
2.583 0.269195327406244
2.584 0.269711567326156
2.585 0.270232765010865
2.586 0.270759033183619
2.587 0.271290484567666
2.588 0.271827231886257
2.589 0.27236938786264
2.59 0.272917065220064
2.591 0.273470376681779
2.592 0.274029434971033
2.593 0.274594352811075
2.594 0.275165242925155
2.595 0.275742218036522
2.596 0.276325390868424
2.597 0.276914874144111
2.598 0.277510780586832
2.599 0.278113222919836
2.6 0.278722313866372
2.601 0.279338166149689
2.602 0.279960892493036
2.603 0.280590605619662
2.604 0.281227418252817
2.605 0.281871443115748
2.606 0.282522792931707
2.607 0.283181580423941
2.608 0.283847918315699
2.609 0.284521919330231
2.61 0.285203696190786
2.611 0.285893361620612
2.612 0.28659102834296
2.613 0.287296809081076
2.614 0.288010816558213
2.615 0.288733163497617
2.616 0.289463962622539
2.617 0.290203326656226
2.618 0.290951368321929
2.619 0.291708200342897
2.62 0.292473935442378
2.621 0.293248686343621
2.622 0.294032565769876
2.623 0.294825686444391
2.624 0.295628161090416
2.625 0.296440102431201
2.626 0.297261623189993
2.627 0.298092836090041
2.628 0.298933853854597
2.629 0.299784789206906
2.63 0.30064575487022
2.631 0.301516863567788
2.632 0.302398228022857
2.633 0.303289960958679
2.634 0.3041921750985
2.635 0.305104983165571
2.636 0.306028497883141
2.637 0.306962831974458
2.638 0.307908098162772
2.639 0.308864409171332
2.64 0.309831877723387
2.641 0.310810616542186
2.642 0.311800738350977
2.643 0.312802355873011
2.644 0.313815581831536
2.645 0.314840528949801
2.646 0.315877309951056
2.647 0.316926037558549
2.648 0.317986824495529
2.649 0.319059783485247
2.65 0.320145027250949
2.651 0.321242668515886
2.652 0.322352820003308
2.653 0.323475594436461
2.654 0.324611104538597
2.655 0.325759463032964
2.656 0.326920782642811
2.657 0.328095176091387
2.658 0.329282756101941
2.659 0.330483635397722
2.66 0.331697926701981
2.661 0.332925742737963
2.662 0.334167196228921
2.663 0.335422399898102
2.664 0.336691466468756
2.665 0.33797450709956
2.666 0.339271467013406
2.667 0.340581981026958
2.668 0.341905649895228
2.669 0.343242074373228
2.67 0.344590855215972
2.671 0.345951593178473
2.672 0.347323889015744
2.673 0.348707343482798
2.674 0.350101557334648
2.675 0.351506131326307
2.676 0.352920666212788
2.677 0.354344762749103
2.678 0.355778021690267
2.679 0.357220043791292
2.68 0.358670429807191
2.681 0.360128780492978
2.682 0.361594696603664
2.683 0.363067778894263
2.684 0.364547628119789
2.685 0.366033845035253
2.686 0.367526030395671
2.687 0.369023784956053
2.688 0.370526709471413
2.689 0.372034404696766
2.69 0.373546471387122
2.691 0.375062510297495
2.692 0.3765821221829
2.693 0.378104907798346
2.694 0.379630467898851
2.695 0.381158403239424
2.696 0.38268831457508
2.697 0.384219802660831
2.698 0.385752468251691
2.699 0.387285912102672
2.7 0.388819734968789
2.701 0.390353537605052
2.702 0.391886920766477
2.703 0.393419496914938
2.704 0.394950984953239
2.705 0.396481160579355
2.706 0.398009800023371
2.707 0.399536679515378
2.708 0.401061575285462
2.709 0.402584263563709
2.71 0.404104520580211
2.711 0.405622122565052
2.712 0.407136845748322
2.713 0.408648466360108
2.714 0.410156760630497
2.715 0.411661504789577
2.716 0.413162475067438
2.717 0.414659447694163
2.718 0.416152198899845
2.719 0.417640504914568
2.72 0.419124141968422
2.721 0.420602886291493
2.722 0.422076514113869
2.723 0.42354480166564
2.724 0.425007525176891
2.725 0.42646446087771
2.726 0.427915384998187
2.727 0.429360073768408
2.728 0.43079830341846
2.729 0.432229850178433
2.73 0.433654490278412
2.731 0.435071999948487
2.732 0.436482155418745
2.733 0.437884732919273
2.734 0.439279508680161
2.735 0.440666258931494
2.736 0.442044759903361
2.737 0.44341478782585
2.738 0.444776118929047
2.739 0.446128529443043
2.74 0.447471795597923
2.741 0.448805693623776
2.742 0.450129999750689
2.743 0.45144449020875
2.744 0.452748941461731
2.745 0.454043267724023
2.746 0.455327752866559
2.747 0.456602742123642
2.748 0.457868580729569
2.749 0.459125613918641
2.75 0.460374186925158
2.751 0.461614644983419
2.752 0.462847333327724
2.753 0.464072597192372
2.754 0.465290781811663
2.755 0.466502232419898
2.756 0.467707294251376
2.757 0.468906312540396
2.758 0.470099632521258
2.759 0.471287599428262
2.76 0.472470558495708
2.761 0.473648854957896
2.762 0.474822834049124
2.763 0.475992841003693
2.764 0.477159221055903
2.765 0.478322319440053
2.766 0.479482481390443
2.767 0.480640052141373
2.768 0.481795376927142
2.769 0.482948800982051
2.77 0.484100669540398
2.771 0.485251327836484
2.772 0.486401121104608
2.773 0.487550394579071
2.774 0.488699493494171
2.775 0.489848763084209
2.776 0.490998548583484
2.777 0.492149195226296
2.778 0.493301048246944
2.779 0.49445445287973
2.78 0.495609754358951
2.781 0.496767297918908
2.782 0.497927428793901
2.783 0.499090492218228
2.784 0.500256833426191
2.785 0.501426797652089
2.786 0.50260073013022
2.787 0.503778976094887
2.788 0.504961880780387
2.789 0.506149789421021
2.79 0.507343047251088
2.791 0.508541999504888
2.792 0.509746991416721
2.793 0.510958368220887
2.794 0.512176445944033
2.795 0.513401352875931
2.796 0.514633143031844
2.797 0.515871870242943
2.798 0.517117588340403
2.799 0.518370351155394
2.8 0.519630212519088
2.801 0.520897226262659
2.802 0.522171446217277
2.803 0.523452926214116
2.804 0.524741720084347
2.805 0.526037881659143
2.806 0.527341464769676
2.807 0.528652523247118
2.808 0.529971110922641
2.809 0.531297281627418
2.81 0.53263108919262
2.811 0.53397258744942
2.812 0.53532183022899
2.813 0.536678871362503
2.814 0.53804376468113
2.815 0.539416564016044
2.816 0.540797323198416
2.817 0.54218609605942
2.818 0.543582936430226
2.819 0.544987898142009
2.82 0.546401035025939
2.821 0.547822400913189
2.822 0.549252049634931
2.823 0.550690035022337
2.824 0.55213641090658
2.825 0.553591231118831
2.826 0.555054549490263
2.827 0.556526419852048
2.828 0.558006896035358
2.829 0.559496031871366
2.83 0.560993881191244
2.831 0.562500497826163
2.832 0.564015935607296
2.833 0.565540248365817
2.834 0.567073489932893
2.835 0.568615714139703
2.836 0.570166974817414
2.837 0.571727325797201
2.838 0.573296820910235
2.839 0.574875513987688
2.84 0.576463458860732
2.841 0.578060709360541
2.842 0.579667319318285
2.843 0.581283342565138
2.844 0.582908832932271
2.845 0.584543844250856
2.846 0.586188430352067
2.847 0.587842645067074
2.848 0.589506542227051
2.849 0.591180175663169
2.85 0.592863599206601
2.851 0.594556866688519
2.852 0.596260035919854
2.853 0.597973213897719
2.854 0.599696540796921
2.855 0.601430157413911
2.856 0.603174204545144
2.857 0.604928822987071
2.858 0.606694153536145
2.859 0.608470336988819
2.86 0.610257514141544
2.861 0.612055825790775
2.862 0.613865412732963
2.863 0.61568641576456
2.864 0.617518975682021
2.865 0.619363233281797
2.866 0.621219329360341
2.867 0.623087404714106
2.868 0.624967600139543
2.869 0.626860056433106
2.87 0.628764914391248
2.871 0.63068231481042
2.872 0.632612398487077
2.873 0.634555306217669
2.874 0.63651117879865
2.875 0.638480157026473
2.876 0.64046238169759
2.877 0.642457993608454
2.878 0.644467133555517
2.879 0.646489942335231
2.88 0.648526560744051
2.881 0.650577129578428
2.882 0.652641789634814
2.883 0.654720681709664
2.884 0.656813946599427
2.885 0.658921725100559
2.886 0.661044158009511
2.887 0.663181386122735
2.888 0.665333550236686
2.889 0.667500791086733
2.89 0.669683067689149
2.891 0.671879757381809
2.892 0.674090121358171
2.893 0.676313420811692
2.894 0.678548916935831
2.895 0.68079587092404
2.896 0.683053543969784
2.897 0.685321197266515
2.898 0.687598092007691
2.899 0.689883489386771
2.9 0.692176650597211
2.901 0.694476836832469
2.902 0.696783309286002
2.903 0.699095329151267
2.904 0.701412157621723
2.905 0.703733055890826
2.906 0.706057285152033
2.907 0.708384106598803
2.908 0.710712781424591
2.909 0.713042570822856
2.91 0.715372735987057
2.911 0.717702538110646
2.912 0.720031238387086
2.913 0.722358098009831
2.914 0.724682378172339
2.915 0.727003340068069
2.916 0.729320244890477
2.917 0.731632353833019
2.918 0.733938972603495
2.919 0.736239912887375
2.92 0.738535307427696
2.921 0.74082529408186
2.922 0.743110010707276
2.923 0.745389595161351
2.924 0.74766418530149
2.925 0.749933918985102
2.926 0.752198934069592
2.927 0.754459368412365
2.928 0.756715359870832
2.929 0.758967046302397
2.93 0.761214565564467
2.931 0.763458055514449
2.932 0.765697654009749
2.933 0.767933498907774
2.934 0.770165728065932
2.935 0.772394479341627
2.936 0.774619890592268
2.937 0.776842099675261
2.938 0.779061244448012
2.939 0.781277462767929
2.94 0.783490892492418
2.941 0.785701671478885
2.942 0.787909937584738
2.943 0.790115828667382
2.944 0.792319482584226
2.945 0.794521037192674
2.946 0.796720630350134
2.947 0.798918399914015
2.948 0.80111448374172
2.949 0.803309019690656
2.95 0.805502145618234
2.951 0.807693999381853
2.952 0.809884718838928
2.953 0.81207444184686
2.954 0.814263306263058
2.955 0.816451449944929
2.956 0.818639010749878
2.957 0.820826126535312
2.958 0.82301293515864
2.959 0.825199574477264
2.96 0.827386182348597
2.961 0.82957289663004
2.962 0.831759855179003
2.963 0.833947195852892
2.964 0.836135056509113
2.965 0.838323575005073
2.966 0.840512869368864
2.967 0.842702859975365
2.968 0.844893353728627
2.969 0.84708415618308
2.97 0.849275072893154
2.971 0.851465909413282
2.972 0.853656471297893
2.973 0.855846564101418
2.974 0.85803599337829
2.975 0.860224564682937
2.976 0.862412083569794
2.977 0.864598355593289
2.978 0.866783186307853
2.979 0.868966381267919
2.98 0.871147746027915
2.981 0.873327086142275
2.982 0.875504207165429
2.983 0.877678914651807
2.984 0.879851014155841
2.985 0.882020311231962
2.986 0.8841866114346
2.987 0.886349720318188
2.988 0.888509443437154
2.989 0.890665586345933
2.99 0.892817954598952
2.991 0.894966353750645
2.992 0.897110589355442
2.993 0.899250466967772
2.994 0.901385792142069
2.995 0.903516370432763
2.996 0.905642087528926
2.997 0.907763312726973
2.998 0.9098805958402
2.999 0.911994486991669
3 0.91410553630444
3.001 0.916214293901572
3.002 0.918321309906125
3.003 0.920427134441161
3.004 0.922532317629736
3.005 0.924637409594915
3.006 0.926742960459754
3.007 0.928849520347314
3.008 0.930957639380656
3.009 0.933067867682839
3.01 0.935180755376924
3.011 0.937296852585971
3.012 0.939416709433036
3.013 0.941540876041186
3.014 0.943669902533476
3.015 0.945804339032967
3.016 0.94794473566272
3.017 0.950091642545793
3.018 0.952245609805247
3.019 0.954407187564144
3.02 0.95657692594554
3.021 0.958755375072498
3.022 0.960943085068078
3.023 0.963140606055338
3.024 0.96534848815734
3.025 0.967567281497143
3.026 0.969797536197806
3.027 0.972039802382392
3.028 0.974294630173956
3.029 0.976562569695564
3.03 0.978844171070272
3.031 0.98113998442114
3.032 0.983450559871231
3.033 0.985776447543601
3.034 0.988118197561313
3.035 0.990476360047427
3.036 0.992851485124999
3.037 0.995244122917094
3.038 0.997654823546769
3.039 1.00008413713709
3.04 1.0025326138111
3.041 1.00500080369188
3.042 1.00748918889818
3.043 1.00999763958333
3.044 1.01252570208612
3.045 1.01507291979782
3.046 1.0176388361097
3.047 1.02022299441303
3.048 1.02282493809907
3.049 1.02544421055909
3.05 1.02808035518437
3.051 1.03073291536616
3.052 1.03340143449573
3.053 1.03608545596436
3.054 1.03878452316331
3.055 1.04149817948385
3.056 1.04422596831725
3.057 1.04696743305476
3.058 1.04972211708767
3.059 1.05248956380724
3.06 1.05526931660473
3.061 1.05806091887142
3.062 1.06086391399857
3.063 1.06367784537745
3.064 1.06650225639932
3.065 1.06933669045546
3.066 1.07218069093714
3.067 1.07503380123561
3.068 1.07789556600513
3.069 1.0807655395575
3.07 1.08364328066288
3.071 1.08652834811543
3.072 1.08942030070931
3.073 1.09231869723864
3.074 1.09522309649759
3.075 1.0981330572803
3.076 1.10104813838092
3.077 1.1039678985936
3.078 1.10689189671248
3.079 1.10981969153172
3.08 1.11275084184545
3.081 1.11568490644783
3.082 1.11862144413301
3.083 1.12156001369513
3.084 1.12450017392835
3.085 1.1274414836268
3.086 1.13038350158464
3.087 1.13332578659601
3.088 1.13626789745507
3.089 1.13920939295596
3.09 1.14214983189283
3.091 1.14508877305982
3.092 1.14802577525109
3.093 1.15096039468645
3.094 1.15389181794536
3.095 1.15681848009414
3.096 1.15973872497064
3.097 1.16265089641276
3.098 1.16555333825837
3.099 1.16844439434536
3.1 1.1713224085116
3.101 1.17418572459498
3.102 1.17703268643338
3.103 1.17986163786467
3.104 1.18267092272674
3.105 1.18545888485747
3.106 1.18822386809474
3.107 1.19096427045691
3.108 1.19367950836983
3.109 1.19636990422131
3.11 1.19903581199403
3.111 1.20167758567067
3.112 1.2042955792339
3.113 1.20689014666641
3.114 1.20946164195087
3.115 1.21201041906996
3.116 1.21453683200636
3.117 1.21704123474274
3.118 1.21952398126178
3.119 1.22198542554616
3.12 1.22442592157857
3.121 1.22684582334166
3.122 1.22924548481814
3.123 1.23162525999066
3.124 1.23398550284191
3.125 1.23632656735457
3.126 1.23864880751131
3.127 1.24095257729481
3.128 1.24323823068776
3.129 1.24550612167282
3.13 1.24775660423268
3.131 1.24999003235001
3.132 1.25220676000749
3.133 1.2544071411878
3.134 1.25659152987362
3.135 1.25876028004762
3.136 1.26091374569248
3.137 1.26305228079088
3.138 1.2651762393255
3.139 1.26728597527901
3.14 1.2693818426341
3.141 1.27146419537344
3.142 1.27353338747971
3.143 1.27558977293558
3.144 1.27763370572373
3.145 1.27966553982685
3.146 1.2816856292276
3.147 1.28369432790868
3.148 1.28569198985274
3.149 1.28767896904248
3.15 1.28965561946057
3.151 1.29162229508969
3.152 1.29357934991252
3.153 1.29552713791172
3.154 1.29746601306999
3.155 1.29939632937
3.156 1.30131844079442
3.157 1.3032326999394
3.158 1.30513933530609
3.159 1.30703835489736
3.16 1.30892974402813
3.161 1.31081348801335
3.162 1.31268957216797
3.163 1.31455798180692
3.164 1.31641870224514
3.165 1.31827171879758
3.166 1.32011701677917
3.167 1.32195458150487
3.168 1.3237843982896
3.169 1.32560645244832
3.17 1.32742072929595
3.171 1.32922721414745
3.172 1.33102589231776
3.173 1.33281674912181
3.174 1.33459976987455
3.175 1.33637493989092
3.176 1.33814224448586
3.177 1.33990166897431
3.178 1.34165319867122
3.179 1.34339681889152
3.18 1.34513251495015
3.181 1.34686027216206
3.182 1.34858007584224
3.183 1.35029191159682
3.184 1.35199576600403
3.185 1.35369162584479
3.186 1.35537947790002
3.187 1.35705930895062
3.188 1.35873110577751
3.189 1.36039485516162
3.19 1.36205054388384
3.191 1.3636981587251
3.192 1.36533768646631
3.193 1.36696911388838
3.194 1.36859242777223
3.195 1.37020761489877
3.196 1.37181466204892
3.197 1.37341355600359
3.198 1.37500428354369
3.199 1.37658683145014
3.2 1.37816118650386
3.201 1.37972733548575
3.202 1.38128526517673
3.203 1.38283496235772
3.204 1.38437641380963
3.205 1.38590960631337
3.206 1.38743452664986
3.207 1.38895116160001
3.208 1.39045949794474
3.209 1.39195952246496
3.21 1.39345122194158
3.211 1.39493458315552
3.212 1.3964095928877
3.213 1.39787623791902
3.214 1.3993345050304
3.215 1.40078438100277
3.216 1.40222585261702
3.217 1.40365890665407
3.218 1.40508352989484
3.219 1.40649970912025
3.22 1.4079074311112
3.221 1.40930668264861
3.222 1.4106974505134
3.223 1.41207972148648
3.224 1.41345348234876
3.225 1.41481871988115
3.226 1.41617542086458
3.227 1.41752357207996
3.228 1.41886316030819
3.229 1.4201941723302
3.23 1.4215165949269
3.231 1.4228304148792
3.232 1.42413561896802
3.233 1.42543219397427
3.234 1.42672012667887
3.235 1.42799940386272
3.236 1.42927001230675
3.237 1.43053193879186
3.238 1.43178517009898
3.239 1.43302969300901
3.24 1.43426549430288
3.241 1.43549256076148
3.242 1.43671087916575
3.243 1.43792043629659
3.244 1.43912121893492
3.245 1.44031321386165
3.246 1.44149640785769
3.247 1.44267078770396
3.248 1.44383634018138
3.249 1.44499305207086
3.25 1.4461409101533
3.251 1.44727990120964
3.252 1.44841001202077
3.253 1.44953122936762
3.254 1.4506435400311
3.255 1.45174693079212
3.256 1.4528413884316
3.257 1.45392689973045
3.258 1.45500345146959
3.259 1.45607103042992
3.26 1.45712962339237
3.261 1.45817921713785
3.262 1.45921979844727
3.263 1.46025135410155
3.264 1.4612738708816
3.265 1.46228733556833
3.266 1.46329173494266
3.267 1.46428705578551
3.268 1.46527328487778
3.269 1.4662504090004
3.27 1.46721841493427
3.271 1.46817728946031
3.272 1.46912701935944
3.273 1.47006759141256
3.274 1.4709989924006
3.275 1.47192120910446
3.276 1.47283422830507
3.277 1.47373803678333
3.278 1.47463262132016
3.279 1.47551796869647
3.28 1.47639406569318
3.281 1.47726089909121
3.282 1.47811845567146
3.283 1.47896672221485
3.284 1.47980568550229
3.285 1.4806353323147
3.286 1.481455649433
3.287 1.48226662363809
3.288 1.4830682417109
3.289 1.48386049043233
3.29 1.4846433565833
3.291 1.48541682694472
3.292 1.48618088829751
3.293 1.48693552742259
3.294 1.48768073110086
3.295 1.48841648611324
3.296 1.48914277924064
3.297 1.48985959726399
3.298 1.49056692696419
3.299 1.49126475512215
3.3 1.4919530685188
3.301 1.49263185393504
3.302 1.49330109815179
3.303 1.49396078794997
3.304 1.49461091011049
3.305 1.49525145141425
3.306 1.49588239864219
3.307 1.4965037385752
3.308 1.49711545799421
3.309 1.49771754368013
3.31 1.49830998241387
3.311 1.49889276097636
3.312 1.49946586614849
3.313 1.50002928471119
3.314 1.50058300344536
3.315 1.50112700913194
3.316 1.50166128855182
3.317 1.50218582848592
3.318 1.50270061571516
3.319 1.50320563702045
3.32 1.50370087918271
3.321 1.50418632898285
3.322 1.50466197320178
3.323 1.50512779862042
3.324 1.50558379201968
3.325 1.50602994018047
3.326 1.50646622988372
3.327 1.50689264791033
3.328 1.50730918104122
3.329 1.5077158160573
3.33 1.50811253973949
3.331 1.50849933886871
3.332 1.50887620022585
3.333 1.50924311059185
3.334 1.50960005674761
3.335 1.50994702547405
3.336 1.51028400355208
3.337 1.51061097776262
3.338 1.51092793488658
3.339 1.51123486170487
3.34 1.51153174499841
3.341 1.51181857154812
3.342 1.5120953281349
3.343 1.51236200153967
3.344 1.51261857854335
3.345 1.51286504592685
3.346 1.51310139047109
3.347 1.51332759895697
3.348 1.51354365816542
3.349 1.51374955487734
3.35 1.51394527587365
3.351 1.51413080793527
3.352 1.5143061378431
3.353 1.51447125237807
3.354 1.51462613832109
3.355 1.51477078245307
3.356 1.51490517155493
3.357 1.51502929240757
3.358 1.51514313179192
3.359 1.51524667648889
3.36 1.51533991327939
3.361 1.51542282894434
3.362 1.51549541026465
3.363 1.51555764402124
3.364 1.51560951699501
3.365 1.51565101596689
3.366 1.51568212771778
3.367 1.51570283902861
3.368 1.51571313668029
3.369 1.51571300745372
3.37 1.51570243812983
3.371 1.51568141548953
3.372 1.51564992631373
3.373 1.51560795738335
3.374 1.5155554954793
3.375 1.515492527427
3.376 1.5154190579573
3.377 1.51533513703616
3.378 1.51524082166327
3.379 1.51513616883831
3.38 1.51502123556098
3.381 1.51489607883094
3.382 1.5147607556479
3.383 1.51461532301152
3.384 1.5144598379215
3.385 1.51429435737752
3.386 1.51411893837926
3.387 1.5139336379264
3.388 1.51373851301864
3.389 1.51353362065566
3.39 1.51331901783713
3.391 1.51309476156275
3.392 1.5128609088322
3.393 1.51261751664516
3.394 1.51236464200131
3.395 1.51210234190034
3.396 1.51183067334194
3.397 1.51154969332579
3.398 1.51125945885157
3.399 1.51096002691897
3.4 1.51065145452767
3.401 1.51033379867735
3.402 1.51000711636771
3.403 1.50967146459841
3.404 1.50932690036916
3.405 1.50897348067962
3.406 1.5086112625295
3.407 1.50824030291846
3.408 1.50786065884619
3.409 1.50747238731239
3.41 1.50707554531672
3.411 1.50667018985889
3.412 1.50625637793856
3.413 1.50583416655543
3.414 1.50540361270918
3.415 1.50496477339949
3.416 1.50451770562605
3.417 1.50406246638853
3.418 1.50359911268664
3.419 1.50312770152004
3.42 1.50264828988843
3.421 1.50216093479149
3.422 1.50166569322889
3.423 1.50116262220034
3.424 1.5006517787055
3.425 1.50013321974407
3.426 1.49960700231573
3.427 1.49907318342016
3.428 1.49853182005704
3.429 1.49798296922607
3.43 1.49742668792692
3.431 1.49686303315929
3.432 1.49629206192284
3.433 1.49571383121727
3.434 1.49512839804227
3.435 1.49453581939751
3.436 1.49393615228268
3.437 1.49332945369746
3.438 1.49271578064154
3.439 1.49209519011461
3.44 1.49146773911634
3.441 1.49083348464642
3.442 1.49019248370454
3.443 1.48954479329037
3.444 1.48889047040361
3.445 1.48822957204393
3.446 1.48756215521103
3.447 1.48688827690458
3.448 1.48620799412427
3.449 1.48552136386979
3.45 1.48482844314081
3.451 1.48412928893702
3.452 1.48342395825811
3.453 1.48271250810376
3.454 1.48199499547366
3.455 1.48127147736748
3.456 1.48054201078492
3.457 1.47980665272565
3.458 1.47906546018936
3.459 1.47831849017574
3.46 1.47756579968447
3.461 1.47680744571523
3.462 1.47604348526771
3.463 1.47527397534159
3.464 1.47449897293655
3.465 1.47371853505229
3.466 1.47293271868848
3.467 1.4721415808448
3.468 1.47134517852095
3.469 1.47054356871661
3.47 1.46973680843145
3.471 1.46892495466517
3.472 1.46810806441745
3.473 1.46728619468798
3.474 1.46645940247642
3.475 1.46562774478249
3.476 1.46479127860584
3.477 1.46395006094618
3.478 1.46310414880317
3.479 1.46225359917652
3.48 1.4613984690659
3.481 1.46053881547099
3.482 1.45967469539149
3.483 1.45880616582706
3.484 1.45793328377741
3.485 1.45705610624221
3.486 1.45617469022115
3.487 1.4552890927139
3.488 1.45439937072016
3.489 1.45350558123961
3.49 1.45260778127194
3.491 1.45170602781682
3.492 1.45080037787394
3.493 1.44989088844299
3.494 1.44897761652364
3.495 1.4480606191156
3.496 1.44713995321852
3.497 1.44621567583212
3.498 1.44528784395605
3.499 1.44435651459002
3.5 1.4434217447337
3.501 1.44248359138679
3.502 1.44154211154895
3.503 1.44059736221988
3.504 1.43964940039926
3.505 1.43869828308678
3.506 1.43774406728211
3.507 1.43678680998495
3.508 1.43582656819498
3.509 1.43486339891188
3.51 1.43389735913533
3.511 1.43292850586503
3.512 1.43195689610065
3.513 1.43098258684187
3.514 1.43000563508839
3.515 1.42902609783989
3.516 1.42804403209605
3.517 1.42705949485655
3.518 1.42607254312108
3.519 1.42508323388932
3.52 1.42409162416096
3.521 1.42309777093568
3.522 1.42210173121317
3.523 1.42110356199311
3.524 1.42010332027518
3.525 1.41910106305907
3.526 1.41809684734446
3.527 1.41709073013103
3.528 1.41608276841848
3.529 1.41507301920648
3.53 1.41406153949472
3.531 1.41304838628289
3.532 1.41203361657065
3.533 1.41101728051473
3.534 1.40999939965187
3.535 1.40897998803773
3.536 1.40795905972795
3.537 1.40693662877816
3.538 1.405912709244
3.539 1.40488731518112
3.54 1.40386046064514
3.541 1.40283215969172
3.542 1.40180242637647
3.543 1.40077127475504
3.544 1.39973871888308
3.545 1.39870477281621
3.546 1.39766945061007
3.547 1.3966327663203
3.548 1.39559473400255
3.549 1.39455536771244
3.55 1.39351468150561
3.551 1.3924726894377
3.552 1.39142940556436
3.553 1.39038484394121
3.554 1.38933901862389
3.555 1.38829194366804
3.556 1.38724363312931
3.557 1.38619410106332
3.558 1.38514336152571
3.559 1.38409142857213
3.56 1.38303831625821
3.561 1.38198403863958
3.562 1.38092860977188
3.563 1.37987204371076
3.564 1.37881435451185
3.565 1.37775555623079
3.566 1.37669566292321
3.567 1.37563468864475
3.568 1.37457264745105
3.569 1.37350955339775
3.57 1.37244542054048
3.571 1.37138026293489
3.572 1.37031409463661
3.573 1.36924692970127
3.574 1.36817878218452
3.575 1.36710966614199
3.576 1.36603959562932
3.577 1.36496858470215
3.578 1.36389664741611
3.579 1.36282379782685
3.58 1.36175004998999
3.581 1.36067541796119
3.582 1.35959991579607
3.583 1.35852355755027
3.584 1.35744635727943
3.585 1.35636832903919
3.586 1.35528948688519
3.587 1.35420984487306
3.588 1.35312941705844
3.589 1.35204821749697
3.59 1.35096626024428
3.591 1.34988355935602
3.592 1.34880012888782
3.593 1.34771598289531
3.594 1.34663113543414
3.595 1.34554560055995
3.596 1.34445939232837
3.597 1.34337252479503
3.598 1.34228501201558
3.599 1.34119686804566
3.6 1.34010810694089
3.601 1.33901874275693
3.602 1.3379287895494
3.603 1.33683826137394
3.604 1.3357471722862
3.605 1.3346555363418
3.606 1.3335633675964
3.607 1.33247068010561
3.608 1.33137748792509
3.609 1.33028380511046
3.61 1.32918964571738
3.611 1.32809502380147
3.612 1.32699995341836
3.613 1.32590444862371
3.614 1.32480852347315
3.615 1.32371219202231
3.616 1.32261546832683
3.617 1.32151836644235
3.618 1.32042090042451
3.619 1.31932308432894
3.62 1.31822493221128
3.621 1.31712645812718
3.622 1.31602767613226
3.623 1.31492860028217
3.624 1.31382924463254
3.625 1.312729623239
3.626 1.31162975015721
3.627 1.31052963944279
3.628 1.30942930515139
3.629 1.30832876133863
3.63 1.30722802206016
3.631 1.30612710137162
3.632 1.30502601332864
3.633 1.30392477198686
3.634 1.30282339140191
3.635 1.30172188562945
3.636 1.30062026872509
3.637 1.29951855474449
3.638 1.29841675774327
3.639 1.29731489177708
3.64 1.29621297090155
3.641 1.29511100917233
3.642 1.29400902064504
3.643 1.29290701937533
3.644 1.29180501941883
3.645 1.29070303483118
3.646 1.28960107966802
3.647 1.28849916798498
3.648 1.28739731383771
3.649 1.28629553128184
3.65 1.28519383437301
3.651 1.28409223716686
3.652 1.28299075371901
3.653 1.28188939808512
3.654 1.28078818432082
3.655 1.27968712648175
3.656 1.27858623862354
3.657 1.27748553480183
3.658 1.27638502907226
3.659 1.27528473549046
3.66 1.27418466811208
3.661 1.27308484099275
3.662 1.27198526818811
3.663 1.2708859637538
3.664 1.26978694174545
3.665 1.2686882162187
3.666 1.2675898012292
3.667 1.26649171083257
3.668 1.26539395908445
3.669 1.26429656004049
3.67 1.26319952775631
3.671 1.26210287628756
3.672 1.26100661968988
3.673 1.2599107720189
3.674 1.25881534733026
3.675 1.2577203596796
3.676 1.25662582312255
3.677 1.25553175171475
3.678 1.25443815951184
3.679 1.25334506056946
3.68 1.25225246894325
3.681 1.25116039868884
3.682 1.25006886386187
3.683 1.24897787851798
3.684 1.2478874567128
3.685 1.24679761250197
3.686 1.24570835994113
3.687 1.24461971308593
3.688 1.24353168599199
3.689 1.24244429271495
3.69 1.24135754731045
3.691 1.24027146383413
3.692 1.23918605634162
3.693 1.23810133888857
3.694 1.23701732553061
3.695 1.23593403032337
3.696 1.23485146732251
3.697 1.23376965058364
3.698 1.23268859416242
3.699 1.23160831211448
3.7 1.23052881849545
3.701 1.22945012736097
3.702 1.22837225276669
3.703 1.22729520876823
3.704 1.22621900942124
3.705 1.22514366878136
3.706 1.22406920090421
3.707 1.22299561984545
3.708 1.22192293966968
3.709 1.22085117553456
3.71 1.21978034472396
3.711 1.21871046476653
3.712 1.2176415531909
3.713 1.21657362752573
3.714 1.21550670529965
3.715 1.21444080404131
3.716 1.21337594127934
3.717 1.21231213454239
3.718 1.2112494013591
3.719 1.21018775925812
3.72 1.20912722576809
3.721 1.20806781841764
3.722 1.20700955473543
3.723 1.20595245225009
3.724 1.20489652849027
3.725 1.2038418009846
3.726 1.20278828726174
3.727 1.20173600485031
3.728 1.20068497127898
3.729 1.19963520407637
3.73 1.19858672077113
3.731 1.19753953889191
3.732 1.19649367596734
3.733 1.19544914952607
3.734 1.19440597709673
3.735 1.19336417620798
3.736 1.19232376438845
3.737 1.19128475916679
3.738 1.19024717807164
3.739 1.18921103863164
3.74 1.18817635837543
3.741 1.18714315483166
3.742 1.18611144552896
3.743 1.18508124799599
3.744 1.18405257976138
3.745 1.18302545835378
3.746 1.18199990130182
3.747 1.18097592613415
3.748 1.17995355037941
3.749 1.17893279156625
3.75 1.17791366722331
3.751 1.17689619487922
3.752 1.17588039206264
3.753 1.1748662763022
3.754 1.17385386512654
3.755 1.17284317606432
3.756 1.17183422664416
3.757 1.17082703439472
3.758 1.16982161684463
3.759 1.16881799152255
3.76 1.1678161759571
3.761 1.16681618767693
3.762 1.16581804421069
3.763 1.16482176308702
3.764 1.16382736183455
3.765 1.16283485798194
3.766 1.16184426905782
3.767 1.16085561259084
3.768 1.15986890610963
3.769 1.15888416714285
3.77 1.15790141321913
3.771 1.15692066186712
3.772 1.15594193061545
3.773 1.15496523699278
3.774 1.15399059852774
3.775 1.15301803274897
3.776 1.15204755718512
3.777 1.15107918936483
3.778 1.15011294681674
3.779 1.1491488470695
3.78 1.14818690765174
3.781 1.14722714609211
3.782 1.14626957991926
3.783 1.14531422666182
3.784 1.14436110384843
3.785 1.14341022900774
3.786 1.14246161966839
3.787 1.14151529335903
3.788 1.14057126760829
3.789 1.13962955994482
3.79 1.13869018789726
3.791 1.13775316899425
3.792 1.13681852076444
3.793 1.13588626073646
3.794 1.13495640643896
3.795 1.13402897540059
3.796 1.13310398514997
3.797 1.13218145321577
3.798 1.13126139712661
3.799 1.13034383441115
3.8 1.12942878259801
3.801 1.12851625921586
3.802 1.12760628179332
3.803 1.12669886785904
3.804 1.12579403494166
3.805 1.12489180056983
3.806 1.12399218227219
3.807 1.12309519757738
3.808 1.12220086401404
3.809 1.12130919911081
3.81 1.12042022039634
3.811 1.11953394539927
3.812 1.11865039164824
3.813 1.11776957667189
3.814 1.11689151799887
3.815 1.11601623315782
3.816 1.11514373967738
3.817 1.11427405508619
3.818 1.1134071969129
3.819 1.11254318268614
3.82 1.11168202993456
3.821 1.11082375618681
3.822 1.10996837897152
3.823 1.10911591581734
3.824 1.10826638425291
3.825 1.10741980180687
3.826 1.10657618600786
3.827 1.10573555438453
3.828 1.10489792446552
3.829 1.10406331377947
3.83 1.10323173985502
3.831 1.10240322022082
3.832 1.10157777240551
3.833 1.10075541393773
3.834 1.09993616234612
3.835 1.09912003515932
3.836 1.09830704990598
3.837 1.09749722411474
3.838 1.09669057531425
3.839 1.09588712103314
3.84 1.09508687880005
3.841 1.09428986614363
3.842 1.09349610059253
3.843 1.09270559967538
3.844 1.09191838092082
3.845 1.0911344618575
3.846 1.09035386001406
3.847 1.08957659291915
3.848 1.0888026781014
3.849 1.08803213308946
3.85 1.08726497541197
3.851 1.08650122259757
3.852 1.08574089217491
3.853 1.08498400167262
3.854 1.08423056861935
3.855 1.08348061054374
3.856 1.08273414497444
3.857 1.08199118944008
3.858 1.08125176146932
3.859 1.08051587859078
3.86 1.07978355833312
3.861 1.07905481822497
3.862 1.07832967579498
3.863 1.07760814857179
3.864 1.07689025408404
3.865 1.07617600986038
3.866 1.07546543342944
3.867 1.07475854231988
3.868 1.07405535406033
3.869 1.07335588617943
3.87 1.07266015620582
3.871 1.07196818166816
3.872 1.07127998009508
3.873 1.07059556901522
3.874 1.06991496595722
3.875 1.06923818844974
3.876 1.06856525402141
3.877 1.06789618020086
3.878 1.06723098451676
3.879 1.06656968449773
3.88 1.06591229767242
3.881 1.06525884156947
3.882 1.06460933371753
3.883 1.06396379164524
3.884 1.06332223288123
3.885 1.06268467495416
3.886 1.06205113539266
3.887 1.06142163172537
3.888 1.06079618148095
3.889 1.06017480218802
3.89 1.05955751137524
3.891 1.05894432657124
3.892 1.05833526530467
3.893 1.05773034510418
3.894 1.05712958349839
3.895 1.05653299801596
3.896 1.05594060618553
3.897 1.05535242016658
3.898 1.05476842702029
3.899 1.05418860648016
3.9 1.05361293827879
3.901 1.0530414021488
3.902 1.0524739778228
3.903 1.05191064503342
3.904 1.05135138351326
3.905 1.05079617299493
3.906 1.05024499321107
3.907 1.04969782389426
3.908 1.04915464477714
3.909 1.04861543559231
3.91 1.0480801760724
3.911 1.04754884595001
3.912 1.04702142495775
3.913 1.04649789282825
3.914 1.04597822929412
3.915 1.04546241408797
3.916 1.04495042694242
3.917 1.04444224759008
3.918 1.04393785576356
3.919 1.04343723119549
3.92 1.04294035361846
3.921 1.04244720276511
3.922 1.04195775836804
3.923 1.04147200015986
3.924 1.0409899078732
3.925 1.04051146124067
3.926 1.04003663999487
3.927 1.03956542386843
3.928 1.03909779259396
3.929 1.03863372590407
3.93 1.03817320353138
3.931 1.0377162052085
3.932 1.03726271066805
3.933 1.03681269964264
3.934 1.03636615186489
3.935 1.03592304706741
3.936 1.03548336498281
3.937 1.03504708534371
3.938 1.03461418788272
3.939 1.03418465233246
3.94 1.03375845842554
3.941 1.03333558589458
3.942 1.03291601447219
3.943 1.03249972389099
3.944 1.03208669388358
3.945 1.03167690418259
3.946 1.03127033452063
3.947 1.03086696463031
3.948 1.03046677424424
3.949 1.03006974309505
3.95 1.02967585091534
3.951 1.02928507743774
3.952 1.02889740239485
3.953 1.02851280551929
3.954 1.02813126654367
3.955 1.02775276520061
3.956 1.02737728122272
3.957 1.02700479434262
3.958 1.02663528429292
3.959 1.02626873080623
3.96 1.02590511361518
3.961 1.02554441245237
3.962 1.02518660705042
3.963 1.02483167714194
3.964 1.02447960245955
3.965 1.02413036273586
3.966 1.02378393770349
3.967 1.02344030709504
3.968 1.02309945064315
3.969 1.02276134808041
3.97 1.02242597913945
3.971 1.02209332355287
3.972 1.0217633610533
3.973 1.02143607137334
3.974 1.02111143424562
3.975 1.02078942940274
3.976 1.02047003657732
3.977 1.02015323550198
3.978 1.01983900590932
3.979 1.01952732753197
3.98 1.01921818010254
3.981 1.01891154335364
3.982 1.01860739701788
3.983 1.01830572082789
3.984 1.01800649451627
3.985 1.01770969781564
3.986 1.01741531045862
3.987 1.01712331217781
3.988 1.01683368270584
3.989 1.01654640177531
3.99 1.01626144911885
3.991 1.01597880446906
3.992 1.01569844755856
3.993 1.01542035811997
3.994 1.0151445158859
3.995 1.01487090058896
3.996 1.01459949196177
3.997 1.01433026973694
3.998 1.01406321364709
3.999 1.01379830342483
4 1.01353551880277
4.001 1.01327483951354
4.002 1.01301624528974
4.003 1.01275971586399
4.004 1.0125052309689
4.005 1.01225277033709
4.006 1.01200231370117
4.007 1.01175384079376
4.008 1.01150733134747
4.009 1.01126276509491
4.01 1.01102012176871
4.011 1.01077938110146
4.012 1.0105405228258
4.013 1.01030352667433
4.014 1.01006837237967
4.015 1.00983503967442
4.016 1.00960350829122
4.017 1.00937375796266
4.018 1.00914576842137
4.019 1.00891951939996
4.02 1.00869499063104
4.021 1.00847216184723
4.022 1.00825101278115
4.023 1.0080315231654
4.024 1.0078136727326
4.025 1.00759744121536
4.026 1.00738280834631
4.027 1.00716975385805
4.028 1.0069582590174
4.029 1.00674831345606
4.03 1.00653990964258
4.031 1.00633304004782
4.032 1.00612769714262
4.033 1.00592387339783
4.034 1.0057215612843
4.035 1.00552075327287
4.036 1.0053214418344
4.037 1.00512361943974
4.038 1.00492727855972
4.039 1.00473241166521
4.04 1.00453901122705
4.041 1.00434706971609
4.042 1.00415657960317
4.043 1.00396753335916
4.044 1.00377992345488
4.045 1.0035937423612
4.046 1.00340898254896
4.047 1.00322563648901
4.048 1.0030436966522
4.049 1.00286315550937
4.05 1.00268400553138
4.051 1.00250623918908
4.052 1.00232984895331
4.053 1.00215482729492
4.054 1.00198116668476
4.055 1.00180885959368
4.056 1.00163789849253
4.057 1.00146827585215
4.058 1.0012999841434
4.059 1.00113301583712
4.06 1.00096736340416
4.061 1.00080301931537
4.062 1.00063997604161
4.063 1.0004782260537
4.064 1.00031776182252
4.065 1.0001585758189
4.066 1.00000066051369
4.067 0.999844008377745
4.068 0.99968861188191
4.069 0.999534463497033
4.07 0.999381555693964
4.071 0.999229880943551
4.072 0.999079431716642
4.073 0.998930200484087
4.074 0.998782179716733
4.075 0.99863536188543
4.076 0.998489739461025
4.077 0.998345304914368
4.078 0.998202050716308
4.079 0.998059969337692
4.08 0.997919053249368
4.081 0.997779294922187
4.082 0.997640686826997
4.083 0.997503221434645
4.084 0.997366891215981
4.085 0.997231688641853
4.086 0.99709760618311
4.087 0.9969646363106
4.088 0.996832771495172
4.089 0.996702004207674
4.09 0.996572326918955
4.091 0.996443732099864
4.092 0.99631621222125
4.093 0.99618975975396
4.094 0.996064367168843
4.095 0.995940026936748
4.096 0.995816731528524
4.097 0.995694473415018
4.098 0.995573245067081
4.099 0.995453038955559
4.1 0.995333847551303
4.101 0.99521566332516
4.102 0.995098478747979
4.103 0.994982286290608
4.104 0.994867078423897
4.105 0.994752847618693
4.106 0.994639586345846
4.107 0.994527287076203
4.108 0.994415942280614
4.109 0.994305544429927
4.11 0.994196085994991
4.111 0.994087559446654
4.112 0.993979957255764
4.113 0.993873271893171
4.114 0.993767495829723
4.115 0.993662621536268
4.116 0.993558641483656
4.117 0.993455548142734
4.118 0.993353333984351
4.119 0.993251991479356
4.12 0.993151513098598
4.121 0.993051891312924
4.122 0.992953118593184
4.123 0.992855187410226
4.124 0.992758090234899
4.125 0.992661819538051
4.126 0.992566367790531
4.127 0.992471727463188
4.128 0.99237789102687
4.129 0.992284850952425
4.13 0.992192599710702
4.131 0.99210112977255
4.132 0.992010433608818
4.133 0.991920503690353
4.134 0.991831332488005
4.135 0.991742912472623
4.136 0.991655236115053
4.137 0.991568295886146
4.138 0.99148208425675
4.139 0.991396593697713
4.14 0.991311816679884
4.141 0.991227745674112
4.142 0.991144373151245
4.143 0.991061691582131
4.144 0.99097969343762
4.145 0.99089837118856
4.146 0.990817717305799
4.147 0.990737724260186
4.148 0.99065838452257
4.149 0.990579690563799
4.15 0.990501634854722
4.151 0.990424209866187
4.152 0.990347408069043
4.153 0.990271221934139
4.154 0.990195643932322
4.155 0.990120666534443
4.156 0.990046282211348
4.157 0.989972483433888
4.158 0.98989926267291
4.159 0.989826612399262
4.16 0.989754525083795
4.161 0.989682993197355
4.162 0.989612009210793
4.163 0.989541565594955
4.164 0.989471654820692
4.165 0.98940226935885
4.166 0.98933340168028
4.167 0.98926504425583
4.168 0.989197189556348
4.169 0.989129830052682
4.17 0.989062958215682
4.171 0.988996566516718
4.172 0.988930648033783
4.173 0.988865197621106
4.174 0.988800210456316
4.175 0.988735681717044
4.176 0.988671606580921
4.177 0.988607980225578
4.178 0.988544797828644
4.179 0.988482054567751
4.18 0.988419745620529
4.181 0.988357866164608
4.182 0.988296411377619
4.183 0.988235376437193
4.184 0.98817475652096
4.185 0.988114546806551
4.186 0.988054742471596
4.187 0.987995338693725
4.188 0.987936330650571
4.189 0.987877713519761
4.19 0.987819482478929
4.191 0.987761632705702
4.192 0.987704159377714
4.193 0.987647057672594
4.194 0.987590322767972
4.195 0.987533949841479
4.196 0.987477934070746
4.197 0.987422270633404
4.198 0.987366954707082
4.199 0.987311981469411
4.2 0.987257346098022
4.201 0.987203043770546
4.202 0.987149069664612
4.203 0.987095418957852
4.204 0.987042086827896
4.205 0.986989068452374
4.206 0.986936359008918
4.207 0.986883953675157
4.208 0.986831847628722
4.209 0.986780036047244
4.21 0.986728514108354
4.211 0.986677276989681
4.212 0.986626319868856
4.213 0.986575637923511
4.214 0.986525226331275
4.215 0.986475080269779
4.216 0.986425194916653
4.217 0.986375565449529
4.218 0.986326187046036
4.219 0.986277054883805
4.22 0.986228164140467
4.221 0.986179509993652
4.222 0.986131087620991
4.223 0.986082892200114
4.224 0.986034918908653
4.225 0.985987162924237
4.226 0.985939619424496
4.227 0.985892283587062
4.228 0.985845150589566
4.229 0.985798215609636
4.23 0.985751473824905
4.231 0.985704920413003
4.232 0.98565855055156
4.233 0.985612359418206
4.234 0.985566342190573
4.235 0.985520494046291
4.236 0.985474810162991
4.237 0.985429285718302
4.238 0.985383915889855
4.239 0.985338695855282
4.24 0.985293620792213
4.241 0.985248685878277
4.242 0.985203886291106
4.243 0.98515921720833
4.244 0.98511467380758
4.245 0.985070251266487
4.246 0.98502594476268
4.247 0.984981749473791
4.248 0.984937660577449
4.249 0.984893673251286
4.25 0.984849782672932
4.251 0.984805984020018
4.252 0.984762272470174
4.253 0.98471864320103
4.254 0.984675091390218
4.255 0.984631612215367
4.256 0.984588200854108
4.257 0.984544852484073
4.258 0.984501562282891
4.259 0.984458325428192
4.26 0.984415137097608
4.261 0.98437199246877
4.262 0.984328886719306
4.263 0.984285815026849
4.264 0.984242772569028
4.265 0.984199754523475
4.266 0.984156756067819
4.267 0.984113772379692
4.268 0.984070798636723
4.269 0.984027830016544
4.27 0.983984861696784
4.271 0.983941888855075
4.272 0.983898906669047
4.273 0.983855910316331
4.274 0.983812894974557
4.275 0.983769855821355
4.276 0.983726788034356
4.277 0.983683686791191
4.278 0.983640547269491
4.279 0.983597364646885
4.28 0.983554134101004
4.281 0.98351085080948
4.282 0.983467509949941
4.283 0.98342410670002
4.284 0.983380636237346
4.285 0.98333709373955
4.286 0.983293474384263
4.287 0.983249773349115
4.288 0.983205985811737
4.289 0.983162106949759
4.29 0.983118131940811
4.291 0.983074055962525
4.292 0.983029874192531
4.293 0.982985581808459
4.294 0.98294117398794
4.295 0.982896645908605
4.296 0.982851992748084
4.297 0.982807209684007
4.298 0.982762291894005
4.299 0.982717234555709
4.3 0.98267203284675
4.301 0.982626681944756
4.302 0.982581177027361
4.303 0.982535513272193
4.304 0.982489685856883
4.305 0.982443689959062
4.306 0.982397520756361
4.307 0.98235117342641
4.308 0.98230464314684
4.309 0.98225792509528
4.31 0.982211014449362
4.311 0.982163906386716
4.312 0.982116596084973
4.313 0.982069078721764
4.314 0.982021349474718
4.315 0.981973403521556
4.316 0.981925237391695
4.317 0.981876852379626
4.318 0.981828250829331
4.319 0.981779435084791
4.32 0.981730407489985
4.321 0.981681170388895
4.322 0.981631726125501
4.323 0.981582077043784
4.324 0.981532225487725
4.325 0.981482173801304
4.326 0.981431924328501
4.327 0.981381479413298
4.328 0.981330841399676
4.329 0.981280012631614
4.33 0.981228995453093
4.331 0.981177792208095
4.332 0.9811264052406
4.333 0.981074836894587
4.334 0.981023089514039
4.335 0.980971165442936
4.336 0.980919067025258
4.337 0.980866796604986
4.338 0.9808143565261
4.339 0.980761749132583
4.34 0.980708976768413
4.341 0.980656041777571
4.342 0.980602946504039
4.343 0.980549693291797
4.344 0.980496284484825
4.345 0.980442722427105
4.346 0.980389009462616
4.347 0.98033514793534
4.348 0.980281140189257
4.349 0.980226988568348
4.35 0.980172695416594
4.351 0.980118263077974
4.352 0.980063693896471
4.353 0.980008990216063
4.354 0.979954154380734
4.355 0.979899188734461
4.356 0.979844095621227
4.357 0.979788877385012
4.358 0.979733536369797
4.359 0.979678074919562
4.36 0.979622495378288
4.361 0.979566800089956
4.362 0.979510991398546
4.363 0.97945507164804
4.364 0.979399043182416
4.365 0.979342908345657
4.366 0.979286669481743
4.367 0.979230328934655
4.368 0.979173889048372
4.369 0.979117352166877
4.37 0.979060720634149
4.371 0.979003996794169
4.372 0.978947182990918
4.373 0.978890281568376
4.374 0.978833294870525
4.375 0.978776225241344
4.376 0.978719075024815
4.377 0.978661846564918
4.378 0.978604542205633
4.379 0.978547164290943
4.38 0.978489715164825
4.381 0.978432197171263
4.382 0.978374612654236
4.383 0.978316963957725
4.384 0.978259253425711
4.385 0.978201483402174
4.386 0.978143656231095
4.387 0.978085774256454
4.388 0.978027839822233
4.389 0.977969855272411
4.39 0.97791182295097
4.391 0.977853745201891
4.392 0.977795624369153
4.393 0.977737462796738
4.394 0.977679262828625
4.395 0.977621026808797
4.396 0.977562757081233
4.397 0.977504455989915
4.398 0.977446125878822
4.399 0.977387769091935
4.4 0.977329387973235
4.401 0.977270984866703
4.402 0.97721256211632
4.403 0.977154122066066
4.404 0.977095667059921
4.405 0.977037199441866
4.406 0.976978721555883
4.407 0.976920235745951
4.408 0.976861744356051
4.409 0.976803249730164
4.41 0.976744754212271
4.411 0.976686260146353
4.412 0.976627769876389
4.413 0.97656928574636
4.414 0.976510810100248
4.415 0.976452345282032
4.416 0.976393893635694
4.417 0.976335457505214
4.418 0.976277039234573
4.419 0.976218641167752
4.42 0.97616026564873
4.421 0.976101915021489
4.422 0.97604359163001
4.423 0.975985297818273
4.424 0.975927035930258
4.425 0.975868808309947
4.426 0.97581061730132
4.427 0.975752465248357
4.428 0.975694354495039
4.429 0.975636287385348
4.43 0.975578266263263
4.431 0.975520293472766
4.432 0.975462371357836
4.433 0.975404502262455
4.434 0.975346688530603
4.435 0.975288932506261
4.436 0.97523123653341
4.437 0.97517360295603
4.438 0.975116034118101
4.439 0.975058532363605
4.44 0.975001100036523
4.441 0.974943739480833
4.442 0.974886453040519
4.443 0.974829243059559
4.444 0.974772111881935
4.445 0.974715061851628
4.446 0.974658095312617
4.447 0.974601214608884
4.448 0.97454442208441
4.449 0.974487720083174
4.45 0.974431110949159
4.451 0.974374597026343
4.452 0.974318180658709
4.453 0.974261864190236
4.454 0.974205649964905
4.455 0.974149540326697
4.456 0.974093537619593
4.457 0.974037644187572
4.458 0.973981862374617
4.459 0.973926194524707
4.46 0.973870642602777
4.461 0.973815207089193
4.462 0.973759888100923
4.463 0.973704685754931
4.464 0.973649600168185
4.465 0.97359463145765
4.466 0.973539779740294
4.467 0.973485045133081
4.468 0.973430427752979
4.469 0.973375927716953
4.47 0.97332154514197
4.471 0.973267280144996
4.472 0.973213132842998
4.473 0.97315910335294
4.474 0.973105191791791
4.475 0.973051398276515
4.476 0.97299772292408
4.477 0.97294416585145
4.478 0.972890727175594
4.479 0.972837407013476
4.48 0.972784205482063
4.481 0.972731122698321
4.482 0.972678158779217
4.483 0.972625313841716
4.484 0.972572588002786
4.485 0.972519981379392
4.486 0.972467494088499
4.487 0.972415126247076
4.488 0.972362877972087
4.489 0.972310749380499
4.49 0.972258740589279
4.491 0.972206851715392
4.492 0.972155082875804
4.493 0.972103434187483
4.494 0.972051905767394
4.495 0.972000497732503
4.496 0.971949210199777
4.497 0.971898043286181
4.498 0.971846997108683
4.499 0.971796071784248
4.5 0.971745267429842
4.501 0.971694584162432
4.502 0.971644022098984
4.503 0.971593581356464
4.504 0.971543262051838
4.505 0.971493064302074
4.506 0.971442988224136
4.507 0.971393033934991
4.508 0.971343201551605
4.509 0.971293491190945
4.51 0.971243902969977
4.511 0.971194437005666
4.512 0.971145093414979
4.513 0.971095872314884
4.514 0.971046773822344
4.515 0.970997798054328
4.516 0.970948945127801
4.517 0.970900215159729
4.518 0.970851608267078
4.519 0.970803124566815
4.52 0.970754764175906
4.521 0.970706527211318
4.522 0.970658413790015
4.523 0.970610424028966
4.524 0.970562558045135
4.525 0.97051481595549
4.526 0.970467197876995
4.527 0.970419703926619
4.528 0.970372334221326
4.529 0.970325088878083
4.53 0.970277968013856
4.531 0.970230971745612
4.532 0.970184100190316
4.533 0.970137353464935
4.534 0.970090731686435
4.535 0.970044234971783
4.536 0.969997863437944
4.537 0.969951617201885
4.538 0.969905496380572
4.539 0.969859501090972
4.54 0.969813631450049
4.541 0.969767887574772
4.542 0.969722269582105
4.543 0.969676777589015
4.544 0.969631411712469
4.545 0.969586172069433
4.546 0.969541058776872
4.547 0.969496071951753
4.548 0.969451211711042
4.549 0.969406478171706
4.55 0.969361871450711
4.551 0.969317391665022
4.552 0.969273038931607
4.553 0.969228813367431
4.554 0.96918471508946
4.555 0.969140744214662
4.556 0.969096900860001
4.557 0.969053185142445
4.558 0.969009597178959
4.559 0.96896613708651
4.56 0.968922804982064
4.561 0.968879600982587
4.562 0.968836525205045
4.563 0.968793577766405
4.564 0.968750758783633
4.565 0.968708068373695
4.566 0.968665506653557
4.567 0.968623073740186
4.568 0.968580769750547
4.569 0.968538594801608
4.57 0.968496549010333
4.571 0.96845463249369
4.572 0.968412845368645
4.573 0.968371187752163
4.574 0.968329659761212
4.575 0.968288261512756
4.576 0.968246993123763
4.577 0.9682058547112
4.578 0.968164846392031
4.579 0.968123968283223
4.58 0.968083220501743
4.581 0.968042603164556
4.582 0.968002116388629
4.583 0.967961760290929
4.584 0.96792153498842
4.585 0.96788144059807
4.586 0.967841477236845
4.587 0.967801645021711
4.588 0.967761944069634
4.589 0.96772237449758
4.59 0.967682936422517
4.591 0.967643629961409
4.592 0.967604455231223
4.593 0.967565412348925
4.594 0.967526501431482
4.595 0.96748772259586
4.596 0.967449075959025
4.597 0.967410561637943
4.598 0.967372179749581
4.599 0.967333930410904
4.6 0.967295813738879
4.601 0.967257829850472
4.602 0.96721997886265
4.603 0.967182260892378
4.604 0.96714467593549
4.605 0.967107223404232
4.606 0.967069902535323
4.607 0.967032712565449
4.608 0.966995652731295
4.609 0.966958722269546
4.61 0.966921920416889
4.611 0.966885246410008
4.612 0.966848699485588
4.613 0.966812278880316
4.614 0.966775983830876
4.615 0.966739813573954
4.616 0.966703767346235
4.617 0.966667844384404
4.618 0.966632043925148
4.619 0.966596365205152
4.62 0.9665608074611
4.621 0.966525369929678
4.622 0.966490051847571
4.623 0.966454852451466
4.624 0.966419770978047
4.625 0.966384806664
4.626 0.966349958746009
4.627 0.966315226460762
4.628 0.966280609044942
4.629 0.966246105735236
4.63 0.966211715768328
4.631 0.966177438380904
4.632 0.966143272809649
4.633 0.96610921829125
4.634 0.96607527406239
4.635 0.966041439359757
4.636 0.966007713420033
4.637 0.965974095479907
4.638 0.965940584776062
4.639 0.965907180545184
4.64 0.965873882023959
4.641 0.965840688449071
4.642 0.965807599057207
4.643 0.965774613085052
4.644 0.96574172976929
4.645 0.965708948346608
4.646 0.965676268053691
4.647 0.965643688127224
4.648 0.965611207803893
4.649 0.965578826320382
4.65 0.965546542913378
4.651 0.965514356819566
4.652 0.965482267275631
4.653 0.965450273518258
4.654 0.965418374784134
4.655 0.965386570309942
4.656 0.965354859332369
4.657 0.9653232410881
4.658 0.965291714813821
4.659 0.965260279746217
4.66 0.965228935121972
4.661 0.965197680177774
4.662 0.965166514150306
4.663 0.965135436276254
4.664 0.965104445792305
4.665 0.965073541935143
4.666 0.965042723941453
4.667 0.965011991047921
4.668 0.964981342491232
4.669 0.964950777508072
4.67 0.964920295335126
4.671 0.964889895209079
4.672 0.964859576366618
4.673 0.964829338044426
4.674 0.964799179479191
4.675 0.964769099907596
4.676 0.964739098566327
4.677 0.964709174692071
4.678 0.964679327521511
4.679 0.964649556291334
4.68 0.964619860238225
4.681 0.96459023859887
4.682 0.964560690609953
4.683 0.964531215508159
4.684 0.964501812530176
4.685 0.964472480912687
4.686 0.964443219892379
4.687 0.964414028705936
4.688 0.964384906590045
4.689 0.964355852781389
4.69 0.964326866516656
4.691 0.964297947032529
4.692 0.964269093565695
4.693 0.96424030535284
4.694 0.964211581630647
4.695 0.964182921635803
4.696 0.964154324604993
4.697 0.964125789774903
4.698 0.964097316382218
4.699 0.964068903663623
4.7 0.964040550855803
4.701 0.964012257195444
4.702 0.963984021919232
4.703 0.963955844263852
4.704 0.963927723465989
4.705 0.963899658762328
4.706 0.963871649389556
4.707 0.963843694584357
4.708 0.963815793583416
4.709 0.96378794562342
4.71 0.963760149941053
4.711 0.963732405773
4.712 0.963704712355949
4.713 0.963677068926583
4.714 0.963649474721587
4.715 0.963621928977649
4.716 0.963594430931452
4.717 0.963566979819682
4.718 0.963539574879025
4.719 0.963512215346166
4.72 0.96348490045779
4.721 0.963457629450583
4.722 0.96343040156123
4.723 0.963403216026417
4.724 0.963376072082828
4.725 0.96334896896715
4.726 0.963321905916067
4.727 0.963294882166266
4.728 0.963267896954431
4.729 0.963240949517247
4.73 0.963214039091401
4.731 0.963187164913578
4.732 0.963160326220462
4.733 0.96313352224874
4.734 0.963106752235097
4.735 0.963080015416218
4.736 0.963053311028788
4.737 0.963026638309493
4.738 0.962999996495019
4.739 0.96297338482205
4.74 0.962946802527272
4.741 0.962920248847371
4.742 0.962893723019031
4.743 0.962867224278939
4.744 0.962840751863779
4.745 0.962814305010237
4.746 0.962787882954999
4.747 0.96276148493475
4.748 0.962735110815693
4.749 0.962708764942736
4.75 0.962682453602091
4.751 0.9626561830878
4.752 0.962629959693904
4.753 0.962603789714442
4.754 0.962577679443457
4.755 0.962551635174989
4.756 0.962525663203078
4.757 0.962499769821766
4.758 0.962473961325092
4.759 0.962448244007099
4.76 0.962422624161827
4.761 0.962397108083316
4.762 0.962371702065608
4.763 0.962346412402743
4.764 0.962321245388762
4.765 0.962296207317706
4.766 0.962271304483616
4.767 0.962246543180532
4.768 0.962221929702496
4.769 0.962197470343547
4.77 0.962173171397728
4.771 0.962149039159078
4.772 0.962125079921639
4.773 0.962101299979451
4.774 0.962077705626556
4.775 0.962054303156993
4.776 0.962031098864804
4.777 0.96200809904403
4.778 0.96198530998871
4.779 0.961962737992888
4.78 0.961940389350602
4.781 0.961918270355894
4.782 0.961896387302804
4.783 0.961874746485374
4.784 0.961853354197644
4.785 0.961832216733655
4.786 0.961811340387448
4.787 0.961790731453064
4.788 0.961770396224543
4.789 0.961750340995926
4.79 0.961730572061255
4.791 0.961711095714569
4.792 0.96169191824991
4.793 0.961673045961318
4.794 0.961654485142835
4.795 0.9616362420885
4.796 0.961618323092356
4.797 0.961600734448442
4.798 0.9615834824508
4.799 0.96156657339347
4.8 0.961550013570493
4.801 0.961533809275911
4.802 0.961517966803763
4.803 0.96150249244809
4.804 0.961487392502934
4.805 0.961472673262335
4.806 0.961458341020334
4.807 0.961444402070971
4.808 0.961430862708289
4.809 0.961417729226326
4.81 0.961405007919125
4.811 0.961392705080726
4.812 0.96138082700517
4.813 0.961369379986497
4.814 0.961358370318748
4.815 0.961347804295965
4.816 0.961337688212188
4.817 0.961328028361458
4.818 0.961318831037816
4.819 0.961310102535301
4.82 0.961301849147956
4.821 0.961294077169822
4.822 0.961286792894937
4.823 0.961280002617345
4.824 0.961273712631085
4.825 0.961267929230199
4.826 0.961262658708726
4.827 0.961257907360709
4.828 0.961253681480187
4.829 0.961249987361202
4.83 0.961246831297794
4.831 0.961244219584004
4.832 0.961242158513873
4.833 0.961240654381442
4.834 0.961239713480751
4.835 0.961239342105842
4.836 0.961239546550755
4.837 0.961240333109531
4.838 0.961241708076211
4.839 0.961243677744835
4.84 0.961246248409445
4.841 0.96124942636408
4.842 0.961253217902783
4.843 0.961257629319594
4.844 0.961262666908553
4.845 0.961268336963702
4.846 0.961274645779081
4.847 0.961281599648731
4.848 0.961289204866693
4.849 0.961297467727007
4.85 0.961306394523715
4.851 0.961315991550857
4.852 0.961326265102475
4.853 0.961337221472608
4.854 0.961348866955298
4.855 0.961361207844585
4.856 0.961374250434511
4.857 0.961388001019116
4.858 0.96140246589244
4.859 0.961417651348525
4.86 0.961433563681412
4.861 0.961450209185142
4.862 0.961467594153754
4.863 0.96148572488129
4.864 0.961504607661791
4.865 0.961524248789298
4.866 0.961544654557851
4.867 0.961565831261491
4.868 0.96158778519426
4.869 0.961610522650196
4.87 0.961634049923343
4.871 0.96165837330774
4.872 0.961683499097428
4.873 0.961709433586448
4.874 0.961736183068841
4.875 0.961763753838648
4.876 0.961792152189909
4.877 0.961821384416665
4.878 0.961851456812958
4.879 0.961882375672827
4.88 0.961914147290314
4.881 0.961946777959459
4.882 0.961980273974304
4.883 0.962014641628889
4.884 0.962049887217254
4.885 0.962086017033442
4.886 0.962123037371491
4.887 0.962160954525444
4.888 0.962199774789342
4.889 0.962239504457224
4.89 0.962280149823132
4.891 0.962321717181106
4.892 0.962364212430384
4.893 0.962407635451431
4.894 0.962451981433831
4.895 0.962497245443127
4.896 0.962543422544863
4.897 0.962590507804584
4.898 0.962638496287832
4.899 0.962687383060153
4.9 0.962737163187089
4.901 0.962787831734184
4.902 0.962839383766982
4.903 0.962891814351026
4.904 0.962945118551861
4.905 0.962999291435031
4.906 0.963054328066078
4.907 0.963110223510547
4.908 0.963166972833981
4.909 0.963224571101924
4.91 0.963283013379921
4.911 0.963342294733513
4.912 0.963402410228247
4.913 0.963463354929664
4.914 0.963525123903309
4.915 0.963587712214727
4.916 0.963651114929459
4.917 0.96371532711305
4.918 0.963780343831045
4.919 0.963846160148986
4.92 0.963912771132417
4.921 0.963980171846882
4.922 0.964048357357926
4.923 0.964117322731091
4.924 0.964187063031921
4.925 0.96425757332596
4.926 0.964328848678753
4.927 0.964400884155842
4.928 0.96447367482277
4.929 0.964547215745084
4.93 0.964621501988325
4.931 0.964696528618038
4.932 0.964772290699766
4.933 0.964848783299053
4.934 0.964926001481442
4.935 0.965003940312479
4.936 0.965082594857706
4.937 0.965161960182667
4.938 0.965242031352905
4.939 0.965322803433965
4.94 0.965404271491391
4.941 0.965486430590725
4.942 0.965569275797512
4.943 0.965652802177296
4.944 0.96573700479562
4.945 0.965821878718028
4.946 0.965907419010064
4.947 0.965993620737272
4.948 0.966080478965194
4.949 0.966167988759376
4.95 0.96625614518536
4.951 0.966344943308691
4.952 0.966434378194912
4.953 0.966524444909568
4.954 0.9666151385182
4.955 0.966706454086355
4.956 0.966798386679575
4.957 0.966890931363403
4.958 0.966984083203385
4.959 0.967077837265063
4.96 0.967172188613981
4.961 0.967267132315683
4.962 0.967362663435712
4.963 0.967458777039613
4.964 0.96755546819293
4.965 0.967652731961205
4.966 0.967750563409984
4.967 0.967848957604808
4.968 0.967947909611223
4.969 0.968047414494772
4.97 0.968147467320998
4.971 0.968248063155446
4.972 0.968349197063659
4.973 0.968450864111181
4.974 0.968553059363555
4.975 0.968655777886326
4.976 0.968759014745037
4.977 0.968862765005232
4.978 0.968967023732455
4.979 0.969071785992249
4.98 0.969177046850158
4.981 0.969282801371726
4.982 0.969389044622498
4.983 0.969495771668014
4.984 0.969602977573822
4.985 0.969710657405463
4.986 0.969818806228482
4.987 0.969927419108422
4.988 0.970036491110828
4.989 0.970146017301242
4.99 0.970255992745209
4.991 0.970366412508272
4.992 0.970477271655975
4.993 0.970588565253862
4.994 0.970700288367477
4.995 0.970812436062363
4.996 0.970925003404064
4.997 0.971037985458124
4.998 0.971151377290087
4.999 0.971265173965496
5 0.971379370549895
5.001 0.971493962108828
5.002 0.971608943707839
5.003 0.97172431041247
5.004 0.971840057288267
5.005 0.971956179400773
5.006 0.972072671815531
5.007 0.972189529598085
5.008 0.97230674781398
5.009 0.972424321528758
5.01 0.972542245807964
5.011 0.972660515717141
5.012 0.972779126321834
5.013 0.972898072687584
5.014 0.973017349879938
5.015 0.973136952964438
5.016 0.973256877006628
5.017 0.973377117072051
5.018 0.973497668226252
5.019 0.973618525534774
5.02 0.973739684063162
5.021 0.973861138876958
5.022 0.973982885041707
5.023 0.974104917622952
5.024 0.974227231686237
5.025 0.974349822297105
5.026 0.974472684521101
5.027 0.974595813423768
5.028 0.974719204070651
5.029 0.974842851527292
5.03 0.974966750859236
5.031 0.975090897132025
5.032 0.975215285411205
5.033 0.975339910762318
5.034 0.975464768250909
5.035 0.975589852942521
5.036 0.975715159902688
5.037 0.975840684025228
5.038 0.975966419596062
5.039 0.976092360766653
5.04 0.976218501688465
5.041 0.976344836512961
5.042 0.976471359391604
5.043 0.976598064475857
5.044 0.976724945917183
5.045 0.976851997867046
5.046 0.976979214476909
5.047 0.977106589898235
5.048 0.977234118282488
5.049 0.97736179378113
5.05 0.977489610545625
5.051 0.977617562727436
5.052 0.977745644478026
5.053 0.977873849948859
5.054 0.978002173291397
5.055 0.978130608657105
5.056 0.978259150197444
5.057 0.978387792063879
5.058 0.978516528407873
5.059 0.978645353380888
5.06 0.978774261134388
5.061 0.978903245819837
5.062 0.979032301588697
5.063 0.979161422592432
5.064 0.979290602982504
5.065 0.979419836910378
5.066 0.979549118527517
5.067 0.979678441985383
5.068 0.979807801435439
5.069 0.97993719102915
5.07 0.980066604917978
5.071 0.980196037253387
5.072 0.980325482186839
5.073 0.980454933869799
5.074 0.980584386453728
5.075 0.980713834090091
5.076 0.980843270930351
5.077 0.98097269112597
5.078 0.981102088828413
5.079 0.981231458189141
5.08 0.98136079335962
5.081 0.981490088491311
5.082 0.981619337735678
5.083 0.981748535244184
5.084 0.981877675168293
5.085 0.982006751659467
5.086 0.982135758869171
5.087 0.982264690948866
5.088 0.982393542050016
5.089 0.982522306324086
5.09 0.982650977922537
5.091 0.982779550996833
5.092 0.982908019698437
5.093 0.983036378178812
5.094 0.983164620589423
5.095 0.983292741081731
5.096 0.9834207338072
5.097 0.983548592917293
5.098 0.983676312563475
5.099 0.983803886897207
5.1 0.983931310069953
5.101 0.984058576233176
5.102 0.98418567953834
5.103 0.984312614136907
5.104 0.984439374180341
5.105 0.984565953820106
5.106 0.984692347207663
5.107 0.984818548494478
5.108 0.984944551832012
5.109 0.985070351371729
5.11 0.985195941265092
5.111 0.985321315663565
5.112 0.985446468718611
5.113 0.985571394581692
5.114 0.985696087404273
5.115 0.985820541337816
5.116 0.985944750533784
5.117 0.986068709143642
5.118 0.986192411318852
5.119 0.986315851210876
5.12 0.986439022971179
5.121 0.986561920751224
5.122 0.986684538702474
5.123 0.986806870976392
5.124 0.986928911724442
5.125 0.987050655098086
5.126 0.987172095248788
5.127 0.98729322632801
5.128 0.987414042487218
5.129 0.987534537877873
5.13 0.987654706651438
5.131 0.987774542959377
5.132 0.987894040953154
5.133 0.988013194784231
5.134 0.988131998604072
5.135 0.988250446564139
5.136 0.988368532815897
5.137 0.988486251510808
5.138 0.988603596800335
5.139 0.988720562835942
5.14 0.988837143769092
5.141 0.988953333751249
5.142 0.989069126933874
5.143 0.989184517468433
5.144 0.989299499506387
5.145 0.9894140671992
5.146 0.989528214698336
5.147 0.989641936155257
5.148 0.989755225721427
5.149 0.989868077548309
5.15 0.989980485787366
5.151 0.990092444590062
5.152 0.990203948107859
5.153 0.990314990492221
5.154 0.990425565894612
5.155 0.990535668466494
5.156 0.99064529235933
5.157 0.990754431724584
5.158 0.990863080713719
5.159 0.990971233478198
5.16 0.991078884169484
5.161 0.991186026939042
5.162 0.991292655938333
5.163 0.991398765318821
5.164 0.99150434923197
5.165 0.991609401829242
5.166 0.991713917262101
5.167 0.991817889682011
5.168 0.991921313240433
5.169 0.992024182088832
5.17 0.99212649037867
5.171 0.992228232261412
5.172 0.992329401888519
5.173 0.992429993411456
5.174 0.992530000981686
5.175 0.992629418750671
5.176 0.992728240869876
5.177 0.992826461490762
5.178 0.992924074764794
5.179 0.993021074843435
5.18 0.993117455878148
5.181 0.993213212113499
5.182 0.993308341688892
5.183 0.993402847968665
5.184 0.993496734683492
5.185 0.99359000556405
5.186 0.993682664341013
5.187 0.993774714745059
5.188 0.993866160506862
5.189 0.993957005357098
5.19 0.994047253026443
5.191 0.994136907245572
5.192 0.994225971745162
5.193 0.994314450255888
5.194 0.994402346508425
5.195 0.994489664233449
5.196 0.994576407161637
5.197 0.994662579023663
5.198 0.994748183550203
5.199 0.994833224471934
5.2 0.99491770551953
5.201 0.995001630423667
5.202 0.995085002915022
5.203 0.995167826724269
5.204 0.995250105582084
5.205 0.995331843219144
5.206 0.995413043366124
5.207 0.995493709753699
5.208 0.995573846112546
5.209 0.995653456173339
5.21 0.995732543666755
5.211 0.995811112323469
5.212 0.995889165874157
5.213 0.995966708049494
5.214 0.996043742580157
5.215 0.996120273196821
5.216 0.996196303630161
5.217 0.996271837610854
5.218 0.996346878869575
5.219 0.996421431137
5.22 0.996495498143804
5.221 0.996569083620663
5.222 0.996642191298253
5.223 0.99671482490725
5.224 0.996786988178328
5.225 0.996858684842165
5.226 0.996929918629435
5.227 0.997000693270814
5.228 0.997071012496978
5.229 0.997140880038603
5.23 0.997210299626364
5.231 0.997279274990937
5.232 0.997347809862998
5.233 0.997415907973222
5.234 0.997483573052285
5.235 0.997550808830863
5.236 0.997617619039631
5.237 0.997684007409265
5.238 0.997749977670441
5.239 0.997815533553834
5.24 0.997880678790121
5.241 0.997945417109977
5.242 0.998009752244077
5.243 0.998073687923097
5.244 0.998137227877713
5.245 0.9982003758386
5.246 0.998263135536435
5.247 0.998325510701893
5.248 0.998387505065649
5.249 0.99844912235838
5.25 0.998510366310761
5.251 0.998571240653467
5.252 0.998631749117175
5.253 0.99869189543256
5.254 0.998751683330298
5.255 0.998811116541064
5.256 0.998870198795534
5.257 0.998928933824384
5.258 0.998987325358289
5.259 0.999045377127926
5.26 0.99910309286397
5.261 0.999160476297096
5.262 0.99921753115798
5.263 0.999274261177298
5.264 0.999330670085726
5.265 0.99938676161394
5.266 0.999442539492614
5.267 0.999498007452425
5.268 0.999553169224047
5.269 0.999608028538159
5.27 0.999662589125434
5.271 0.999716854716548
5.272 0.999770829042178
5.273 0.999824515832998
5.274 0.999877918819685
5.275 0.999931041732913
5.276 0.99998388830336
5.277 1.0000364622617
5.278 1.00008876733861
5.279 1.00014080726476
5.28 1.00019258577084
5.281 1.00024410658751
5.282 1.00029537344545
5.283 1.00034639007534
5.284 1.00039716020786
5.285 1.00044768757367
5.286 1.00049797590346
5.287 1.0005480289279
5.288 1.00059785037766
5.289 1.00064744398343
5.29 1.00069681347587
5.291 1.00074596258567
5.292 1.00079489504349
5.293 1.00084361458002
5.294 1.00089212492594
5.295 1.0009404298119
5.296 1.0009885329686
5.297 1.0010364381267
5.298 1.00108414901689
5.299 1.00113166936984
5.3 1.00117900291622
5.301 1.00122615338671
5.302 1.00127312451199
5.303 1.00131992002272
5.304 1.0013665436496
5.305 1.00141299912329
5.306 1.00145929017446
5.307 1.0015054205338
5.308 1.00155139393198
5.309 1.00159721409968
5.31 1.00164288476757
5.311 1.00168840966632
5.312 1.00173379252662
5.313 1.00177903707913
5.314 1.00182414705454
5.315 1.00186912618352
5.316 1.00191397819674
5.317 1.00195870682488
5.318 1.00200331579862
5.319 1.00204780884864
5.32 1.0020921897056
5.321 1.00213646210018
5.322 1.00218062976307
5.323 1.00222469642493
5.324 1.00226866581644
5.325 1.00231254166827
5.326 1.00235632666579
5.327 1.00240001850446
5.328 1.00244361339249
5.329 1.00248710753784
5.33 1.00253049714847
5.331 1.00257377843233
5.332 1.00261694759738
5.333 1.00266000085158
5.334 1.00270293440288
5.335 1.00274574445924
5.336 1.00278842722862
5.337 1.00283097891897
5.338 1.00287339573826
5.339 1.00291567389443
5.34 1.00295780959545
5.341 1.00299979904928
5.342 1.00304163846386
5.343 1.00308332404716
5.344 1.00312485200713
5.345 1.00316621855174
5.346 1.00320741988893
5.347 1.00324845222666
5.348 1.0032893117729
5.349 1.0033299947356
5.35 1.00337049732271
5.351 1.00341081574219
5.352 1.00345094620201
5.353 1.00349088491011
5.354 1.00353062807445
5.355 1.00357017190299
5.356 1.00360951260369
5.357 1.00364864638451
5.358 1.0036875694534
5.359 1.00372627801831
5.36 1.00376476828721
5.361 1.00380303646805
5.362 1.00384107876879
5.363 1.00387889139739
5.364 1.0039164705618
5.365 1.00395381246998
5.366 1.00399091332989
5.367 1.00402776934948
5.368 1.00406437673671
5.369 1.00410073169954
5.37 1.00413683044593
5.371 1.00417266918383
5.372 1.00420824412119
5.373 1.00424355146598
5.374 1.00427858742616
5.375 1.00431334820967
5.376 1.00434783002448
5.377 1.00438202907855
5.378 1.00441594157982
5.379 1.00444956373627
5.38 1.00448289175584
5.381 1.00451592184649
5.382 1.00454865021617
5.383 1.00458107307286
5.384 1.00461318662449
5.385 1.00464498707904
5.386 1.00467647064445
5.387 1.00470763352869
5.388 1.0047384719397
5.389 1.00476898208546
5.39 1.0047991601739
5.391 1.004829002413
5.392 1.00485850501071
5.393 1.00488766417498
5.394 1.00491647611378
5.395 1.00494493703505
5.396 1.00497304314676
5.397 1.00500079065687
5.398 1.00502817577332
5.399 1.00505519470408
5.4 1.00508184365711
5.401 1.00510811884035
5.402 1.00513401646178
5.403 1.00515953272933
5.404 1.00518466385099
5.405 1.00520940603469
5.406 1.00523375548839
5.407 1.00525770842006
5.408 1.00528126103765
5.409 1.00530440954911
5.41 1.00532715016241
5.411 1.0053494790855
5.412 1.00537139252634
5.413 1.00539288669288
5.414 1.00541395779308
5.415 1.00543460203491
5.416 1.00545481562631
5.417 1.00547459477524
5.418 1.00549393568966
5.419 1.00551283457752
5.42 1.00553128764679
5.421 1.00554929110542
5.422 1.00556684116137
5.423 1.00558393402259
5.424 1.00560056589705
5.425 1.00561673299269
5.426 1.00563243151748
5.427 1.00564765767937
5.428 1.00566240768632
5.429 1.00567667774628
5.43 1.00569046406722
5.431 1.00570376285709
5.432 1.00571657032385
5.433 1.00572888267545
5.434 1.00574069611985
5.435 1.00575200686501
5.436 1.00576281111888
5.437 1.00577310508943
5.438 1.00578288498461
5.439 1.00579214701237
5.44 1.00580088738067
5.441 1.00580910229748
5.442 1.00581678797074
5.443 1.00582394060841
5.444 1.00583055641846
5.445 1.00583663160883
5.446 1.00584216238749
5.447 1.00584714496239
5.448 1.00585157554149
5.449 1.00585545033275
5.45 1.00585876554411
5.451 1.00586151738355
5.452 1.00586370205901
5.453 1.00586531577846
5.454 1.00586635474985
5.455 1.00586681518113
5.456 1.00586669328027
5.457 1.00586598525522
5.458 1.00586468731394
5.459 1.00586279566439
5.46 1.00586030651452
5.461 1.00585721607228
5.462 1.00585352054565
5.463 1.00584921614256
5.464 1.00584429907099
5.465 1.00583876553888
5.466 1.0058326117542
5.467 1.0058258339249
5.468 1.00581842825894
5.469 1.00581039096427
5.47 1.00580171861394
5.471 1.0057924127806
5.472 1.00578247866167
5.473 1.00577192153576
5.474 1.00576074668149
5.475 1.00574895937745
5.476 1.00573656490226
5.477 1.00572356853452
5.478 1.00570997555284
5.479 1.00569579123582
5.48 1.00568102086208
5.481 1.00566566971022
5.482 1.00564974305885
5.483 1.00563324618657
5.484 1.00561618437199
5.485 1.00559856289373
5.486 1.00558038703038
5.487 1.00556166206055
5.488 1.00554239326285
5.489 1.00552258591589
5.49 1.00550224529828
5.491 1.00548137668861
5.492 1.00545998536551
5.493 1.00543807660757
5.494 1.00541565569341
5.495 1.00539272790163
5.496 1.00536929851083
5.497 1.00534537279963
5.498 1.00532095604663
5.499 1.00529605353044
5.5 1.00527067052967
5.501 1.00524481232292
5.502 1.0052184841888
5.503 1.00519169140592
5.504 1.00516443925288
5.505 1.0051367330083
5.506 1.00510857795077
5.507 1.00507997935891
5.508 1.00505094251133
5.509 1.00502147268662
5.51 1.0049915751634
5.511 1.00496125522028
5.512 1.00493051813586
5.513 1.00489936918875
5.514 1.00486781365755
5.515 1.00483585682088
5.516 1.00480350395734
5.517 1.00477076034554
5.518 1.00473763126408
5.519 1.00470412199158
5.52 1.00467023780663
5.521 1.00463598398785
5.522 1.00460136581384
5.523 1.00456638856322
5.524 1.00453105751458
5.525 1.00449537794653
5.526 1.00445935513769
5.527 1.00442299436666
5.528 1.00438630091205
5.529 1.00434928005245
5.53 1.00431193706649
5.531 1.00427427723277
5.532 1.00423630582989
5.533 1.00419802813646
5.534 1.0041594494311
5.535 1.0041205749924
5.536 1.00408141009897
5.537 1.00404196002942
5.538 1.00400223006236
5.539 1.0039622254764
5.54 1.00392195155014
5.541 1.00388141356219
5.542 1.00384061679115
5.543 1.00379956651564
5.544 1.00375826801426
5.545 1.00371672656561
5.546 1.00367494744832
5.547 1.00363293594097
5.548 1.00359069732218
5.549 1.00354823687056
5.55 1.00350555986472
5.551 1.00346267158325
5.552 1.00341957730477
5.553 1.00337628230789
5.554 1.00333279187121
5.555 1.00328911127334
5.556 1.00324524579288
5.557 1.00320120070845
5.558 1.00315698129865
5.559 1.00311259284209
5.56 1.00306804061737
5.561 1.0030233299031
5.562 1.0029784659779
5.563 1.00293345412036
5.564 1.00288829960909
5.565 1.00284300772271
5.566 1.00279758373981
5.567 1.00275203293901
5.568 1.00270636059891
5.569 1.00266057199812
5.57 1.00261467241525
5.571 1.0025686671289
5.572 1.00252256141768
5.573 1.0024763605602
5.574 1.00243006983506
5.575 1.00238369452088
5.576 1.00233723989625
5.577 1.00229071123979
5.578 1.00224411383011
5.579 1.00219745294581
5.58 1.00215073386549
5.581 1.00210396186777
5.582 1.00205714223126
5.583 1.00201028023455
5.584 1.00196338115626
5.585 1.00191645027499
5.586 1.00186949286935
5.587 1.00182251421795
5.588 1.0017755195994
5.589 1.0017285142923
5.59 1.00168150357526
5.591 1.00163449272688
5.592 1.00158748702578
5.593 1.00154049175056
5.594 1.00149351217983
5.595 1.00144655359219
5.596 1.00139962126625
5.597 1.00135272048063
5.598 1.00130585651392
5.599 1.00125903464474
5.6 1.00121226015168
5.601 1.00116553831337
5.602 1.00111887440839
5.603 1.00107227371538
5.604 1.00102574151292
5.605 1.00097928307963
5.606 1.00093290369411
5.607 1.00088660863497
5.608 1.00084040318082
5.609 1.00079429261027
5.61 1.00074828220192
5.611 1.00070237723437
5.612 1.00065658298625
5.613 1.00061090473615
5.614 1.00056534769323
5.615 1.00051991561057
5.616 1.00047461085965
5.617 1.00042943575739
5.618 1.00038439262071
5.619 1.00033948376652
5.62 1.00029471151175
5.621 1.00025007817332
5.622 1.00020558606814
5.623 1.00016123751314
5.624 1.00011703482524
5.625 1.00007298032134
5.626 1.00002907631839
5.627 0.999985325133285
5.628 0.999941729082957
5.629 0.999898290484322
5.63 0.999855011654301
5.631 0.999811894909814
5.632 0.999768942567779
5.633 0.999726156945116
5.634 0.999683540358746
5.635 0.999641095125588
5.636 0.999598823562562
5.637 0.999556727986587
5.638 0.999514810714583
5.639 0.999473074063469
5.64 0.999431520350166
5.641 0.999390151891594
5.642 0.999348971004671
5.643 0.999307980006317
5.644 0.999267181213453
5.645 0.999226576942998
5.646 0.999186169511871
5.647 0.999145961236993
5.648 0.999105954435283
5.649 0.999066151423661
5.65 0.999026554519045
5.651 0.998987166038357
5.652 0.998947988298516
5.653 0.998909023616441
5.654 0.998870274309053
5.655 0.99883174269327
5.656 0.998793431086012
5.657 0.998755341804201
5.658 0.998717477164754
5.659 0.998679839484592
5.66 0.998642431080634
5.661 0.9986052542698
5.662 0.99856831136901
5.663 0.998531604695183
5.664 0.99849513656524
5.665 0.998458909296099
5.666 0.998422925204681
5.667 0.998387186607905
5.668 0.998351695822691
5.669 0.998316455165959
5.67 0.998281466954628
5.671 0.998246733505618
5.672 0.998212257135849
5.673 0.99817804016224
5.674 0.998144084901711
5.675 0.998110393671182
5.676 0.998076968787573
5.677 0.998043812567803
5.678 0.998010927328791
5.679 0.997978315387459
5.68 0.997945979060724
5.681 0.997913920665508
5.682 0.997882142518729
5.683 0.997850646937308
5.684 0.997819436238163
5.685 0.997788512738215
5.686 0.997757878754384
5.687 0.997727536603589
5.688 0.99769748860275
5.689 0.997667737068787
5.69 0.997638284318618
5.691 0.997609132669165
5.692 0.997580284437346
5.693 0.997551741940081
5.694 0.997523507494291
5.695 0.997495583416894
5.696 0.997467972024811
5.697 0.997440675634961
5.698 0.997413696564263
5.699 0.997387037129638
5.7 0.997360699648006
5.701 0.997334686436285
5.702 0.997308999811396
5.703 0.997283642090258
5.704 0.997258615589791
5.705 0.997233922626915
5.706 0.997209565518549
5.707 0.997185546581613
5.708 0.997161868133027
5.709 0.997138532489711
5.71 0.997115541968583
5.711 0.997092898886565
5.712 0.997070605560575
5.713 0.997048664307533
5.714 0.997027077444359
5.715 0.997005847287973
5.716 0.996984976155294
5.717 0.996964466363242
5.718 0.996944320228737
5.719 0.996924540068699
5.72 0.996905128200046
5.721 0.9968860869397
5.722 0.996867418604578
5.723 0.996849125511602
5.724 0.996831209977691
5.725 0.996813674319765
5.726 0.996796520854743
5.727 0.996779751899545
5.728 0.99676336977109
5.729 0.996747376786299
5.73 0.996731775262091
5.731 0.996716567515386
5.732 0.996701755863103
5.733 0.996687342622163
5.734 0.996673330109484
5.735 0.996659720641987
5.736 0.996646516536591
5.737 0.996633720110216
5.738 0.996621333679781
5.739 0.996609359562208
5.74 0.996597800074414
5.741 0.99658665753332
5.742 0.996575934255845
5.743 0.996565632558909
5.744 0.996555754759432
5.745 0.996546303174334
5.746 0.996537280120534
5.747 0.996528687914952
5.748 0.996520528874507
5.749 0.99651280531612
5.75 0.99650551955671
5.751 0.996498673913197
5.752 0.996492270702499
5.753 0.996486312241538
5.754 0.996480800847233
5.755 0.996475738836503
5.756 0.996471128526269
5.757 0.996466972233449
5.758 0.996463272156059
5.759 0.996460025599814
5.76 0.996457223354477
5.761 0.996454855757792
5.762 0.996452913147502
5.763 0.996451385861349
5.764 0.996450264237077
5.765 0.99644953861243
5.766 0.99644919932515
5.767 0.996449236712981
5.768 0.996449641113666
5.769 0.996450402864948
5.77 0.99645151230457
5.771 0.996452959770276
5.772 0.996454735599809
5.773 0.996456830130912
5.774 0.996459233701328
5.775 0.9964619366488
5.776 0.996464929311072
5.777 0.996468202025886
5.778 0.996471745130987
5.779 0.996475548964117
5.78 0.99647960386302
5.781 0.996483900165438
5.782 0.996488428209114
5.783 0.996493178331794
5.784 0.996498140871218
5.785 0.99650330616513
5.786 0.996508664551275
5.787 0.996514206367394
5.788 0.996519921951232
5.789 0.996525801640531
5.79 0.996531835773034
5.791 0.996538014686485
5.792 0.996544328718627
5.793 0.996550768207203
5.794 0.996557323489957
5.795 0.996563984904631
5.796 0.996570742788969
5.797 0.996577587480714
5.798 0.99658450931761
5.799 0.996591498637398
5.8 0.996598545777823
5.801 0.996605641076628
5.802 0.996612774871557
5.803 0.996619937500351
5.804 0.996627119300755
5.805 0.996634310610512
5.806 0.996641501767364
5.807 0.996648683109056
5.808 0.99665584497333
5.809 0.996662977697929
5.81 0.996670071620597
5.811 0.996677117079077
5.812 0.996684104411113
5.813 0.996691023954446
5.814 0.996697866046821
5.815 0.996704621025981
5.816 0.996711279229669
5.817 0.996717830995628
5.818 0.996724266661602
5.819 0.996730576565333
5.82 0.996736751044565
5.821 0.996742780437041
5.822 0.996748655080504
5.823 0.996754365312698
5.824 0.996759901471365
5.825 0.996765253894249
5.826 0.996770412919094
5.827 0.996775368883641
5.828 0.996780112125635
5.829 0.996784632982819
5.83 0.996788921792936
5.831 0.996792968893729
5.832 0.996796764622941
5.833 0.996800299318315
5.834 0.996803563317596
5.835 0.996806546958525
5.836 0.996809240578847
5.837 0.996811634516304
5.838 0.99681371910864
5.839 0.996815484693597
5.84 0.996816921608919
5.841 0.99681802019235
5.842 0.996818770781632
5.843 0.996819163714509
5.844 0.996819189328724
5.845 0.996818837962019
5.846 0.996818099952139
5.847 0.996816965636827
5.848 0.996815425353825
5.849 0.996813469440877
5.85 0.996811088235726
5.851 0.996808272076115
5.852 0.996805011299788
5.853 0.996801296244488
5.854 0.996797117247958
5.855 0.99679246464794
5.856 0.996787328782179
5.857 0.996781699988418
5.858 0.9967755686044
5.859 0.996768924967867
5.86 0.996761759416564
5.861 0.996754062288233
5.862 0.996745823920618
5.863 0.996737034651461
5.864 0.996727684818507
5.865 0.996717764759498
5.866 0.996707264812177
5.867 0.996696175314288
5.868 0.996684486603574
5.869 0.996672189017778
5.87 0.996659272894643
5.871 0.996645728571913
5.872 0.996631546387331
5.873 0.996616716678639
5.874 0.996601229783582
5.875 0.996585076039901
5.876 0.996568245785342
5.877 0.996550729357646
5.878 0.996532517094557
5.879 0.996513599333819
5.88 0.996493966413174
5.881 0.996473608670365
5.882 0.996452516443136
5.883 0.99643068006923
5.884 0.996408089886391
5.885 0.996384736232361
5.886 0.996360609444883
5.887 0.996335699861702
5.888 0.996309997820559
5.889 0.996283493659199
5.89 0.996256177715364
5.891 0.996228040326798
5.892 0.996199071831244
5.893 0.996169262566445
5.894 0.996138602870145
5.895 0.996107083080085
5.896 0.996074693534011
5.897 0.996041424569664
5.898 0.996007266524789
5.899 0.995972209737128
5.9 0.995936244544425
5.901 0.995899361284422
5.902 0.995861550311597
5.903 0.99582280766824
5.904 0.995783143346192
5.905 0.99574256943674
5.906 0.995701098031169
5.907 0.995658741220769
5.908 0.995615511096824
5.909 0.995571419750621
5.91 0.995526479273449
5.911 0.995480701756594
5.912 0.995434099291342
5.913 0.99538668396898
5.914 0.995338467880796
5.915 0.995289463118077
5.916 0.995239681772108
5.917 0.995189135934177
5.918 0.995137837695571
5.919 0.995085799147576
5.92 0.995033032381481
5.921 0.99497954948857
5.922 0.994925362560132
5.923 0.994870483687454
5.924 0.994814924961821
5.925 0.994758698474521
5.926 0.994701816316841
5.927 0.994644290580068
5.928 0.994586133355488
5.929 0.994527356734389
5.93 0.994467972808058
5.931 0.99440799366778
5.932 0.994347431404843
5.933 0.994286298110535
5.934 0.994224605876141
5.935 0.994162366792948
5.936 0.994099592952245
5.937 0.994036296445317
5.938 0.993972489363451
5.939 0.993908183797935
5.94 0.993843391840054
5.941 0.993778125581097
5.942 0.993712397112349
5.943 0.993646218525097
5.944 0.99357960191063
5.945 0.993512559360233
5.946 0.993445102965194
5.947 0.993377244816798
5.948 0.993308997006334
5.949 0.993240371625087
5.95 0.993171380764345
5.951 0.993102036515395
5.952 0.993032350969524
5.953 0.992962336218018
5.954 0.992892004352164
5.955 0.99282136746325
5.956 0.992750437642561
5.957 0.992679226981386
5.958 0.99260774757101
5.959 0.992536011502721
5.96 0.992464030867806
5.961 0.992391817757551
5.962 0.992319384263244
5.963 0.99224674247617
5.964 0.992173904487618
5.965 0.992100882388873
5.966 0.992027688271223
5.967 0.991954334225956
5.968 0.991880832344356
5.969 0.991807194717712
5.97 0.99173343343731
5.971 0.991659560594438
5.972 0.991585588280382
5.973 0.991511528586428
5.974 0.991437393603865
5.975 0.991363195423978
5.976 0.991288946138054
5.977 0.991214657837381
5.978 0.991140342613246
5.979 0.991066012556934
5.98 0.990991679759734
5.981 0.990917356312931
5.982 0.990843054307814
5.983 0.990768785835668
5.984 0.99069456298778
5.985 0.990620397855438
5.986 0.990546302529929
5.987 0.990472289102538
5.988 0.990398369664554
5.989 0.990324556307262
5.99 0.990250861121951
5.991 0.990177296199906
5.992 0.990103873632414
5.993 0.990030605510763
5.994 0.989957503926239
5.995 0.98988458097013
5.996 0.989811848733721
5.997 0.989739319308301
5.998 0.989667004785155
5.999 0.989594917255571
6 0.989523068810835
6.001 0.989451471542235
6.002 0.989380137541057
6.003 0.989309078898589
6.004 0.989238307706116
6.005 0.989167836054927
6.006 0.989097676036307
6.007 0.989027839741544
6.008 0.988958339261924
6.009 0.988889186688735
6.01 0.988820394113263
6.011 0.988751973626795
6.012 0.988683937320619
6.013 0.98861629728602
6.014 0.988549065614286
6.015 0.988482254396703
6.016 0.98841587572456
6.017 0.988349941689142
6.018 0.988284464381735
6.019 0.988219455893629
6.02 0.988154928316108
6.021 0.98809089374046
6.022 0.988027364257972
6.023 0.98796435195993
6.024 0.987901868937623
6.025 0.987839927282335
6.026 0.987778539085355
6.027 0.987717716437969
6.028 0.987657471431464
6.029 0.987597816157127
6.03 0.987538762706245
6.031 0.987480323170104
6.032 0.987422509639993
6.033 0.987365334207196
6.034 0.987308808963002
6.035 0.987252945998697
6.036 0.987197757405568
6.037 0.987143255274901
6.038 0.987089451697985
6.039 0.987036358766105
6.04 0.986983988570549
6.041 0.986932353202603
6.042 0.986881464753555
6.043 0.986831335314691
6.044 0.986781976977298
6.045 0.986733401832662
6.046 0.986685621959163
6.047 0.986638644946254
6.048 0.986592467328783
6.049 0.986547083970262
6.05 0.986502489734204
6.051 0.986458679484121
6.052 0.986415648083529
6.053 0.986373390395938
6.054 0.986331901284864
6.055 0.986291175613818
6.056 0.986251208246314
6.057 0.986211994045865
6.058 0.986173527875984
6.059 0.986135804600185
6.06 0.986098819081981
6.061 0.986062566184884
6.062 0.986027040772408
6.063 0.985992237708066
6.064 0.985958151855371
6.065 0.985924778077838
6.066 0.985892111238977
6.067 0.985860146202303
6.068 0.985828877831329
6.069 0.985798300989568
6.07 0.985768410540533
6.071 0.985739201347737
6.072 0.985710668274694
6.073 0.985682806184917
6.074 0.985655609941918
6.075 0.985629074409211
6.076 0.98560319445031
6.077 0.985577964928726
6.078 0.985553380707974
6.079 0.985529436651567
6.08 0.985506127623018
6.081 0.985483448485839
6.082 0.985461394103545
6.083 0.985439959339648
6.084 0.985419139057661
6.085 0.985398928121098
6.086 0.985379321393471
6.087 0.985360313738294
6.088 0.985341900019081
6.089 0.985324075099343
6.09 0.985306833842595
6.091 0.985290171112349
6.092 0.985274081772119
6.093 0.985258560685418
6.094 0.985243602715759
6.095 0.985229202726655
6.096 0.985215355581619
6.097 0.985202056144165
6.098 0.985189299277805
6.099 0.985177079846053
6.1 0.985165392712422
6.101 0.985154232740425
6.102 0.985143594793575
6.103 0.985133473735386
6.104 0.98512386442937
6.105 0.985114761739041
6.106 0.985106160527912
6.107 0.985098055659496
6.108 0.985090441997306
6.109 0.985083314404855
6.11 0.985076667745657
6.111 0.985070496883225
6.112 0.985064796681071
6.113 0.985059562002709
6.114 0.985054787711653
6.115 0.985050468671415
6.116 0.985046599745508
6.117 0.985043175797446
6.118 0.985040191690742
6.119 0.985037642288908
6.12 0.985035522455459
6.121 0.985033827053907
6.122 0.985032550947766
6.123 0.985031689000547
6.124 0.985031236075766
6.125 0.985031187036935
6.126 0.985031536747567
6.127 0.985032280071174
6.128 0.985033411871272
6.129 0.985034927011371
6.13 0.985036820354986
6.131 0.985039086765631
6.132 0.985041721106817
6.133 0.985044718242058
6.134 0.985048073034868
6.135 0.985051780348759
6.136 0.985055835047245
6.137 0.985060231993838
6.138 0.985064966052053
6.139 0.985070032085402
6.14 0.985075424957397
6.141 0.985081139531554
6.142 0.985087170671384
6.143 0.9850935132404
6.144 0.985100162102117
6.145 0.985107112120046
6.146 0.985114358157702
6.147 0.985121895078597
6.148 0.985129717746245
6.149 0.985137821024158
6.15 0.98514619977585
6.151 0.985154848864835
6.152 0.985163763154624
6.153 0.985172937508731
6.154 0.985182366790671
6.155 0.985192045863954
6.156 0.985201969592096
6.157 0.985212132838609
6.158 0.985222530467005
6.159 0.985233157340799
6.16 0.985244008323504
6.161 0.985255078278632
6.162 0.985266362069696
6.163 0.985277854560211
6.164 0.985289550613688
6.165 0.985301445093642
6.166 0.985313532863585
6.167 0.985325808787031
6.168 0.985338267727493
6.169 0.985350904548483
6.17 0.985363714113516
6.171 0.985376691286103
6.172 0.985389830929759
6.173 0.985403127907996
6.174 0.985416577084329
6.175 0.985430173322268
6.176 0.985443911485329
6.177 0.985457786437024
6.178 0.985471793040866
6.179 0.985485926160369
6.18 0.985500180659045
6.181 0.985514551400408
6.182 0.985529033247971
6.183 0.985543621065247
6.184 0.985558309715749
6.185 0.98557309406299
6.186 0.985587968970485
6.187 0.985602929301744
6.188 0.985617969920283
6.189 0.985633085689614
6.19 0.985648271473249
6.191 0.985663522773425
6.192 0.985678838021288
6.193 0.98569421648702
6.194 0.985709657440868
6.195 0.985725160153082
6.196 0.985740723893912
6.197 0.985756347933606
6.198 0.985772031542414
6.199 0.985787773990584
6.2 0.985803574548367
6.201 0.985819432486011
6.202 0.985835347073765
6.203 0.985851317581879
6.204 0.985867343280601
6.205 0.985883423440182
6.206 0.985899557330869
6.207 0.985915744222913
6.208 0.985931983386562
6.209 0.985948274092065
6.21 0.985964615609672
6.211 0.985981007209632
6.212 0.985997448162194
6.213 0.986013937737607
6.214 0.986030475206121
6.215 0.986047059837984
6.216 0.986063690903446
6.217 0.986080367672756
6.218 0.986097089416163
6.219 0.986113855403916
6.22 0.986130664906264
6.221 0.986147517193458
6.222 0.986164411535744
6.223 0.986181347203374
6.224 0.986198323466596
6.225 0.986215339595659
6.226 0.986232394860812
6.227 0.986249488532305
6.228 0.986266619880387
6.229 0.986283788175307
6.23 0.986300992687313
6.231 0.986318232686656
6.232 0.986335507443584
6.233 0.986352816228348
6.234 0.986370158311194
6.235 0.986387532962374
6.236 0.986404939452136
6.237 0.986422377050729
6.238 0.986439845028402
6.239 0.986457342655406
6.24 0.986474869201987
6.241 0.986492423938397
6.242 0.986510006134884
6.243 0.986527615061697
6.244 0.986545249989086
6.245 0.9865629101873
6.246 0.986580594926587
6.247 0.986598303477197
6.248 0.986616035109379
6.249 0.986633789093383
6.25 0.986651564699456
6.251 0.98666936119785
6.252 0.986687177858812
6.253 0.986705013952593
6.254 0.98672286874944
6.255 0.986740741519604
6.256 0.986758631533334
6.257 0.986776538060878
6.258 0.986794460372486
6.259 0.986812397738406
6.26 0.986830349428889
6.261 0.986848314714184
6.262 0.986866292864539
6.263 0.986884283150203
6.264 0.986902284841426
6.265 0.986920297208458
6.266 0.986938319521546
6.267 0.986956351050941
6.268 0.986974391066892
6.269 0.986992438839646
6.27 0.987010493639455
6.271 0.987028554736567
6.272 0.987046621401232
6.273 0.987064692903697
6.274 0.987082768514213
6.275 0.987100847503029
6.276 0.987118929140393
6.277 0.987137012696556
6.278 0.987155097441766
6.279 0.987173182646272
6.28 0.987191267580324
6.281 0.98720935151417
6.282 0.987227433718061
6.283 0.987245513462244
6.284 0.98726359001697
6.285 0.987281662652487
6.286 0.987299730639044
6.287 0.987317793246892
6.288 0.987335849746278
6.289 0.987353899407452
6.29 0.987371941500664
6.291 0.987389975296162
6.292 0.987408000064195
6.293 0.987426015075013
6.294 0.987444019598866
6.295 0.987462012906001
6.296 0.987479994266668
6.297 0.987497962951117
6.298 0.987515918229597
6.299 0.987533859372356
6.3 0.987551785649644
6.301 0.987569696331711
6.302 0.987587590688804
6.303 0.987605467991174
6.304 0.98762332750907
6.305 0.98764116851274
6.306 0.987658990272435
6.307 0.987676792058402
6.308 0.987694573140891
6.309 0.987712332790153
6.31 0.987730070276434
6.311 0.987747784869986
6.312 0.987765475841057
6.313 0.987783142459895
6.314 0.987800783996751
6.315 0.987818399721874
6.316 0.987835988905512
6.317 0.987853550817915
6.318 0.987871084729332
6.319 0.987888589910012
6.32 0.987906065630204
6.321 0.987923511160158
6.322 0.987940925770122
6.323 0.987958308730346
6.324 0.98797565931108
6.325 0.987992976782571
6.326 0.98801026041507
6.327 0.988027509478825
6.328 0.988044723244086
6.329 0.988061900981102
6.33 0.988079041960121
6.331 0.988096145451394
6.332 0.98811321072517
6.333 0.988130237051696
6.334 0.988147223701224
6.335 0.988164170268509
6.336 0.988181080170782
6.337 0.988197959315375
6.338 0.988214813652215
6.339 0.988231649131224
6.34 0.988248471702328
6.341 0.988265287315452
6.342 0.988282101920521
6.343 0.98829892146746
6.344 0.988315751906193
6.345 0.988332599186645
6.346 0.988349469258742
6.347 0.988366368072408
6.348 0.988383301577567
6.349 0.988400275724146
6.35 0.988417296462068
6.351 0.988434369741259
6.352 0.988451501511643
6.353 0.988468697723145
6.354 0.988485964325691
6.355 0.988503307269204
6.356 0.98852073250361
6.357 0.988538245978835
6.358 0.988555853644801
6.359 0.988573561451435
6.36 0.988591375348661
6.361 0.988609301286404
6.362 0.98862734521459
6.363 0.988645513083142
6.364 0.988663810841986
6.365 0.988682244441046
6.366 0.988700819830248
6.367 0.988719542959516
6.368 0.988738419778776
6.369 0.988757456237951
6.37 0.988776658286967
6.371 0.988796031875749
6.372 0.988815582954222
6.373 0.98883531747231
6.374 0.988855241379938
6.375 0.988875360627032
6.376 0.988895681163515
6.377 0.988916208939314
6.378 0.988936949904352
6.379 0.988957910008555
6.38 0.988979095201847
6.381 0.989000511434154
6.382 0.9890221646554
6.383 0.98904406081551
6.384 0.989066205864409
6.385 0.989088605752021
6.386 0.989111266428272
6.387 0.989134193843087
6.388 0.98915739394639
6.389 0.989180872688107
6.39 0.989204636018161
6.391 0.989228689886479
6.392 0.989253040242984
6.393 0.989277693037602
6.394 0.989302654220257
6.395 0.989327929740875
6.396 0.98935352554938
6.397 0.989379447595697
6.398 0.989405701829751
6.399 0.989432294201467
6.4 0.98945923066077
6.401 0.989486517157584
6.402 0.989514159641835
6.403 0.989542164063447
6.404 0.989570536372345
6.405 0.989599282518454
6.406 0.989628408451699
6.407 0.989657920122004
6.408 0.989687823479296
6.409 0.989718124473497
6.41 0.989748829054534
6.411 0.989779943172331
6.412 0.989811472776813
6.413 0.989843423817905
6.414 0.989875802245532
6.415 0.989908614009618
6.416 0.989941865060089
6.417 0.989975561346869
6.418 0.990009708819884
6.419 0.990044313429057
6.42 0.990079381124314
6.421 0.99011491785558
6.422 0.99015092957278
6.423 0.990187422225838
6.424 0.990224401764679
6.425 0.990261874139229
6.426 0.990299845299412
6.427 0.990338321195152
6.428 0.990377307776376
6.429 0.990416810993007
6.43 0.99045683679497
6.431 0.990497391132191
6.432 0.990538479954594
6.433 0.990580109212105
6.434 0.990622284854647
6.435 0.990665012832146
6.436 0.990708299094527
6.437 0.990752149591714
6.438 0.990796570273633
6.439 0.990841567090208
6.44 0.990887145991364
6.441 0.990933312927026
6.442 0.990980073847118
6.443 0.991027434701567
6.444 0.991075401440296
6.445 0.99112398001323
6.446 0.991173176370295
6.447 0.991222996461415
6.448 0.991273446236515
6.449 0.99132453164552
6.45 0.991376258638354
6.451 0.991428633164943
6.452 0.991481661175212
6.453 0.991535348619084
6.454 0.991589701446486
6.455 0.991644725607342
6.456 0.991700427051577
6.457 0.991756811729116
6.458 0.991813885589883
6.459 0.991871654583803
6.46 0.991930124660803
6.461 0.991989301770805
6.462 0.992049191863735
6.463 0.992109800889518
6.464 0.992171134798079
6.465 0.992233199539342
6.466 0.992296001063233
6.467 0.992359545319677
6.468 0.992423838258597
6.469 0.99248888582992
6.47 0.992554693983569
6.471 0.992621268669471
6.472 0.992688615837549
6.473 0.992756741437728
6.474 0.992825651419934
6.475 0.992895351734091
6.476 0.992965848330124
6.477 0.993037147157958
6.478 0.993109254167518
6.479 0.993182175209831
6.48 0.993255909470547
6.481 0.993330445359839
6.482 0.993405770307036
6.483 0.993481871741464
6.484 0.993558737092448
6.485 0.993636353789316
6.486 0.993714709261394
6.487 0.99379379093801
6.488 0.993873586248488
6.489 0.993954082622157
6.49 0.994035267488342
6.491 0.99411712827637
6.492 0.994199652415567
6.493 0.994282827335261
6.494 0.994366640464777
6.495 0.994451079233442
6.496 0.994536131070583
6.497 0.994621783405526
6.498 0.994708023667599
6.499 0.994794839286127
6.5 0.994882217690436
6.501 0.994970146309855
6.502 0.995058612573708
6.503 0.995147603911323
6.504 0.995237107752026
6.505 0.995327111525144
6.506 0.995417602660003
6.507 0.99550856858593
6.508 0.995599996732251
6.509 0.995691874528294
6.51 0.995784189403383
6.511 0.995876928786847
6.512 0.995970080108012
6.513 0.996063630796203
6.514 0.996157568280749
6.515 0.996251879990975
6.516 0.996346553356207
6.517 0.996441575805773
6.518 0.996536934768999
6.519 0.996632617675211
6.52 0.996728611953736
6.521 0.996824905033901
6.522 0.996921484345032
6.523 0.997018337316456
6.524 0.997115451377499
6.525 0.997212813957487
6.526 0.997310412485749
6.527 0.997408234391608
6.528 0.997506267104394
6.529 0.997604498053431
6.53 0.997702914668047
6.531 0.997801504377569
6.532 0.997900254611321
6.533 0.997999152798632
6.534 0.998098186368828
6.535 0.998197342751235
6.536 0.99829660937518
6.537 0.99839597366999
6.538 0.99849542306499
6.539 0.998594944989508
6.54 0.998694526872871
6.541 0.998794156144403
6.542 0.998893820233433
6.543 0.998993506569286
6.544 0.99909320258129
6.545 0.999192895698771
6.546 0.999292573351056
6.547 0.99939222296747
6.548 0.999491831977341
6.549 0.999591387809995
6.55 0.999690877894758
6.551 0.999790289660958
6.552 0.99988961053792
6.553 0.999988827954971
6.554 1.00008792934144
6.555 1.00018690212665
6.556 1.00028573373993
6.557 1.0003844116106
6.558 1.000482923168
6.559 1.00058125584144
6.56 1.00067939706026
6.561 1.00077733425378
6.562 1.00087505485133
6.563 1.00097254628224
6.564 1.00106979597583
6.565 1.00116679136142
6.566 1.00126351986835
6.567 1.00135996892594
6.568 1.00145612596352
6.569 1.00155197841041
6.57 1.00164751369594
6.571 1.00174271924944
6.572 1.00183758250023
6.573 1.00193209087765
6.574 1.00202623181101
6.575 1.00211999272964
6.576 1.00221336106287
6.577 1.00230632424003
6.578 1.00239886969045
6.579 1.00249098484344
6.58 1.00258265712834
6.581 1.00267387397447
6.582 1.00276462281116
6.583 1.00285489106774
6.584 1.00294466617353
6.585 1.00303393555786
6.586 1.00312268665005
6.587 1.00321090687944
6.588 1.00329858367534
6.589 1.00338570446709
6.59 1.00347225668402
6.591 1.00355822775544
6.592 1.00364360511068
6.593 1.00372837617908
6.594 1.00381252838995
6.595 1.00389604917263
6.596 1.00397892595644
6.597 1.00406114617071
6.598 1.00414269724476
6.599 1.00422356660792
6.6 1.00430374168952
6.601 1.00438320991889
6.602 1.00446195872534
6.603 1.00453997553821
6.604 1.00461724778683
6.605 1.00469376290051
6.606 1.00476950830859
6.607 1.00484447144039
6.608 1.00491863972525
6.609 1.00499200059248
6.61 1.00506454147141
6.611 1.00513624979137
6.612 1.00520711298169
6.613 1.00527711847169
6.614 1.0053462536907
6.615 1.00541450606805
6.616 1.00548186303305
6.617 1.00554831201505
6.618 1.00561384044336
6.619 1.00567843574731
6.62 1.00574208535624
6.621 1.00580477669945
6.622 1.00586649720629
6.623 1.00592723430608
6.624 1.00598697730894
6.625 1.0060457308551
6.626 1.00610350705804
6.627 1.00616031808152
6.628 1.00621617608928
6.629 1.00627109324508
6.63 1.00632508171267
6.631 1.00637815365579
6.632 1.00643032123822
6.633 1.00648159662368
6.634 1.00653199197594
6.635 1.00658151945875
6.636 1.00663019123586
6.637 1.00667801947103
6.638 1.00672501632799
6.639 1.00677119397052
6.64 1.00681656456235
6.641 1.00686114026723
6.642 1.00690493324894
6.643 1.0069479556712
6.644 1.00699021969778
6.645 1.00703173749242
6.646 1.00707252121888
6.647 1.00711258304092
6.648 1.00715193512227
6.649 1.0071905896267
6.65 1.00722855871796
6.651 1.00726585455979
6.652 1.00730248931596
6.653 1.0073384751502
6.654 1.00737382422628
6.655 1.00740854870794
6.656 1.00744266075894
6.657 1.00747617254303
6.658 1.00750909622396
6.659 1.00754144396548
6.66 1.00757322793134
6.661 1.00760446028531
6.662 1.00763515319111
6.663 1.00766531881252
6.664 1.00769496931328
6.665 1.00772411685715
6.666 1.00775277360787
6.667 1.0077809517292
6.668 1.00780866338488
6.669 1.00783592073868
6.67 1.00786273595434
6.671 1.00788912119561
6.672 1.00791508862625
6.673 1.00794065041001
6.674 1.00796581871063
6.675 1.00799060569188
6.676 1.00801502351751
6.677 1.00803908435126
6.678 1.00806280035688
6.679 1.00808618369814
6.68 1.00810924653877
6.681 1.00813200104254
6.682 1.00815445937319
6.683 1.00817663369448
6.684 1.00819853617016
6.685 1.00822017896398
6.686 1.00824157423969
6.687 1.00826273416105
6.688 1.0082836708918
6.689 1.00830439659569
6.69 1.00832492343649
6.691 1.00834526357794
6.692 1.00836542918379
6.693 1.00838543241779
6.694 1.00840528544371
6.695 1.00842500042528
6.696 1.00844458952626
6.697 1.0084640649104
6.698 1.00848343874146
6.699 1.00850272318319
6.7 1.00852193039933
6.701 1.00854107255364
6.702 1.00856016180987
6.703 1.00857921033178
6.704 1.00859823028311
6.705 1.00861723382761
6.706 1.00863623312905
6.707 1.00865524035117
6.708 1.00867426765772
6.709 1.00869332721245
6.71 1.00871243117912
6.711 1.00873159172148
6.712 1.00875082100327
6.713 1.00877013118826
6.714 1.00878953444019
6.715 1.00880904292282
6.716 1.0088286687999
6.717 1.00884842423517
6.718 1.00886832139239
6.719 1.00888837243532
6.72 1.0089085895277
6.721 1.00892898483329
6.722 1.00894957051584
6.723 1.00897035873909
6.724 1.00899136166681
6.725 1.00901259146274
6.726 1.00903406029064
6.727 1.00905578031425
6.728 1.00907776369734
6.729 1.00910002260364
6.73 1.00912256919692
6.731 1.00914541564092
6.732 1.0091685740994
6.733 1.00919205673611
6.734 1.00921587571479
6.735 1.00924004319921
6.736 1.00926457135311
6.737 1.00928947234025
6.738 1.00931475832438
6.739 1.00934044146924
6.74 1.0093665339386
6.741 1.0093930478962
6.742 1.00941999550579
6.743 1.00944738893113
6.744 1.00947524033597
6.745 1.00950356188406
6.746 1.00953236573916
6.747 1.009561664065
6.748 1.00959146902536
6.749 1.00962179278397
6.75 1.00965264750458
6.751 1.00968404535097
6.752 1.00971599848686
6.753 1.00974851907602
6.754 1.0097816192822
6.755 1.00981531126914
6.756 1.00984960720061
6.757 1.00988451924034
6.758 1.00992005955211
6.759 1.00995624029964
6.76 1.00999307364671
6.761 1.01003057175706
6.762 1.01006874679444
6.763 1.0101076109226
6.764 1.01014717630529
6.765 1.01018745510628
6.766 1.0102284594893
6.767 1.01027020161811
6.768 1.01031269335512
6.769 1.0103559374328
6.77 1.01039992603385
6.771 1.01044465075377
6.772 1.01049010318806
6.773 1.01053627493224
6.774 1.01058315758182
6.775 1.01063074273229
6.776 1.01067902197916
6.777 1.01072798691795
6.778 1.01077762914416
6.779 1.0108279402533
6.78 1.01087891184086
6.781 1.01093053550237
6.782 1.01098280283333
6.783 1.01103570542924
6.784 1.01108923488561
6.785 1.01114338279795
6.786 1.01119814076176
6.787 1.01125350037256
6.788 1.01130945322585
6.789 1.01136599091713
6.79 1.01142310504191
6.791 1.01148078719571
6.792 1.01153902897402
6.793 1.01159782197235
6.794 1.01165715778622
6.795 1.01171702801112
6.796 1.01177742424257
6.797 1.01183833807607
6.798 1.01189976110713
6.799 1.01196168493126
6.8 1.01202410114395
6.801 1.01208700134073
6.802 1.01215037711709
6.803 1.01221422006855
6.804 1.0122785217906
6.805 1.01234327387877
6.806 1.01240846792854
6.807 1.01247409553544
6.808 1.01254014829497
6.809 1.01260661780263
6.81 1.01267349565394
6.811 1.01274077344439
6.812 1.0128084427695
6.813 1.01287649522477
6.814 1.01294492240571
6.815 1.01301371590783
6.816 1.01308286732663
6.817 1.01315236825762
6.818 1.01322221029631
6.819 1.01329238503821
6.82 1.01336288407882
6.821 1.01343369901364
6.822 1.01350482143819
6.823 1.01357624294797
6.824 1.0136479551385
6.825 1.01371994960527
6.826 1.01379221794379
6.827 1.01386475174957
6.828 1.01393754261812
6.829 1.01401058214494
6.83 1.01408386192555
6.831 1.01415737355544
6.832 1.01423110863013
6.833 1.01430505874512
6.834 1.01437921549592
6.835 1.01445357047803
6.836 1.01452811528697
6.837 1.01460284151823
6.838 1.01467774076734
6.839 1.01475280462978
6.84 1.01482802470108
6.841 1.01490339257674
6.842 1.01497889985226
6.843 1.01505453812315
6.844 1.01513029898492
6.845 1.01520617403307
6.846 1.01528215486312
6.847 1.01535823307057
6.848 1.01543440025092
6.849 1.01551064799969
6.85 1.01558696791237
6.851 1.01566335158449
6.852 1.01573979061154
6.853 1.01581627658903
6.854 1.01589280111246
6.855 1.01596935577735
6.856 1.01604593217921
6.857 1.01612252191353
6.858 1.01619911657583
6.859 1.01627570776161
6.86 1.01635228706638
6.861 1.01642884608565
6.862 1.01650537641492
6.863 1.0165818696497
6.864 1.0166583173855
6.865 1.01673471121782
6.866 1.01681104274218
6.867 1.01688730355407
6.868 1.01696348524901
6.869 1.0170395794225
6.87 1.01711557767005
6.871 1.01719147158717
6.872 1.01726725276935
6.873 1.01734291281212
6.874 1.01741844331098
6.875 1.01749383586143
6.876 1.01756908205898
6.877 1.01764417349914
6.878 1.01771910177742
6.879 1.01779385848931
6.88 1.01786843523034
6.881 1.017942823596
6.882 1.0180170151818
6.883 1.01809100158325
6.884 1.01816477439586
6.885 1.01823832521514
6.886 1.01831164563658
6.887 1.0183847272557
6.888 1.01845756166801
6.889 1.018530140469
6.89 1.0186024552542
6.891 1.0186744976191
6.892 1.01874625915921
6.893 1.01881773147004
6.894 1.0188889061471
6.895 1.01895977478589
6.896 1.01903032898192
6.897 1.0191005603307
6.898 1.01917046042773
6.899 1.01924002086852
6.9 1.01930923324858
6.901 1.01937808916342
6.902 1.01944658020854
6.903 1.01951469797944
6.904 1.01958243407164
6.905 1.01964978008065
6.906 1.01971672760196
6.907 1.01978326823109
6.908 1.01984939356355
6.909 1.01991509519483
6.91 1.01998036472045
6.911 1.02004519373592
6.912 1.02010957383673
6.913 1.02017349809517
6.914 1.02023696602664
6.915 1.02029997890332
6.916 1.02036253799742
6.917 1.02042464458115
6.918 1.02048629992674
6.919 1.02054750530638
6.92 1.0206082619923
6.921 1.0206685712567
6.922 1.0207284343718
6.923 1.02078785260982
6.924 1.02084682724296
6.925 1.02090535954343
6.926 1.02096345078346
6.927 1.02102110223526
6.928 1.02107831517103
6.929 1.02113509086299
6.93 1.02119143058335
6.931 1.02124733560433
6.932 1.02130280719814
6.933 1.02135784663699
6.934 1.02141245519309
6.935 1.02146663413867
6.936 1.02152038474592
6.937 1.02157370828707
6.938 1.02162660603432
6.939 1.0216790792599
6.94 1.02173112923601
6.941 1.02178275723486
6.942 1.02183396452867
6.943 1.02188475238965
6.944 1.02193512209002
6.945 1.02198507490199
6.946 1.02203461209776
6.947 1.02208373494956
6.948 1.0221324447296
6.949 1.02218074271008
6.95 1.02222863016323
6.951 1.02227610836125
6.952 1.02232317857637
6.953 1.02236984208078
6.954 1.0224161001467
6.955 1.02246195404636
6.956 1.02250740505195
6.957 1.0225524544357
6.958 1.02259710346981
6.959 1.02264135342651
6.96 1.02268520557799
6.961 1.02272866119648
6.962 1.02277172155419
6.963 1.02281438792333
6.964 1.02285666157611
6.965 1.02289854378475
6.966 1.02294003582146
6.967 1.02298113895845
6.968 1.02302185446794
6.969 1.02306218362213
6.97 1.02310212769325
6.971 1.0231416879535
6.972 1.0231808656751
6.973 1.02321966213026
6.974 1.0232580785912
6.975 1.02329611633012
6.976 1.02333377661924
6.977 1.02337106073077
6.978 1.02340796993693
6.979 1.02344450550993
6.98 1.02348066872198
6.981 1.02351646084529
6.982 1.02355188315208
6.983 1.02358693691456
6.984 1.02362162340494
6.985 1.02365594389544
6.986 1.02368989965827
6.987 1.02372349196564
6.988 1.02375672208977
6.989 1.02378959130286
6.99 1.02382210087714
6.991 1.02385425208481
6.992 1.02388604619808
6.993 1.02391748448918
6.994 1.02394856823031
6.995 1.02397929869368
6.996 1.02400967715151
6.997 1.02403970487602
6.998 1.02406938313941
6.999 1.0240987132139
7 1.0241276963717
7.001 1.02415633388502
7.002 1.02418462702608
7.003 1.02421257706708
7.004 1.02424018528025
7.005 1.0242674529378
7.006 1.02429438131194
7.007 1.02432097167487
7.008 1.02434722529882
7.009 1.024373143456
7.01 1.02439872741862
7.011 1.02442397845889
7.012 1.02444889784903
7.013 1.02447348686125
7.014 1.02449774676775
7.015 1.02452167884077
7.016 1.0245452843525
7.017 1.02456856457516
7.018 1.02459152078097
7.019 1.02461415424214
7.02 1.02463646623087
7.021 1.02465845801939
7.022 1.0246801308799
7.023 1.02470148608463
7.024 1.02472252490577
7.025 1.02474324861555
7.026 1.02476365848618
7.027 1.02478375578987
7.028 1.02480354179883
7.029 1.02482301778528
7.03 1.02484218502142
7.031 1.02486104477948
7.032 1.02487959833167
7.033 1.02489784695019
7.034 1.02491579190727
7.035 1.02493343447511
7.036 1.02495077592593
7.037 1.02496781753194
7.038 1.02498456056535
7.039 1.02500100629838
7.04 1.02501715600324
7.041 1.02503301095214
7.042 1.02504857241729
7.043 1.02506384167092
7.044 1.02507881998522
7.045 1.02509350863242
7.046 1.02510790888473
7.047 1.02512202201435
7.048 1.02513584929351
7.049 1.02514939199442
7.05 1.02516265138928
7.051 1.02517562875032
7.052 1.02518832534974
7.053 1.02520074245976
7.054 1.02521288135258
7.055 1.02522474330044
7.056 1.02523632957553
7.057 1.02524764149949
7.058 1.02525868108087
7.059 1.02526945083132
7.06 1.02527995327404
7.061 1.02529019093224
7.062 1.0253001663291
7.063 1.02530988198783
7.064 1.02531934043163
7.065 1.02532854418369
7.066 1.02533749576722
7.067 1.02534619770541
7.068 1.02535465252146
7.069 1.02536286273857
7.07 1.02537083087994
7.071 1.02537855946877
7.072 1.02538605102826
7.073 1.0253933080816
7.074 1.025400333152
7.075 1.02540712876265
7.076 1.02541369743675
7.077 1.0254200416975
7.078 1.0254261640681
7.079 1.02543206707175
7.08 1.02543775323164
7.081 1.02544322507098
7.082 1.02544848511297
7.083 1.02545353588079
7.084 1.02545837989766
7.085 1.02546301968677
7.086 1.02546745777132
7.087 1.02547169667451
7.088 1.02547573891953
7.089 1.02547958702959
7.09 1.02548324352788
7.091 1.02548671093761
7.092 1.02548999178197
7.093 1.02549308858416
7.094 1.02549600386737
7.095 1.02549874015482
7.096 1.02550129996969
7.097 1.02550368583519
7.098 1.02550590027451
7.099 1.02550794581086
7.1 1.02550982496743
7.101 1.02551154026741
7.102 1.02551309423402
7.103 1.02551448939044
7.104 1.02551572825989
7.105 1.02551681336554
7.106 1.02551774723061
7.107 1.0255185323783
7.108 1.02551917133179
7.109 1.0255196666143
7.11 1.02552002074902
7.111 1.02552023625914
7.112 1.02552031566787
7.113 1.02552026149841
7.114 1.02552007627395
7.115 1.02551976251769
7.116 1.02551932275284
7.117 1.02551875950258
7.118 1.02551807529013
7.119 1.02551727263867
7.12 1.02551635407141
7.121 1.02551532211154
7.122 1.02551417928227
7.123 1.0255129281068
7.124 1.02551157110831
7.125 1.02551011081001
7.126 1.02550854973511
7.127 1.02550689040679
7.128 1.02550513534826
7.129 1.02550328708271
7.13 1.02550134813335
7.131 1.02549932102337
7.132 1.02549720827598
7.133 1.02549501241436
7.134 1.02549273596172
7.135 1.02549038144127
7.136 1.02548795137618
7.137 1.02548544828968
7.138 1.02548287470494
7.139 1.02548023314519
7.14 1.0254775261336
7.141 1.02547475619338
7.142 1.02547192584773
7.143 1.02546903761985
7.144 1.02546609403294
7.145 1.02546309761019
7.146 1.02546005087481
7.147 1.02545695634999
7.148 1.02545381655893
7.149 1.02545063402484
7.15 1.0254474112709
7.151 1.02544415082032
7.152 1.0254408551963
7.153 1.02543752692203
7.154 1.02543416852071
7.155 1.02543078251555
7.156 1.02542737142975
7.157 1.02542393778649
7.158 1.02542048410898
7.159 1.02541701292042
7.16 1.025413526744
7.161 1.02541002810294
7.162 1.02540651952041
7.163 1.02540300351963
7.164 1.02539948262379
7.165 1.02539595935609
7.166 1.02539243623974
7.167 1.02538891579791
7.168 1.02538540055383
7.169 1.02538189303068
7.17 1.02537839575167
7.171 1.02537491123999
7.172 1.02537144201884
7.173 1.02536799061142
7.174 1.02536455954093
7.175 1.02536115133057
7.176 1.02535776850353
7.177 1.02535441358302
7.178 1.02535108909224
7.179 1.02534779755438
7.18 1.02534454149264
7.181 1.02534132343022
7.182 1.02533814589032
7.183 1.02533501139614
7.184 1.02533192247087
7.185 1.02532888163772
7.186 1.02532589141989
7.187 1.02532295434057
7.188 1.02532007292296
7.189 1.02531724969026
7.19 1.02531448716567
7.191 1.02531178787239
7.192 1.02530915433361
7.193 1.02530658907254
7.194 1.02530409461238
7.195 1.02530167347631
7.196 1.02529932818755
7.197 1.02529706126929
7.198 1.02529487524473
7.199 1.02529277263707
7.2 1.02529075596951
7.201 1.02528882772679
7.202 1.02528698878853
7.203 1.02528523788284
7.204 1.0252835735872
7.205 1.02528199447907
7.206 1.02528049913592
7.207 1.02527908613521
7.208 1.02527775405442
7.209 1.02527650147102
7.21 1.02527532696246
7.211 1.02527422910623
7.212 1.02527320647977
7.213 1.02527225766058
7.214 1.0252713812261
7.215 1.02527057575381
7.216 1.02526983982118
7.217 1.02526917200567
7.218 1.02526857088475
7.219 1.02526803503589
7.22 1.02526756303656
7.221 1.02526715346422
7.222 1.02526680489635
7.223 1.0252665159104
7.224 1.02526628508385
7.225 1.02526611099417
7.226 1.02526599221882
7.227 1.02526592733527
7.228 1.02526591492098
7.229 1.02526595355344
7.23 1.02526604181009
7.231 1.02526617826842
7.232 1.02526636150588
7.233 1.02526659009995
7.234 1.0252668626281
7.235 1.02526717766779
7.236 1.02526753379648
7.237 1.02526792959165
7.238 1.02526836363077
7.239 1.0252688344913
7.24 1.0252693407507
7.241 1.02526988098646
7.242 1.02527045377603
7.243 1.02527105769688
7.244 1.02527169132648
7.245 1.0252723532423
7.246 1.02527304202181
7.247 1.02527375624246
7.248 1.02527449448174
7.249 1.02527525531711
7.25 1.02527603732603
7.251 1.02527683908598
7.252 1.02527765917442
7.253 1.02527849616881
7.254 1.02527934864664
7.255 1.02528021518535
7.256 1.02528109436243
7.257 1.02528198475534
7.258 1.02528288494155
7.259 1.02528379349852
7.26 1.02528470900372
7.261 1.02528563003462
7.262 1.02528655516869
7.263 1.0252874829834
7.264 1.0252884120562
7.265 1.02528934096458
7.266 1.025290268286
7.267 1.02529119259792
7.268 1.02529211247782
7.269 1.02529302650316
7.27 1.0252939332514
7.271 1.02529483130002
7.272 1.02529571922649
7.273 1.02529659560827
7.274 1.02529745902283
7.275 1.02529830804763
7.276 1.02529914126015
7.277 1.02529995723785
7.278 1.0253007545582
7.279 1.02530153179867
7.28 1.02530228753672
7.281 1.02530302034983
7.282 1.02530372881546
7.283 1.02530441151107
7.284 1.02530506701414
7.285 1.02530569390214
7.286 1.02530629075252
7.287 1.02530685614276
7.288 1.02530738865033
7.289 1.0253078868527
7.29 1.02530834932732
7.291 1.02530877465168
7.292 1.02530916140323
7.293 1.02530950815945
7.294 1.02530981349779
7.295 1.02531007599574
7.296 1.02531029423076
7.297 1.02531046678031
7.298 1.02531059222186
7.299 1.02531066913288
7.3 1.02531069609084
7.301 1.02531067167321
7.302 1.02531059445745
7.303 1.02531046302103
7.304 1.02531027594142
7.305 1.02531003179608
7.306 1.02530972916249
7.307 1.02530936661811
7.308 1.02530894274041
7.309 1.02530845610686
7.31 1.02530790529492
7.311 1.02530728888206
7.312 1.02530660544575
7.313 1.02530585356346
7.314 1.02530503181266
7.315 1.0253041387708
7.316 1.02530317301537
7.317 1.02530213312382
7.318 1.02530101767363
7.319 1.02529982524227
7.32 1.02529855440719
7.321 1.02529720374588
7.322 1.02529577183578
7.323 1.02529425725439
7.324 1.02529265857915
7.325 1.02529097438754
7.326 1.02528920325703
7.327 1.02528734376508
7.328 1.02528539448917
7.329 1.02528335400675
7.33 1.02528122089531
7.331 1.02527899373229
7.332 1.02527667109518
7.333 1.02527425156144
7.334 1.02527173370854
7.335 1.02526911611394
7.336 1.02526639735511
7.337 1.02526357600953
7.338 1.02526065065465
7.339 1.02525761986795
7.34 1.0252544822269
7.341 1.02525123630895
7.342 1.02524788069159
7.343 1.02524441395226
7.344 1.02524083466846
7.345 1.02523714141866
7.346 1.02523333318602
7.347 1.02522940997232
7.348 1.02522537193713
7.349 1.02522121924002
7.35 1.02521695204054
7.351 1.02521257049826
7.352 1.02520807477275
7.353 1.02520346502356
7.354 1.02519874141027
7.355 1.02519390409244
7.356 1.02518895322963
7.357 1.0251838889814
7.358 1.02517871150732
7.359 1.02517342096696
7.36 1.02516801751988
7.361 1.02516250132563
7.362 1.0251568725438
7.363 1.02515113133393
7.364 1.0251452778556
7.365 1.02513931226836
7.366 1.02513323473179
7.367 1.02512704540544
7.368 1.02512074444889
7.369 1.02511433202169
7.37 1.02510780828341
7.371 1.02510117339361
7.372 1.02509442751185
7.373 1.02508757079771
7.374 1.02508060341075
7.375 1.02507352551052
7.376 1.0250663372566
7.377 1.02505903880854
7.378 1.02505163032591
7.379 1.02504411196828
7.38 1.02503648389521
7.381 1.02502874626627
7.382 1.02502089924101
7.383 1.025012942979
7.384 1.02500487763981
7.385 1.024996703383
7.386 1.02498842036813
7.387 1.02498002875477
7.388 1.02497152870248
7.389 1.02496292037083
7.39 1.02495420391938
7.391 1.02494537950769
7.392 1.02493644729533
7.393 1.02492740744187
7.394 1.02491826010686
7.395 1.02490900544987
7.396 1.02489964363047
7.397 1.02489017480822
7.398 1.02488059914268
7.399 1.02487091679341
7.4 1.02486112791999
7.401 1.02485123268197
7.402 1.02484123123892
7.403 1.02483112375041
7.404 1.02482091037599
7.405 1.02481059127524
7.406 1.02480016660771
7.407 1.02478963653297
7.408 1.02477900121058
7.409 1.02476826080012
7.41 1.02475741546113
7.411 1.02474646535319
7.412 1.02473541063586
7.413 1.0247242514687
7.414 1.02471298801129
7.415 1.02470162042317
7.416 1.02469014886393
7.417 1.02467857349311
7.418 1.02466689447029
7.419 1.02465511195502
7.42 1.02464322610688
7.421 1.02463123708543
7.422 1.02461914505023
7.423 1.02460695016084
7.424 1.02459465257683
7.425 1.02458225245777
7.426 1.02456974996321
7.427 1.02455714525272
7.428 1.02454443848587
7.429 1.02453162982222
7.43 1.02451871942133
7.431 1.02450570744277
7.432 1.02449259404611
7.433 1.0244793793909
7.434 1.0244660636367
7.435 1.0244526469431
7.436 1.02443912946964
7.437 1.02442551137589
7.438 1.02441179282142
7.439 1.02439797396579
7.44 1.02438405496857
7.441 1.02437003598931
7.442 1.02435591718759
7.443 1.02434169872296
7.444 1.02432738075499
7.445 1.02431296344325
7.446 1.0242984469473
7.447 1.0242838314267
7.448 1.02426911704102
7.449 1.02425430394982
7.45 1.02423939231267
7.451 1.02422438228912
7.452 1.02420927403875
7.453 1.02419406772112
7.454 1.02417876349578
7.455 1.02416336152232
7.456 1.02414786196028
7.457 1.02413226496924
7.458 1.02411657070875
7.459 1.02410077933839
7.46 1.02408489101772
7.461 1.02406890590629
7.462 1.02405282416368
7.463 1.02403664594945
7.464 1.02402037142316
7.465 1.02400400074438
7.466 1.02398753407266
7.467 1.02397097156759
7.468 1.02395431338871
7.469 1.02393755969559
7.47 1.0239207106478
7.471 1.02390376640491
7.472 1.02388672712646
7.473 1.02386959297204
7.474 1.0238523641012
7.475 1.02383504067351
7.476 1.02381762284853
7.477 1.02380011078583
7.478 1.02378250464496
7.479 1.0237648045855
7.48 1.02374701076701
7.481 1.02372912334905
7.482 1.02371114249118
7.483 1.02369306835298
7.484 1.023674901094
7.485 1.02365664087381
7.486 1.02363828785197
7.487 1.02361984218805
7.488 1.02360130404161
7.489 1.02358267357221
7.49 1.02356395072888
7.491 1.02354513453093
7.492 1.02352622374109
7.493 1.0235072171221
7.494 1.0234881134367
7.495 1.02346891144761
7.496 1.02344960991758
7.497 1.02343020760934
7.498 1.02341070328562
7.499 1.02339109570917
7.5 1.0233713836427
7.501 1.02335156584896
7.502 1.02333164109069
7.503 1.02331160813062
7.504 1.02329146573148
7.505 1.023271212656
7.506 1.02325084766693
7.507 1.023230369527
7.508 1.02320977699894
7.509 1.02318906884549
7.51 1.02316824382937
7.511 1.02314730071334
7.512 1.02312623826012
7.513 1.02310505523244
7.514 1.02308375039305
7.515 1.02306232250467
7.516 1.02304077033005
7.517 1.02301909263191
7.518 1.02299728817299
7.519 1.02297535571603
7.52 1.02295329402376
7.521 1.02293110185891
7.522 1.02290877798423
7.523 1.02288632116244
7.524 1.02286373015628
7.525 1.02284100372848
7.526 1.02281814064179
7.527 1.02279513965892
7.528 1.02277199954263
7.529 1.02274871905565
7.53 1.0227252969607
7.531 1.02270173202053
7.532 1.02267802299786
7.533 1.02265416865544
7.534 1.022630167756
7.535 1.02260601906227
7.536 1.02258172133699
7.537 1.0225572733429
7.538 1.02253267384272
7.539 1.02250792159919
7.54 1.02248301537506
7.541 1.02245795393304
7.542 1.02243273603588
7.543 1.02240736044632
7.544 1.02238182592708
7.545 1.0223561312409
7.546 1.02233027515052
7.547 1.02230425641868
7.548 1.0222780738081
7.549 1.02225172608152
7.55 1.02222521200167
7.551 1.0221985303313
7.552 1.02217167983314
7.553 1.02214465926991
7.554 1.02211746740436
7.555 1.02209010299922
7.556 1.02206256481723
7.557 1.02203485162112
7.558 1.02200696217362
7.559 1.02197889523747
7.56 1.02195064957541
7.561 1.02192222395016
7.562 1.02189361712448
7.563 1.02186482786108
7.564 1.0218358549227
7.565 1.02180669707208
7.566 1.02177735307196
7.567 1.02174782168507
7.568 1.02171810167414
7.569 1.02168819180191
7.57 1.02165809083111
7.571 1.02162779752448
7.572 1.02159731064475
7.573 1.02156662895466
7.574 1.02153575121695
7.575 1.02150467619434
7.576 1.02147340264957
7.577 1.02144192934538
7.578 1.02141025504451
7.579 1.02137837850968
7.58 1.02134629850363
7.581 1.0213140137891
7.582 1.02128152312882
7.583 1.02124882528553
7.584 1.02121591902195
7.585 1.02118280310084
7.586 1.02114947628491
7.587 1.02111593733691
7.588 1.02108218501958
7.589 1.02104821809563
7.59 1.02101403532782
7.591 1.02097963547887
7.592 1.02094501731153
7.593 1.02091017958851
7.594 1.02087512107257
7.595 1.02083984052643
7.596 1.02080433671284
7.597 1.02076860839451
7.598 1.0207326543342
7.599 1.02069647329463
7.6 1.02066006403854
7.601 1.02062342532866
7.602 1.02058655592773
7.603 1.02054945459848
7.604 1.02051212010365
7.605 1.02047455120598
7.606 1.02043674666819
7.607 1.02039870525303
7.608 1.02036042572322
7.609 1.02032190684151
7.61 1.02028314737062
7.611 1.0202441460733
7.612 1.02020490171227
7.613 1.02016541305028
7.614 1.02012567885005
7.615 1.02008569787432
7.616 1.02004546888583
7.617 1.02000499064732
7.618 1.0199642619215
7.619 1.01992328147113
7.62 1.01988204805894
7.621 1.01984056044765
7.622 1.01979881740001
7.623 1.01975681767876
7.624 1.01971456004661
7.625 1.01967204326632
7.626 1.01962926610061
7.627 1.01958622731223
7.628 1.01954292566389
7.629 1.01949935991835
7.63 1.01945552883833
7.631 1.01941143118657
7.632 1.0193670657258
7.633 1.01932243121877
7.634 1.01927752689944
7.635 1.01923235509443
7.636 1.01918691937726
7.637 1.01914122332494
7.638 1.01909527051444
7.639 1.01904906452274
7.64 1.01900260892683
7.641 1.0189559073037
7.642 1.01890896323033
7.643 1.01886178028371
7.644 1.01881436204081
7.645 1.01876671207863
7.646 1.01871883397414
7.647 1.01867073130434
7.648 1.0186224076462
7.649 1.01857386657672
7.65 1.01852511167287
7.651 1.01847614651164
7.652 1.01842697467002
7.653 1.01837759972499
7.654 1.01832802525354
7.655 1.01827825483264
7.656 1.01822829203929
7.657 1.01817814045046
7.658 1.01812780364315
7.659 1.01807728519434
7.66 1.01802658868101
7.661 1.01797571768014
7.662 1.01792467576873
7.663 1.01787346652375
7.664 1.0178220935222
7.665 1.01777056034104
7.666 1.01771887055728
7.667 1.01766702774789
7.668 1.01761503548987
7.669 1.01756289736018
7.67 1.01751061693582
7.671 1.01745819779378
7.672 1.01740564351103
7.673 1.01735295766456
7.674 1.01730014383136
7.675 1.01724720558841
7.676 1.01719414651269
7.677 1.0171409701812
7.678 1.01708768017091
7.679 1.01703428005881
7.68 1.01698077342188
7.681 1.01692716383711
7.682 1.01687345488148
7.683 1.01681965013198
7.684 1.01676575316559
7.685 1.0167117675593
7.686 1.01665769689009
7.687 1.01660354473495
7.688 1.01654931467085
7.689 1.01649501027479
7.69 1.01644063512375
7.691 1.01638619279472
7.692 1.01633168686467
7.693 1.01627712091059
7.694 1.01622249850948
7.695 1.0161678232383
7.696 1.01611309867405
7.697 1.01605832839371
7.698 1.01600351597427
7.699 1.01594866499271
7.7 1.01589377902602
7.701 1.01583886165117
7.702 1.01578391644516
7.703 1.01572894698496
7.704 1.01567395684757
7.705 1.01561894960997
7.706 1.01556392884914
7.707 1.01550889814207
7.708 1.01545386106574
7.709 1.01539882119713
7.71 1.01534378211324
7.711 1.01528874739104
7.712 1.01523372060752
7.713 1.01517870533967
7.714 1.01512370516446
7.715 1.01506872365889
7.716 1.01501376439993
7.717 1.01495883096458
7.718 1.01490392692982
7.719 1.01484905587263
7.72 1.01479422136999
7.721 1.0147394269989
7.722 1.01468467633633
7.723 1.01462997295927
7.724 1.01457532044471
7.725 1.01452072236962
7.726 1.014466182311
7.727 1.01441170384583
7.728 1.01435729055109
7.729 1.01430294600377
7.73 1.01424867378085
7.731 1.01419447745932
7.732 1.01414036061616
7.733 1.01408632682835
7.734 1.01403237967289
7.735 1.01397852272675
7.736 1.01392475956692
7.737 1.01387109377038
7.738 1.01381752891412
7.739 1.01376406857513
7.74 1.01371071633038
7.741 1.01365747575687
7.742 1.01360435043157
7.743 1.01355134393148
7.744 1.01349845983357
7.745 1.01344570171483
7.746 1.01339307315225
7.747 1.0133405777228
7.748 1.01328821900349
7.749 1.01323600057128
7.75 1.01318392600316
7.751 1.01313199887612
7.752 1.01308022276715
7.753 1.01302860125322
7.754 1.01297713791132
7.755 1.01292583631844
7.756 1.01287470005157
7.757 1.01282373268767
7.758 1.01277293780375
7.759 1.01272231897678
7.76 1.01267187978375
7.761 1.01262162380165
7.762 1.01257155460745
7.763 1.01252167577815
7.764 1.01247199089073
7.765 1.01242250352216
7.766 1.01237321724945
7.767 1.01232413564956
7.768 1.01227526229949
7.769 1.01222660077622
7.77 1.01217815465674
7.771 1.01212992751803
7.772 1.01208192293707
7.773 1.01203414449084
7.774 1.01198659575635
7.775 1.01193928031056
7.776 1.01189220173046
7.777 1.01184536359304
7.778 1.01179876903054
7.779 1.01175241776727
7.78 1.01170630795147
7.781 1.0116604377228
7.782 1.01161480522095
7.783 1.01156940858559
7.784 1.01152424595641
7.785 1.01147931547307
7.786 1.01143461527527
7.787 1.01139014350267
7.788 1.01134589829496
7.789 1.01130187779181
7.79 1.01125808013291
7.791 1.01121450345794
7.792 1.01117114590656
7.793 1.01112800561846
7.794 1.01108508073332
7.795 1.01104236939082
7.796 1.01099986973064
7.797 1.01095757989245
7.798 1.01091549801593
7.799 1.01087362224076
7.8 1.01083195070663
7.801 1.0107904815532
7.802 1.01074921292016
7.803 1.01070814294719
7.804 1.01066726977396
7.805 1.01062659154015
7.806 1.01058610638545
7.807 1.01054581244953
7.808 1.01050570787206
7.809 1.01046579079274
7.81 1.01042605935123
7.811 1.01038651168722
7.812 1.01034714594038
7.813 1.01030796025039
7.814 1.01026895275693
7.815 1.01023012159968
7.816 1.01019146491832
7.817 1.01015298085253
7.818 1.01011466754199
7.819 1.01007652312636
7.82 1.01003854574534
7.821 1.01000073353861
7.822 1.00996308464583
7.823 1.00992559720669
7.824 1.00988826936086
7.825 1.00985109924804
7.826 1.00981408500788
7.827 1.00977722478009
7.828 1.00974051670432
7.829 1.00970395892026
7.83 1.00966754956759
7.831 1.00963128678599
7.832 1.00959516871514
7.833 1.00955919349471
7.834 1.00952335926438
7.835 1.00948766416384
7.836 1.00945210633275
7.837 1.00941668391081
7.838 1.00938139503768
7.839 1.00934623785305
7.84 1.0093112104966
7.841 1.00927631110799
7.842 1.00924153782693
7.843 1.00920688879307
7.844 1.0091723621461
7.845 1.0091379560257
7.846 1.00910366857155
7.847 1.00906949792332
7.848 1.00903544222069
7.849 1.00900149960335
7.85 1.00896766821097
7.851 1.00893394618324
7.852 1.00890033165981
7.853 1.00886682278039
7.854 1.00883341768464
7.855 1.00880011451225
7.856 1.00876691140289
7.857 1.00873380649624
7.858 1.00870079793198
7.859 1.00866788384979
7.86 1.00863506238935
7.861 1.00860233169034
7.862 1.00856968989243
7.863 1.0085371351353
7.864 1.00850466555863
7.865 1.00847227930211
7.866 1.0084399745054
7.867 1.0084077493082
7.868 1.00837560185017
7.869 1.00834353027099
7.87 1.00831153271035
7.871 1.00827960730792
7.872 1.00824775220338
7.873 1.00821596553641
7.874 1.00818424544669
7.875 1.0081525900739
7.876 1.00812099755771
7.877 1.00808946603781
7.878 1.00805799365387
7.879 1.00802657854557
7.88 1.00799521885259
7.881 1.00796391271461
7.882 1.0079326582713
7.883 1.00790145366235
7.884 1.00787029702744
7.885 1.00783918650624
7.886 1.00780812023843
7.887 1.00777709636369
7.888 1.0077461130217
7.889 1.00771516835214
7.89 1.00768426049469
7.891 1.00765338758902
7.892 1.00762254777481
7.893 1.00759173919174
7.894 1.0075609599795
7.895 1.00753020827775
7.896 1.00749948222619
7.897 1.00746877996448
7.898 1.0074380996323
7.899 1.00740743936934
7.9 1.00737679731527
7.901 1.00734617160977
7.902 1.00731556039252
7.903 1.0072849618032
7.904 1.00725437398149
7.905 1.00722379506706
7.906 1.0071932231996
7.907 1.00716265651878
7.908 1.00713209316428
7.909 1.00710153127578
7.91 1.00707096899296
7.911 1.0070404044555
7.912 1.00700983580307
7.913 1.00697926117536
7.914 1.00694867871204
7.915 1.00691808655279
7.916 1.00688748283729
7.917 1.00685686570522
7.918 1.00682623329626
7.919 1.00679558375008
7.92 1.00676491520637
7.921 1.00673422580481
7.922 1.00670351373868
7.923 1.00667277779652
7.924 1.00664201713804
7.925 1.00661123092855
7.926 1.00658041833338
7.927 1.00654957851784
7.928 1.00651871064728
7.929 1.00648781388699
7.93 1.00645688740232
7.931 1.00642593035858
7.932 1.0063949419211
7.933 1.00636392125521
7.934 1.00633286752621
7.935 1.00630177989944
7.936 1.00627065754022
7.937 1.00623949961388
7.938 1.00620830528574
7.939 1.00617707372111
7.94 1.00614580408533
7.941 1.00611449554372
7.942 1.0060831472616
7.943 1.00605175840429
7.944 1.00602032813712
7.945 1.00598885562542
7.946 1.0059573400345
7.947 1.00592578052968
7.948 1.0058941762763
7.949 1.00586252643967
7.95 1.00583083018512
7.951 1.00579908667797
7.952 1.00576729508355
7.953 1.00573545456717
7.954 1.00570356429417
7.955 1.00567162342986
7.956 1.00563963113957
7.957 1.00560758658863
7.958 1.00557548894235
7.959 1.00554333736605
7.96 1.00551113102507
7.961 1.00547886908473
7.962 1.00544655071034
7.963 1.00541417506723
7.964 1.00538174132074
7.965 1.00534924863617
7.966 1.00531669617885
7.967 1.00528408311411
7.968 1.00525140860727
7.969 1.00521867182365
7.97 1.00518587192857
7.971 1.00515300808737
7.972 1.00512007946536
7.973 1.00508708522786
7.974 1.00505402454021
7.975 1.00502089656772
7.976 1.00498770047571
7.977 1.00495443542951
7.978 1.00492110059445
7.979 1.00488769513584
7.98 1.00485421821902
7.981 1.00482066900929
7.982 1.004787046672
7.983 1.00475335037245
7.984 1.00471957927598
7.985 1.0046857325479
7.986 1.00465180935354
7.987 1.00461780885823
7.988 1.00458373022729
7.989 1.00454957262603
7.99 1.00451533521979
7.991 1.00448101717388
7.992 1.00444661765364
7.993 1.00441213582438
7.994 1.00437757085143
7.995 1.00434292190011
7.996 1.00430818813574
7.997 1.00427336872365
7.998 1.00423846282916
7.999 1.00420346961759
8 1.00416838825427
8.001 1.00413321790453
8.002 1.00409795773368
8.003 1.00406260690704
8.004 1.00402716458995
8.005 1.00399162994772
8.006 1.00395600214568
8.007 1.00392028034915
8.008 1.00388446372346
8.009 1.00384855143392
8.01 1.00381254264586
8.011 1.00377643652461
8.012 1.00374023223549
8.013 1.00370392894382
8.014 1.00366752581493
8.015 1.00363102201413
8.016 1.00359441670676
8.017 1.00355770905813
8.018 1.00352089823357
8.019 1.0034839833984
8.02 1.00344696371795
8.021 1.00340983835753
8.022 1.00337260648248
8.023 1.00333526725811
8.024 1.00329781984975
8.025 1.00326026342273
8.026 1.00322259714236
8.027 1.00318482017397
8.028 1.00314693168288
8.029 1.00310893083442
8.03 1.0030708167939
8.031 1.00303258872666
8.032 1.00299424579802
8.033 1.0029557871733
8.034 1.00291721201781
8.035 1.0028785194969
8.036 1.00283970877587
8.037 1.00280077902006
8.038 1.00276172939478
8.039 1.00272255906537
8.04 1.00268326719713
8.041 1.0026438529554
8.042 1.00260431550551
8.043 1.00256465401276
8.044 1.0025248676425
8.045 1.00248495556003
8.046 1.00244491693068
8.047 1.00240475091979
8.048 1.00236445669266
8.049 1.00232403341463
8.05 1.00228348025101
8.051 1.00224279636714
8.052 1.00220198092833
8.053 1.0021610330999
8.054 1.00211995204719
8.055 1.00207873693551
8.056 1.00203738693019
8.057 1.00199590119654
8.058 1.00195427889991
8.059 1.0019125192056
8.06 1.00187062127894
8.061 1.00182858428525
8.062 1.00178640738986
8.063 1.0017440897581
8.064 1.00170163055528
8.065 1.00165902894672
8.066 1.00161628423881
8.067 1.00157339812062
8.068 1.00153037426542
8.069 1.00148721640698
8.07 1.00144392827908
8.071 1.00140051361551
8.072 1.00135697615005
8.073 1.00131331961646
8.074 1.00126954774854
8.075 1.00122566428007
8.076 1.00118167294481
8.077 1.00113757747656
8.078 1.00109338160909
8.079 1.00104908907618
8.08 1.00100470361161
8.081 1.00096022894915
8.082 1.0009156688226
8.083 1.00087102696572
8.084 1.00082630711231
8.085 1.00078151299613
8.086 1.00073664835096
8.087 1.0006917169106
8.088 1.00064672240881
8.089 1.00060166857937
8.09 1.00055655915607
8.091 1.00051139787268
8.092 1.00046618846299
8.093 1.00042093466077
8.094 1.0003756401998
8.095 1.00033030881387
8.096 1.00028494423674
8.097 1.00023955020221
8.098 1.00019413044405
8.099 1.00014868869604
8.1 1.00010322869195
8.101 1.00005775416558
8.102 1.00001226885069
8.103 0.999966776481078
8.104 0.999921280790508
8.105 0.999875785512764
8.106 0.999830294381627
8.107 0.999784811130876
8.108 0.999739339494291
8.109 0.999693883205649
8.11 0.999648445998733
8.111 0.99960303160732
8.112 0.999557643765189
8.113 0.999512286206122
8.114 0.999466962663897
8.115 0.999421676872294
8.116 0.999376432565091
8.117 0.999331233476069
8.118 0.999286083339008
8.119 0.999240985887685
8.12 0.999195944855882
8.121 0.999150963977377
8.122 0.99910604698595
8.123 0.999061197615381
8.124 0.999016419599448
8.125 0.998971716671932
8.126 0.998927092566612
8.127 0.998882551017267
8.128 0.998838095757677
8.129 0.998793730521622
8.13 0.998749459042879
8.131 0.99870528505523
8.132 0.998661212292454
8.133 0.99861724448833
8.134 0.998573385376638
8.135 0.998529638691157
8.136 0.998486008165667
8.137 0.998442497533946
8.138 0.998399110529776
8.139 0.998355850886934
8.14 0.998312722339201
8.141 0.998269728620356
8.142 0.998226873464178
8.143 0.998184160604447
8.144 0.998141593774943
8.145 0.998099176709444
8.146 0.998056913141732
8.147 0.998014806805584
8.148 0.99797286143478
8.149 0.9979310807631
8.15 0.997889468524323
8.151 0.997848028452229
8.152 0.997806764280598
8.153 0.997765679743208
8.154 0.997724778573839
8.155 0.997684064506271
8.156 0.997643541274283
8.157 0.997603212611655
8.158 0.997563082252166
8.159 0.997523153929595
8.16 0.997483431377723
8.161 0.997443918330328
8.162 0.99740461852119
8.163 0.997365535684088
8.164 0.997326673552803
8.165 0.997288035861113
8.166 0.997249626342798
8.167 0.997211448731637
8.168 0.997173506761411
8.169 0.997135804165897
8.17 0.997098344678876
8.171 0.997061132034128
8.172 0.997024169965432
8.173 0.996987462206567
8.174 0.996951012491312
8.175 0.996914824553447
8.176 0.996878902126753
8.177 0.996843248945007
8.178 0.996807868741991
8.179 0.996772765251482
8.18 0.99673794220726
8.181 0.996703403343106
8.182 0.996669152392799
8.183 0.996635193090118
8.184 0.996601529168841
8.185 0.996568164362751
8.186 0.996535102405624
8.187 0.996502347031241
8.188 0.996469901973382
8.189 0.996437770965826
8.19 0.996405957742352
8.191 0.996374466036739
8.192 0.996343299582768
8.193 0.996312462114219
8.194 0.996281957364869
8.195 0.996251789068499
8.196 0.996221960958888
8.197 0.996192476769816
8.198 0.996163340235062
8.199 0.996134555088405
8.2 0.996106125063626
8.201 0.996078053894504
8.202 0.996050345314817
8.203 0.996023003058346
8.204 0.99599603085887
8.205 0.995969432450169
8.206 0.995943211566021
8.207 0.995917371940207
8.208 0.995891917306506
8.209 0.995866851398698
8.21 0.99584217782647
8.211 0.995817897072661
8.212 0.995794006333759
8.213 0.995770502650237
8.214 0.995747383062568
8.215 0.995724644611229
8.216 0.995702284336691
8.217 0.995680299279428
8.218 0.995658686479915
8.219 0.995637442978626
8.22 0.995616565816034
8.221 0.995596052032614
8.222 0.995575898668839
8.223 0.995556102765183
8.224 0.99553666136212
8.225 0.995517571500123
8.226 0.995498830219668
8.227 0.995480434561227
8.228 0.995462381565274
8.229 0.995444668272284
8.23 0.99542729172273
8.231 0.995410248957087
8.232 0.995393537015827
8.233 0.995377152939425
8.234 0.995361093768355
8.235 0.995345356543091
8.236 0.995329938304106
8.237 0.995314836091874
8.238 0.99530004694687
8.239 0.995285567909567
8.24 0.995271396020439
8.241 0.995257528319961
8.242 0.995243961848604
8.243 0.995230693646845
8.244 0.995217720755156
8.245 0.995205040214012
8.246 0.995192649063886
8.247 0.995180544345252
8.248 0.995168723098585
8.249 0.995157182364357
8.25 0.995145919183043
8.251 0.995134930595117
8.252 0.995124213641053
8.253 0.995113765361324
8.254 0.995103582796405
8.255 0.995093662986769
8.256 0.99508400297289
8.257 0.995074599795242
8.258 0.995065450494299
8.259 0.995056552110535
8.26 0.995047901684424
8.261 0.995039496256439
8.262 0.995031332867054
8.263 0.995023408556744
8.264 0.995015720365983
8.265 0.995008265335243
8.266 0.995001040504999
8.267 0.994994042915725
8.268 0.994987269607895
8.269 0.994980717621982
8.27 0.994974383998462
8.271 0.994968265777806
8.272 0.99496236000049
8.273 0.994956663706986
8.274 0.99495117393777
8.275 0.994945887733315
8.276 0.994940802134095
8.277 0.994935914180583
8.278 0.994931220913254
8.279 0.994926719372581
8.28 0.994922406599039
8.281 0.9949182796331
8.282 0.99491433551524
8.283 0.994910571285932
8.284 0.99490698398565
8.285 0.994903570654867
8.286 0.994900328334058
8.287 0.994897254063697
8.288 0.994894344884257
8.289 0.994891597836212
8.29 0.994889009960036
8.291 0.994886578296204
8.292 0.994884299885188
8.293 0.994882171767463
8.294 0.994880190983503
8.295 0.994878354573781
8.296 0.994876659578772
8.297 0.994875103038949
8.298 0.994873681994786
8.299 0.994872393486757
8.3 0.994871234555336
8.301 0.994870202240997
8.302 0.994869293584214
8.303 0.994868505625461
8.304 0.99486783540521
8.305 0.994867279963938
8.306 0.994866836342116
8.307 0.994866501580219
8.308 0.994866272718722
8.309 0.994866146798098
8.31 0.99486612085882
8.311 0.994866191941363
8.312 0.9948663570862
8.313 0.994866613333806
8.314 0.994866957724654
8.315 0.994867387299218
8.316 0.994867899097973
8.317 0.994868490161391
8.318 0.994869157529947
8.319 0.994869898244115
8.32 0.994870709344368
8.321 0.994871587871181
8.322 0.994872530865027
8.323 0.994873535366381
8.324 0.994874598415716
8.325 0.994875717053505
8.326 0.994876888320224
8.327 0.994878109256345
8.328 0.994879376902342
8.329 0.994880688298691
8.33 0.994882040485863
8.331 0.994883430504334
8.332 0.994884855394578
8.333 0.994886312197067
8.334 0.994887797952276
8.335 0.994889309700679
8.336 0.99489084448275
8.337 0.994892399338962
8.338 0.994893971309789
8.339 0.994895557435706
8.34 0.994897154757187
8.341 0.994898760314704
8.342 0.994900371148732
8.343 0.994901984299745
8.344 0.994903596808217
8.345 0.994905205714622
8.346 0.994906808059433
8.347 0.994908400883124
8.348 0.994909981226169
8.349 0.994911546129043
8.35 0.994913092632219
8.351 0.994914617776171
8.352 0.994916118601373
8.353 0.994917592148298
8.354 0.994919035468283
8.355 0.994920446695727
8.356 0.994921825954336
8.357 0.99492317358121
8.358 0.994924489913445
8.359 0.994925775288142
8.36 0.994927030042399
8.361 0.994928254513315
8.362 0.994929449037988
8.363 0.994930613953518
8.364 0.994931749597002
8.365 0.99493285630554
8.366 0.99493393441623
8.367 0.994934984266171
8.368 0.994936006192462
8.369 0.994937000532201
8.37 0.994937967622487
8.371 0.994938907800419
8.372 0.994939821403096
8.373 0.994940708767615
8.374 0.994941570231077
8.375 0.994942406130578
8.376 0.99494321680322
8.377 0.9949440025861
8.378 0.994944763816316
8.379 0.994945500830967
8.38 0.994946213967153
8.381 0.994946903561972
8.382 0.994947569952521
8.383 0.994948213475902
8.384 0.994948834469211
8.385 0.994949433269548
8.386 0.994950010214011
8.387 0.994950565639699
8.388 0.994951099883711
8.389 0.994951613283146
8.39 0.994952106175102
8.391 0.994952578896677
8.392 0.994953031784972
8.393 0.994953465177083
8.394 0.99495387941011
8.395 0.994954274821153
8.396 0.994954651747308
8.397 0.994955010525676
8.398 0.994955351493354
8.399 0.994955674987443
8.4 0.994955981345039
8.401 0.994956270903242
8.402 0.994956543999151
8.403 0.994956800969864
8.404 0.994957042152481
8.405 0.994957267884099
8.406 0.994957478501817
8.407 0.994957674342735
8.408 0.994957855743951
8.409 0.994958023042563
8.41 0.99495817657567
8.411 0.994958316680372
8.412 0.994958443693766
8.413 0.994958557952951
8.414 0.994958659795027
8.415 0.994958749557091
8.416 0.994958827576243
8.417 0.994958894189582
8.418 0.994958949734205
8.419 0.994958994547211
8.42 0.994959028965701
8.421 0.99495905332677
8.422 0.994959067967521
8.423 0.994959073225049
8.424 0.994959069436454
8.425 0.994959056938836
8.426 0.994959036069292
8.427 0.994959007164921
8.428 0.994958970562822
8.429 0.994958926600094
8.43 0.994958875613835
8.431 0.994958817941145
8.432 0.994958753919121
8.433 0.994958683884863
8.434 0.994958608175468
8.435 0.994958527128037
8.436 0.994958441079668
8.437 0.994958350367458
8.438 0.994958255328508
8.439 0.994958156299916
8.44 0.99495805361878
8.441 0.994957947622199
8.442 0.994957838647272
8.443 0.994957727031098
8.444 0.994957613110775
8.445 0.994957497223401
8.446 0.994957379706077
8.447 0.9949572608959
8.448 0.994957141129969
8.449 0.994957020745383
8.45 0.99495690007924
8.451 0.994956779468639
8.452 0.99495665925068
8.453 0.99495653976246
8.454 0.994956421341078
8.455 0.994956304323633
8.456 0.994956189047224
8.457 0.99495607584895
8.458 0.994955965065909
8.459 0.994955857035199
8.46 0.99495575209392
8.461 0.99495565057917
8.462 0.994955552828049
8.463 0.994955459177654
8.464 0.994955369965084
8.465 0.994955285527439
8.466 0.994955206201816
8.467 0.994955132325314
8.468 0.994955064235033
8.469 0.994955002268071
8.47 0.994954946761527
8.471 0.994954898052498
8.472 0.994954856478085
8.473 0.994954822375385
8.474 0.994954796081498
8.475 0.994954777933522
8.476 0.994954768268556
8.477 0.994954767423698
8.478 0.994954775736048
8.479 0.994954793542704
8.48 0.994954821180764
8.481 0.994954858987327
8.482 0.994954907299493
8.483 0.99495496645436
8.484 0.994955036789026
8.485 0.99495511864059
8.486 0.994955212346151
8.487 0.994955318242807
8.488 0.994955436667658
8.489 0.994955567957802
8.49 0.994955712450338
8.491 0.994955870482364
8.492 0.994956042390979
8.493 0.994956228513282
8.494 0.994956429186372
8.495 0.994956644747347
8.496 0.994956875533305
8.497 0.994957121881347
8.498 0.994957384128561
8.499 0.994957662452575
8.5 0.99495795646455
8.501 0.994958265649914
8.502 0.994958589494097
8.503 0.994958927482527
8.504 0.994959279100634
8.505 0.994959643833847
8.506 0.994960021167596
8.507 0.994960410587309
8.508 0.994960811578416
8.509 0.994961223626346
8.51 0.994961646216528
8.511 0.994962078834391
8.512 0.994962520965365
8.513 0.994962972094879
8.514 0.994963431708361
8.515 0.994963899291241
8.516 0.994964374328949
8.517 0.994964856306913
8.518 0.994965344710564
8.519 0.994965839025329
8.52 0.994966338736638
8.521 0.99496684332992
8.522 0.994967352290605
8.523 0.994967865104122
8.524 0.994968381255899
8.525 0.994968900231367
8.526 0.994969421515954
8.527 0.994969944595089
8.528 0.994970468954202
8.529 0.994970994078722
8.53 0.994971519454079
8.531 0.9949720445657
8.532 0.994972568899016
8.533 0.994973091939455
8.534 0.994973613172448
8.535 0.994974132083423
8.536 0.994974648157809
8.537 0.994975160881035
8.538 0.994975669738532
8.539 0.994976174215727
8.54 0.99497667379805
8.541 0.994977167970931
8.542 0.994977656219798
8.543 0.99497813803008
8.544 0.994978612887208
8.545 0.99497908027661
8.546 0.994979539683715
8.547 0.994979990593952
8.548 0.994980432492751
8.549 0.994980864865541
8.55 0.994981287197752
8.551 0.994981698974811
8.552 0.994982099682149
8.553 0.994982488805195
8.554 0.994982865829378
8.555 0.994983230240127
8.556 0.994983581522871
8.557 0.994983919163039
8.558 0.994984242646061
8.559 0.994984551457366
8.56 0.994984845082384
8.561 0.994985123006542
8.562 0.994985384715271
8.563 0.994985629694
8.564 0.994985857428158
8.565 0.994986067403173
8.566 0.994986259104476
8.567 0.994986432017496
8.568 0.994986585627661
8.569 0.994986719420401
8.57 0.994986832881145
8.571 0.994986925495323
8.572 0.994986996748363
8.573 0.994987046125694
8.574 0.994987073112747
8.575 0.994987077194949
8.576 0.994987057857731
8.577 0.994987014586522
8.578 0.99498694686675
8.579 0.994986854183845
8.58 0.994986736023236
8.581 0.994986591870352
8.582 0.994986421210623
8.583 0.994986223529478
8.584 0.994985998312345
8.585 0.994985745044655
8.586 0.994985463211835
8.587 0.994985152299317
8.588 0.994984811792528
8.589 0.994984441176898
8.59 0.994984039937855
8.591 0.99498360756083
8.592 0.994983143531252
8.593 0.99498264733455
8.594 0.994982118456152
8.595 0.994981556381488
8.596 0.994980960595988
8.597 0.99498033058508
8.598 0.994979665834194
8.599 0.994978965828758
8.6 0.994978230054203
8.601 0.994977457995957
8.602 0.99497664913945
8.603 0.99497580297011
8.604 0.994974918973367
8.605 0.99497399663465
8.606 0.994973035439389
8.607 0.994972034873011
8.608 0.994970994420948
8.609 0.994969913568627
8.61 0.994968791801479
8.611 0.994967628604932
8.612 0.994966423464415
8.613 0.994965175865358
8.614 0.99496388529319
8.615 0.99496255123334
8.616 0.994961173171237
8.617 0.994959750592311
8.618 0.99495828298199
8.619 0.994956769825704
8.62 0.994955210608882
8.621 0.994953604816954
8.622 0.994951951935348
8.623 0.994950251449494
8.624 0.99494850284482
8.625 0.994946705606757
8.626 0.994944859220733
8.627 0.994942963172177
8.628 0.994941016946519
8.629 0.994939020029188
8.63 0.994936971905613
8.631 0.994934872061223
8.632 0.994932719981448
8.633 0.994930515151716
8.634 0.994928257057457
8.635 0.994925945184101
8.636 0.994923579017075
8.637 0.994921158041811
8.638 0.994918681743735
8.639 0.994916149608279
8.64 0.994913561120871
8.641 0.994910915766939
8.642 0.994908213031915
8.643 0.994905452795297
8.644 0.994902637767594
8.645 0.994899771897
8.646 0.994896859136909
8.647 0.994893903440717
8.648 0.994890908761819
8.649 0.99488787905361
8.65 0.994884818269484
8.651 0.994881730362836
8.652 0.994878619287063
8.653 0.994875488995558
8.654 0.994872343441716
8.655 0.994869186578933
8.656 0.994866022360603
8.657 0.994862854740122
8.658 0.994859687670883
8.659 0.994856525106284
8.66 0.994853370999717
8.661 0.994850229304579
8.662 0.994847103974264
8.663 0.994843998962167
8.664 0.994840918221683
8.665 0.994837865706207
8.666 0.994834845369134
8.667 0.99483186116386
8.668 0.994828917043778
8.669 0.994826016962284
8.67 0.994823164872773
8.671 0.99482036472864
8.672 0.99481762048328
8.673 0.994814936090087
8.674 0.994812315502458
8.675 0.994809762673786
8.676 0.994807281557466
8.677 0.994804876106894
8.678 0.994802550275465
8.679 0.994800308016574
8.68 0.994798153283615
8.681 0.994796090029983
8.682 0.994794122209074
8.683 0.994792253774282
8.684 0.994790488679002
8.685 0.994788830876631
8.686 0.994787284320561
8.687 0.994785852964188
8.688 0.994784540760908
8.689 0.994783351664115
8.69 0.994782289627204
8.691 0.99478135860357
8.692 0.994780562546608
8.693 0.994779905409713
8.694 0.99477939114628
8.695 0.994779023709705
8.696 0.994778807053381
8.697 0.994778745130704
8.698 0.994778841895069
8.699 0.99477910129987
8.7 0.994779527298504
8.701 0.994780123844364
8.702 0.994780894890846
8.703 0.994781844391344
8.704 0.994782976299254
8.705 0.994784294567971
8.706 0.994785803150889
8.707 0.994787506001404
8.708 0.99478940707291
8.709 0.994791510318803
8.71 0.994793819692477
8.711 0.994796339147327
8.712 0.994799072636749
8.713 0.994802024114137
8.714 0.994805197532886
8.715 0.994808596846392
8.716 0.994812226008048
8.717 0.994816088971251
8.718 0.994820189689395
8.719 0.994824532115875
8.72 0.994829120204086
8.721 0.994833957907423
8.722 0.994839049179281
8.723 0.994844397973055
8.724 0.994850008242139
8.725 0.99485588393993
8.726 0.994862029019821
8.727 0.994868447435208
8.728 0.994875143139486
8.729 0.99488212008605
8.73 0.994889382228294
8.731 0.994896933519614
8.732 0.994904777913404
8.733 0.99491291936306
8.734 0.994921361821976
8.735 0.994930109243548
8.736 0.99493916558117
8.737 0.994948534788238
8.738 0.994958220818146
8.739 0.99496822762429
8.74 0.994978559160063
8.741 0.994989219378862
8.742 0.995000212234081
8.743 0.995011541679116
8.744 0.99502321166736
8.745 0.995035226152209
8.746 0.995047589087059
8.747 0.995060304425303
8.748 0.995073376120338
8.749 0.995086808125557
8.75 0.995100604394356
8.751 0.995114768880131
8.752 0.995129305536275
8.753 0.995144218316184
8.754 0.995159511173252
8.755 0.995175188060875
8.756 0.995191252932448
8.757 0.995207709741366
8.758 0.995224562441023
8.759 0.995241814984815
8.76 0.995259471326136
8.761 0.995277535418382
8.762 0.995296011214948
8.763 0.995314902669228
8.764 0.995334213734617
8.765 0.99535394836451
8.766 0.995374110512303
8.767 0.99539470413139
8.768 0.995415733175166
8.769 0.995437201597026
8.77 0.995459113350366
8.771 0.99548147238858
8.772 0.995504282665063
8.773 0.99552754813321
8.774 0.995551272746415
8.775 0.995575460458075
8.776 0.995600115221584
8.777 0.995625240990336
8.778 0.995650841717728
8.779 0.995676921357154
8.78 0.995703483862008
8.781 0.995730533185686
8.782 0.995758073281582
8.783 0.995786108103092
8.784 0.995814641603611
8.785 0.995843677736534
8.786 0.995873220455255
8.787 0.995903273419319
8.788 0.99593383506419
8.789 0.995964899333729
8.79 0.995996460025496
8.791 0.996028510937048
8.792 0.996061045865941
8.793 0.996094058609734
8.794 0.996127542965983
8.795 0.996161492732247
8.796 0.996195901706083
8.797 0.996230763685048
8.798 0.996266072466699
8.799 0.996301821848595
8.8 0.996338005628292
8.801 0.996374617603348
8.802 0.996411651571321
8.803 0.996449101329768
8.804 0.996486960676247
8.805 0.996525223408314
8.806 0.996563883323528
8.807 0.996602934219446
8.808 0.996642369893625
8.809 0.996682184143623
8.81 0.996722370766997
8.811 0.996762923561305
8.812 0.996803836324104
8.813 0.996845102852951
8.814 0.996886716945405
8.815 0.996928672399023
8.816 0.996970963011361
8.817 0.997013582579978
8.818 0.997056524902431
8.819 0.997099783776277
8.82 0.997143352999075
8.821 0.997187226368381
8.822 0.997231397681752
8.823 0.997275860736747
8.824 0.997320609330923
8.825 0.997365637261836
8.826 0.997410938327046
8.827 0.997456506324108
8.828 0.997502335050582
8.829 0.997548418304023
8.83 0.99759474988199
8.831 0.99764132358204
8.832 0.99768813320173
8.833 0.997735172538618
8.834 0.997782435390262
8.835 0.997829915554219
8.836 0.997877606828046
8.837 0.997925503009301
8.838 0.997973597895541
8.839 0.998021885284323
8.84 0.998070358973207
8.841 0.998119012759747
8.842 0.998167840441503
8.843 0.998216835816031
8.844 0.998265992680889
8.845 0.998315304833635
8.846 0.998364766071826
8.847 0.998414370193019
8.848 0.998464110994772
8.849 0.998513982274643
8.85 0.998563977830188
8.851 0.998614091458965
8.852 0.998664316958533
8.853 0.998714648126448
8.854 0.998765078760267
8.855 0.998815602657548
8.856 0.998866213615849
8.857 0.998916905432727
8.858 0.99896767190574
8.859 0.999018506832445
8.86 0.999069404010399
8.861 0.99912035723716
8.862 0.999171360310286
8.863 0.999222407027333
8.864 0.99927349118586
8.865 0.999324606583423
8.866 0.999375747017581
8.867 0.99942690628589
8.868 0.999478078185909
8.869 0.999529256515194
8.87 0.999580435071303
8.871 0.999631607651794
8.872 0.999682768054225
8.873 0.999733910076151
8.874 0.999785027515132
8.875 0.999836114168723
8.876 0.999887163834484
8.877 0.999938170309971
8.878 0.999989127392742
8.879 1.00004002888035
8.88 1.00009086857037
8.881 1.00014164026033
8.882 1.00019233774781
8.883 1.00024295483037
8.884 1.00029348530555
8.885 1.00034392297091
8.886 1.00039426162402
8.887 1.00044449506243
8.888 1.0004946170837
8.889 1.00054462148539
8.89 1.00059450206505
8.891 1.00064425262024
8.892 1.00069386694852
8.893 1.00074333884744
8.894 1.00079266211457
8.895 1.00084183054746
8.896 1.00089083794366
8.897 1.00093967810074
8.898 1.00098834481626
8.899 1.00103683188776
8.9 1.00108513311282
8.901 1.00113324228898
8.902 1.0011811532138
8.903 1.00122885968484
8.904 1.00127635549966
8.905 1.00132363445582
8.906 1.00137069035087
8.907 1.00141751698236
8.908 1.00146410814787
8.909 1.00151045764494
8.91 1.00155655927114
8.911 1.00160240682401
8.912 1.00164799410112
8.913 1.00169331490003
8.914 1.00173836301829
8.915 1.00178313225346
8.916 1.0018276164031
8.917 1.00187180926476
8.918 1.001915704636
8.919 1.00195929631439
8.92 1.00200257809747
8.921 1.00204554378281
8.922 1.00208818716795
8.923 1.00213050205047
8.924 1.00217248222792
8.925 1.00221412149785
8.926 1.00225541365782
8.927 1.00229635250539
8.928 1.00233693183812
8.929 1.00237714545356
8.93 1.00241698714928
8.931 1.00245645072886
8.932 1.00249553209001
8.933 1.00253423228506
8.934 1.0025725531453
8.935 1.00261049650198
8.936 1.0026480641864
8.937 1.00268525802981
8.938 1.00272207986349
8.939 1.00275853151872
8.94 1.00279461482677
8.941 1.0028303316189
8.942 1.0028656837264
8.943 1.00290067298053
8.944 1.00293530121258
8.945 1.0029695702538
8.946 1.00300348193547
8.947 1.00303703808887
8.948 1.00307024054527
8.949 1.00310309113594
8.95 1.00313559169216
8.951 1.00316774404519
8.952 1.00319955002631
8.953 1.0032310114668
8.954 1.00326213019792
8.955 1.00329290805094
8.956 1.00332334685715
8.957 1.00335344844781
8.958 1.0033832146542
8.959 1.00341264730758
8.96 1.00344174823924
8.961 1.00347051928044
8.962 1.00349896226245
8.963 1.00352707901656
8.964 1.00355487137403
8.965 1.00358234116613
8.966 1.00360949022414
8.967 1.00363632037934
8.968 1.00366283346298
8.969 1.00368903130635
8.97 1.00371491574072
8.971 1.00374048859736
8.972 1.00376575170754
8.973 1.00379070690254
8.974 1.00381535601363
8.975 1.00383970087209
8.976 1.00386374330917
8.977 1.00388748515617
8.978 1.00391092824434
8.979 1.00393407440497
8.98 1.00395692546932
8.981 1.00397948326867
8.982 1.0040017496343
8.983 1.00402372639746
8.984 1.00404541538945
8.985 1.00406681844152
8.986 1.00408793738495
8.987 1.00410877405102
8.988 1.004129330271
8.989 1.00414960787615
8.99 1.00416960869776
8.991 1.00418933456709
8.992 1.00420878731543
8.993 1.00422796877403
8.994 1.00424688077418
8.995 1.00426552514714
8.996 1.00428390372419
8.997 1.00430201833661
8.998 1.00431987081566
8.999 1.00433746299261
9 1.00435479669875
9.001 1.00437187376534
9.002 1.00438869602365
9.003 1.00440526530496
9.004 1.00442158344055
9.005 1.00443765226167
9.006 1.00445347359961
9.007 1.00446904928565
9.008 1.00448438115104
9.009 1.00449947102707
9.01 1.004514320745
9.011 1.00452893213612
9.012 1.00454330703168
9.013 1.00455744726298
9.014 1.00457135466127
9.015 1.00458503105783
9.016 1.00459847828393
9.017 1.00461169817085
9.018 1.00462469254986
9.019 1.00463746325223
9.02 1.00465001210924
9.021 1.00466234095215
9.022 1.00467445161224
9.023 1.00468634592079
9.024 1.00469802570906
9.025 1.00470949280832
9.026 1.00472074904986
9.027 1.00473179626494
9.028 1.00474263628484
9.029 1.00475327094082
9.03 1.00476370206417
9.031 1.00477393148615
9.032 1.00478396103804
9.033 1.00479379255111
9.034 1.00480342785663
9.035 1.00481286878587
9.036 1.00482211717012
9.037 1.00483117484063
9.038 1.00484004362868
9.039 1.00484872536556
9.04 1.00485722188252
9.041 1.00486553501084
9.042 1.00487366658179
9.043 1.00488161842666
9.044 1.0048893923767
9.045 1.00489699026319
9.046 1.00490441391741
9.047 1.00491166517063
9.048 1.00491874585412
9.049 1.00492565779915
9.05 1.00493240283699
9.051 1.00493898279892
9.052 1.00494539951622
9.053 1.00495165482015
9.054 1.00495775054198
9.055 1.004963688513
9.056 1.00496947056447
9.057 1.00497509852766
9.058 1.00498057423385
9.059 1.00498589951431
9.06 1.00499107620031
9.061 1.00499610612312
9.062 1.00500099111403
9.063 1.0050057330043
9.064 1.0050103336252
9.065 1.00501479480801
9.066 1.00501911838399
9.067 1.00502330618443
9.068 1.00502736004059
9.069 1.00503128178375
9.07 1.00503507324518
9.071 1.00503873625616
9.072 1.00504227264794
9.073 1.00504568425182
9.074 1.00504897289906
9.075 1.00505214042093
9.076 1.00505518862354
9.077 1.00505811916546
9.078 1.00506093365167
9.079 1.00506363368705
9.08 1.00506622087651
9.081 1.00506869682495
9.082 1.00507106313725
9.083 1.00507332141833
9.084 1.00507547327307
9.085 1.00507752030637
9.086 1.00507946412313
9.087 1.00508130632825
9.088 1.00508304852662
9.089 1.00508469232315
9.09 1.00508623932272
9.091 1.00508769113023
9.092 1.00508904935058
9.093 1.00509031558868
9.094 1.00509149144941
9.095 1.00509257853767
9.096 1.00509357845836
9.097 1.00509449281637
9.098 1.00509532321661
9.099 1.00509607126398
9.1 1.00509673856335
9.101 1.00509732671965
9.102 1.00509783733775
9.103 1.00509827202256
9.104 1.00509863237898
9.105 1.0050989200119
9.106 1.00509913652622
9.107 1.00509928352684
9.108 1.00509936261865
9.109 1.00509937540655
9.11 1.00509932349544
9.111 1.00509920849022
9.112 1.00509903199577
9.113 1.00509879561701
9.114 1.00509850095882
9.115 1.0050981496261
9.116 1.00509774322375
9.117 1.00509728335667
9.118 1.00509677162975
9.119 1.0050962096479
9.12 1.005095599016
9.121 1.00509494133896
9.122 1.00509423822166
9.123 1.00509349126902
9.124 1.00509270208592
9.125 1.00509187227727
9.126 1.00509100344796
9.127 1.00509009720288
9.128 1.00508915514694
9.129 1.00508817888502
9.13 1.00508717002204
9.131 1.00508613016288
9.132 1.00508506091244
9.133 1.00508396387562
9.134 1.00508284065732
9.135 1.00508169286243
9.136 1.00508052209585
9.137 1.00507932996248
9.138 1.00507811806721
9.139 1.00507688801494
9.14 1.00507564141058
9.141 1.005074379859
9.142 1.00507310496512
9.143 1.00507181833383
9.144 1.00507052157002
9.145 1.0050692162786
9.146 1.00506790406446
9.147 1.00506658653249
9.148 1.0050652652876
9.149 1.00506394193468
9.15 1.00506261807863
9.151 1.00506129532434
9.152 1.00505997527672
9.153 1.00505865954065
9.154 1.00505734972104
9.155 1.00505604742279
9.156 1.00505475425078
9.157 1.00505347180993
9.158 1.00505220170511
9.159 1.00505094554124
9.16 1.00504970492321
9.161 1.00504848145591
9.162 1.00504727674425
9.163 1.00504609239311
9.164 1.0050449300074
9.165 1.00504379119201
9.166 1.00504267755185
9.167 1.0050415906918
9.168 1.00504053221677
9.169 1.00503950373165
9.17 1.00503850684133
9.171 1.00503754315073
9.172 1.00503661426472
9.173 1.00503572178822
9.174 1.00503486732611
9.175 1.0050340524833
9.176 1.00503327886467
9.177 1.00503254807514
9.178 1.00503186171958
9.179 1.00503122140291
9.18 1.00503062873002
9.181 1.00503008530581
9.182 1.00502959273517
9.183 1.00502915262299
9.184 1.00502876657419
9.185 1.00502843619365
9.186 1.00502816308627
9.187 1.00502794885694
9.188 1.00502779511057
9.189 1.00502770345206
9.19 1.00502767548629
9.191 1.00502771281817
9.192 1.00502781705259
9.193 1.00502798979445
9.194 1.00502823264865
9.195 1.00502854722008
9.196 1.00502893511365
9.197 1.00502939793424
9.198 1.00502993728675
9.199 1.00503055477609
9.2 1.00503125200715
9.201 1.00503203058482
9.202 1.00503289211401
9.203 1.00503383819961
9.204 1.00503487044651
9.205 1.00503599045962
9.206 1.00503719984383
9.207 1.00503850020404
9.208 1.00503989314514
9.209 1.00504138027204
9.21 1.00504296318962
9.211 1.00504464350279
9.212 1.00504642281644
9.213 1.00504830273548
9.214 1.00505028486479
9.215 1.00505237080928
9.216 1.00505456217383
9.217 1.00505686056336
9.218 1.00505926758275
9.219 1.0050617848369
9.22 1.00506441387344
9.221 1.00506715551352
9.222 1.00507001007906
9.223 1.00507297788219
9.224 1.00507605923502
9.225 1.00507925444968
9.226 1.00508256383829
9.227 1.00508598771297
9.228 1.00508952638584
9.229 1.00509318016902
9.23 1.00509694937463
9.231 1.0051008343148
9.232 1.00510483530164
9.233 1.00510895264728
9.234 1.00511318666384
9.235 1.00511753766343
9.236 1.00512200595819
9.237 1.00512659186023
9.238 1.00513129568167
9.239 1.00513611773463
9.24 1.00514105833124
9.241 1.00514611778361
9.242 1.00515129640387
9.243 1.00515659450414
9.244 1.00516201239654
9.245 1.00516755039319
9.246 1.0051732088062
9.247 1.00517898794772
9.248 1.00518488812984
9.249 1.0051909096647
9.25 1.00519705286442
9.251 1.00520331804111
9.252 1.0052097055069
9.253 1.00521621557392
9.254 1.00522284855427
9.255 1.00522960476008
9.256 1.00523648450348
9.257 1.00524348809658
9.258 1.00525061585151
9.259 1.00525786808038
9.26 1.00526524509532
9.261 1.00527274720845
9.262 1.00528037473189
9.263 1.00528812797776
9.264 1.00529600725818
9.265 1.00530401288528
9.266 1.00531214517117
9.267 1.00532040442797
9.268 1.00532879096782
9.269 1.00533730510282
9.27 1.0053459471451
9.271 1.00535471740677
9.272 1.00536361619998
9.273 1.00537264383682
9.274 1.00538180062943
9.275 1.00539108688992
9.276 1.00540050293042
9.277 1.00541004906304
9.278 1.00541972559992
9.279 1.00542953285316
9.28 1.00543947113489
9.281 1.00544954075724
9.282 1.00545974203231
9.283 1.00547007527225
9.284 1.00548054078915
9.285 1.00549113889516
9.286 1.00550186990238
9.287 1.00551273412294
9.288 1.00552373186896
9.289 1.00553486345256
9.29 1.00554612918586
9.291 1.00555752938099
9.292 1.00556906435006
9.293 1.00558073440519
9.294 1.00559253985851
9.295 1.00560448102214
9.296 1.0056165582082
9.297 1.00562877172881
9.298 1.00564112189609
9.299 1.00565360902217
9.3 1.00566623341915
9.301 1.00567899539917
9.302 1.00569189527435
9.303 1.0057049333568
9.304 1.00571810995866
9.305 1.00573142539203
9.306 1.00574487996904
9.307 1.00575847400181
9.308 1.00577220780247
9.309 1.00578608168313
9.31 1.00580009595592
9.311 1.00581425093295
9.312 1.00582854692635
9.313 1.00584298424823
9.314 1.00585756321073
9.315 1.00587228412596
9.316 1.00588714730604
9.317 1.00590215306309
9.318 1.00591730170924
9.319 1.0059325935566
9.32 1.0059480289173
9.321 1.00596360810346
9.322 1.0059793314272
9.323 1.00599519920063
9.324 1.00601121173589
9.325 1.00602736934509
9.326 1.00604367234035
9.327 1.0060601210338
9.328 1.00607671573755
9.329 1.00609345676374
9.33 1.00611034442446
9.331 1.00612737903186
9.332 1.00614456089805
9.333 1.00616189033515
9.334 1.00617936765528
9.335 1.00619699317057
9.336 1.00621476719313
9.337 1.00623269003509
9.338 1.00625076200856
9.339 1.00626898342568
9.34 1.00628735459855
9.341 1.0063058758393
9.342 1.00632454746006
9.343 1.00634336977294
9.344 1.00636234309006
9.345 1.00638146772355
9.346 1.00640074398552
9.347 1.0064201721881
9.348 1.00643975264341
9.349 1.00645948566357
9.35 1.00647937156071
9.351 1.00649941064693
9.352 1.00651960323437
9.353 1.00653994963514
9.354 1.00656045016137
9.355 1.00658110512517
9.356 1.00660191483867
9.357 1.006622879614
9.358 1.00664399976326
9.359 1.00666527559858
9.36 1.00668670743209
9.361 1.0067082955759
9.362 1.00673004034213
9.363 1.00675194204291
9.364 1.00677400096133
9.365 1.00679621603771
9.366 1.00681858433306
9.367 1.00684110276818
9.368 1.00686376826391
9.369 1.00688657774106
9.37 1.00690952812046
9.371 1.00693261632292
9.372 1.00695583926927
9.373 1.00697919388032
9.374 1.0070026770769
9.375 1.00702628577983
9.376 1.00705001690992
9.377 1.00707386738801
9.378 1.00709783413491
9.379 1.00712191407143
9.38 1.00714610411841
9.381 1.00717040119667
9.382 1.00719480222701
9.383 1.00721930413027
9.384 1.00724390382727
9.385 1.00726859823882
9.386 1.00729338428575
9.387 1.00731825888887
9.388 1.00734321896902
9.389 1.007368261447
9.39 1.00739338324365
9.391 1.00741858127977
9.392 1.0074438524762
9.393 1.00746919375374
9.394 1.00749460203324
9.395 1.00752007423549
9.396 1.00754560728133
9.397 1.00757119809158
9.398 1.00759684358705
9.399 1.00762254068857
9.4 1.00764828631696
9.401 1.00767407739304
9.402 1.00769991083763
9.403 1.00772578357155
9.404 1.00775169251561
9.405 1.00777763459066
9.406 1.00780360671749
9.407 1.00782960581694
9.408 1.00785562880982
9.409 1.00788167261696
9.41 1.00790773415917
9.411 1.00793381035729
9.412 1.00795989813211
9.413 1.00798599440448
9.414 1.00801209609521
9.415 1.00803820012512
9.416 1.00806430341503
9.417 1.00809040288576
9.418 1.00811649545813
9.419 1.00814257805297
9.42 1.00816864759109
9.421 1.00819470099331
9.422 1.00822073518047
9.423 1.00824674707337
9.424 1.00827273359283
9.425 1.00829869165969
9.426 1.00832461819475
9.427 1.00835051011884
9.428 1.00837636435279
9.429 1.0084021778174
9.43 1.00842794743351
9.431 1.00845367012194
9.432 1.00847934280349
9.433 1.008504962399
9.434 1.00853052582929
9.435 1.00855603001517
9.436 1.00858147187747
9.437 1.00860684833701
9.438 1.0086321563146
9.439 1.00865739273108
9.44 1.00868255450726
9.441 1.00870763856396
9.442 1.008732641822
9.443 1.0087575612022
9.444 1.00878239362538
9.445 1.00880713601238
9.446 1.00883178528399
9.447 1.00885633836105
9.448 1.00888079216438
9.449 1.0089051436148
9.45 1.00892938963313
9.451 1.00895352714018
9.452 1.00897755305679
9.453 1.00900146430376
9.454 1.00902525780193
9.455 1.00904893047211
9.456 1.00907247923513
9.457 1.0090959010118
9.458 1.00911919272294
9.459 1.00914235128938
9.46 1.00916537363193
9.461 1.00918825667143
9.462 1.00921099732868
9.463 1.00923359252451
9.464 1.00925603917974
9.465 1.00927833421519
9.466 1.00930047455168
9.467 1.00932245711004
9.468 1.00934427881107
9.469 1.00936593657562
9.47 1.00938742732448
9.471 1.00940874797849
9.472 1.00942989545847
9.473 1.00945086668524
9.474 1.00947165857961
9.475 1.00949226806241
9.476 1.00951269205446
9.477 1.00953292747659
9.478 1.0095529712496
9.479 1.00957282029432
9.48 1.00959247153158
9.481 1.00961192188219
9.482 1.00963116826698
9.483 1.00965020760676
9.484 1.00966903682236
9.485 1.00968765283459
9.486 1.00970605256428
9.487 1.00972423293225
9.488 1.00974219085932
9.489 1.00975992326631
9.49 1.00977742707404
9.491 1.00979469920333
9.492 1.00981173657501
9.493 1.00982853610989
9.494 1.00984509472879
9.495 1.00986140935253
9.496 1.00987747690195
9.497 1.00989329429784
9.498 1.00990885846105
9.499 1.00992416631239
9.5 1.00993921477267
9.501 1.00995400076272
9.502 1.00996852120336
9.503 1.00998277301542
9.504 1.00999675311971
9.505 1.01001045843705
9.506 1.01002388588826
9.507 1.01003703239417
9.508 1.01004989487579
9.509 1.01006247135191
9.51 1.01007476351117
9.511 1.01008677380824
9.512 1.01009850469777
9.513 1.01010995863441
9.514 1.01012113807281
9.515 1.01013204546765
9.516 1.01014268327355
9.517 1.01015305394519
9.518 1.01016315993722
9.519 1.01017300370428
9.52 1.01018258770105
9.521 1.01019191438216
9.522 1.01020098620227
9.523 1.01020980561605
9.524 1.01021837507814
9.525 1.01022669704319
9.526 1.01023477396587
9.527 1.01024260830083
9.528 1.01025020250272
9.529 1.01025755902619
9.53 1.0102646803259
9.531 1.01027156885651
9.532 1.01027822707267
9.533 1.01028465742904
9.534 1.01029086238026
9.535 1.010296844381
9.536 1.0103026058859
9.537 1.01030814934963
9.538 1.01031347722684
9.539 1.01031859197217
9.54 1.01032349604029
9.541 1.01032819188586
9.542 1.01033268196352
9.543 1.01033696872792
9.544 1.01034105463374
9.545 1.01034494213561
9.546 1.01034863368819
9.547 1.01035213174615
9.548 1.01035543876412
9.549 1.01035855719678
9.55 1.01036148949876
9.551 1.01036423812473
9.552 1.01036680552934
9.553 1.01036919416725
9.554 1.01037140649311
9.555 1.01037344496157
9.556 1.01037531202729
9.557 1.01037701014493
9.558 1.01037854176913
9.559 1.01037990935455
9.56 1.01038111535586
9.561 1.01038216222769
9.562 1.01038305242471
9.563 1.01038378840157
9.564 1.01038437261293
9.565 1.01038480751344
9.566 1.01038509555775
9.567 1.01038523920052
9.568 1.0103852408964
9.569 1.01038510310005
9.57 1.01038482826613
9.571 1.01038441884928
9.572 1.01038387730416
9.573 1.01038320608543
9.574 1.01038240764774
9.575 1.01038148444575
9.576 1.01038043893411
9.577 1.01037927356747
9.578 1.01037799080049
9.579 1.01037659308782
9.58 1.01037508288412
9.581 1.01037346264405
9.582 1.01037173482225
9.583 1.01036990187338
9.584 1.0103679662521
9.585 1.01036593041306
9.586 1.01036379681092
9.587 1.01036156790033
9.588 1.01035924613594
9.589 1.01035683397241
9.59 1.01035433386439
9.591 1.01035174826654
9.592 1.01034907963352
9.593 1.01034633041997
9.594 1.01034350308055
9.595 1.01034060006992
9.596 1.01033762384274
9.597 1.01033457685364
9.598 1.0103314615573
9.599 1.01032828040836
9.6 1.01032503586148
9.601 1.01032173037132
9.602 1.01031836639252
9.603 1.01031494637974
9.604 1.01031147278765
9.605 1.01030794807088
9.606 1.0103043746841
9.607 1.01030075508196
9.608 1.01029709171912
9.609 1.01029338705023
9.61 1.01028964352994
9.611 1.01028586361291
9.612 1.0102820497538
9.613 1.01027820440725
9.614 1.01027433002793
9.615 1.01027042907048
9.616 1.01026650398956
9.617 1.01026255723984
9.618 1.01025859127595
9.619 1.01025460855256
9.62 1.01025061152432
9.621 1.01024660264588
9.622 1.0102425843719
9.623 1.01023855915704
9.624 1.01023452945594
9.625 1.01023049772327
9.626 1.01022646641368
9.627 1.01022243798181
9.628 1.01021841488234
9.629 1.0102143995699
9.63 1.01021039449916
9.631 1.01020640212477
9.632 1.01020242490139
9.633 1.01019846528366
9.634 1.01019452572625
9.635 1.0101906086838
9.636 1.01018671661098
9.637 1.01018285196244
9.638 1.01017901719283
9.639 1.0101752147568
9.64 1.01017144710902
9.641 1.01016771670413
9.642 1.01016402599679
9.643 1.01016037744166
9.644 1.01015677349339
9.645 1.01015321660663
9.646 1.01014970923603
9.647 1.01014625383627
9.648 1.01014285286197
9.649 1.01013950876781
9.65 1.01013622400844
9.651 1.01013300103851
9.652 1.01012984231267
9.653 1.01012674999837
9.654 1.01012372432891
9.655 1.0101207647394
9.656 1.01011787066244
9.657 1.01011504153064
9.658 1.01011227677658
9.659 1.01010957583286
9.66 1.0101069381321
9.661 1.01010436310688
9.662 1.0101018501898
9.663 1.01009939881347
9.664 1.01009700841048
9.665 1.01009467841343
9.666 1.01009240825492
9.667 1.01009019736755
9.668 1.01008804518392
9.669 1.01008595113662
9.67 1.01008391465826
9.671 1.01008193518143
9.672 1.01008001213874
9.673 1.01007814496278
9.674 1.01007633308615
9.675 1.01007457594145
9.676 1.01007287296128
9.677 1.01007122357824
9.678 1.01006962722492
9.679 1.01006808333394
9.68 1.01006659133787
9.681 1.01006515066933
9.682 1.01006376076091
9.683 1.01006242104522
9.684 1.01006113095484
9.685 1.01005988992239
9.686 1.01005869738045
9.687 1.01005755276163
9.688 1.01005645549853
9.689 1.01005540502374
9.69 1.01005440076987
9.691 1.01005344216951
9.692 1.01005252865526
9.693 1.01005165965972
9.694 1.01005083461549
9.695 1.01005005295517
9.696 1.01004931411136
9.697 1.01004861751665
9.698 1.01004796260366
9.699 1.01004734880496
9.7 1.01004677555317
9.701 1.01004624228088
9.702 1.01004574842069
9.703 1.0100452934052
9.704 1.01004487666702
9.705 1.01004449763872
9.706 1.01004415575293
9.707 1.01004385044223
9.708 1.01004358113923
9.709 1.01004334727652
9.71 1.0100431482867
9.711 1.01004298360238
9.712 1.01004285265614
9.713 1.0100427548806
9.714 1.01004268970834
9.715 1.01004265657197
9.716 1.01004265490409
9.717 1.01004268413729
9.718 1.01004274370418
9.719 1.01004283303735
9.72 1.0100429515694
9.721 1.01004309873293
9.722 1.01004327396054
9.723 1.01004347668483
9.724 1.0100437063384
9.725 1.01004396235384
9.726 1.01004424416376
9.727 1.01004455120076
9.728 1.01004488289743
9.729 1.01004523868637
9.73 1.01004561800018
9.731 1.01004602027146
9.732 1.01004644493281
9.733 1.01004689141683
9.734 1.01004735915611
9.735 1.01004784758326
9.736 1.01004835613088
9.737 1.01004888423156
9.738 1.0100494313179
9.739 1.0100499968225
9.74 1.01005058017797
9.741 1.01005118081689
9.742 1.01005179817187
9.743 1.01005243167551
9.744 1.0100530807604
9.745 1.01005374485915
9.746 1.01005442340436
9.747 1.01005511582861
9.748 1.01005582156452
9.749 1.01005654004468
9.75 1.01005727070169
9.751 1.01005801296815
9.752 1.01005876627665
9.753 1.01005953005981
9.754 1.0100603037502
9.755 1.01006108678044
9.756 1.01006187858313
9.757 1.01006267859086
9.758 1.01006348623622
9.759 1.01006430095183
9.76 1.01006512217028
9.761 1.01006594932416
9.762 1.01006678184609
9.763 1.01006761916864
9.764 1.01006846072444
9.765 1.01006930594606
9.766 1.01007015426612
9.767 1.01007100511721
9.768 1.01007185793193
9.769 1.01007271214288
9.77 1.01007356718266
9.771 1.01007442248386
9.772 1.01007527747909
9.773 1.01007613160095
9.774 1.01007698428203
9.775 1.01007783495493
9.776 1.01007868305225
9.777 1.0100795280066
9.778 1.01008036925056
9.779 1.01008120621675
9.78 1.01008203833775
9.781 1.01008286504616
9.782 1.0100836857746
9.783 1.01008449995564
9.784 1.0100853070219
9.785 1.01008610640597
9.786 1.01008689754046
9.787 1.01008767985795
9.788 1.01008845279105
9.789 1.01008921577236
9.79 1.01008996823448
9.791 1.01009070961
9.792 1.01009143933152
9.793 1.01009215683165
9.794 1.01009286154299
9.795 1.01009355289812
9.796 1.01009423032965
9.797 1.01009489329515
9.798 1.01009554162792
9.799 1.01009617545168
9.8 1.01009679489769
9.801 1.0100974000972
9.802 1.01009799118148
9.803 1.01009856828178
9.804 1.01009913152937
9.805 1.01009968105549
9.806 1.0101002169914
9.807 1.01010073946836
9.808 1.01010124861764
9.809 1.01010174457048
9.81 1.01010222745815
9.811 1.0101026974119
9.812 1.01010315456298
9.813 1.01010359904267
9.814 1.01010403098221
9.815 1.01010445051286
9.816 1.01010485776588
9.817 1.01010525287252
9.818 1.01010563596405
9.819 1.01010600717173
9.82 1.0101063666268
9.821 1.01010671446053
9.822 1.01010705080417
9.823 1.01010737578898
9.824 1.01010768954622
9.825 1.01010799220715
9.826 1.01010828390302
9.827 1.0101085647651
9.828 1.01010883492463
9.829 1.01010909451288
9.83 1.01010934366111
9.831 1.01010958250056
9.832 1.0101098111625
9.833 1.01011002977819
9.834 1.01011023847889
9.835 1.01011043739584
9.836 1.01011062666032
9.837 1.01011080640357
9.838 1.01011097675685
9.839 1.01011113785142
9.84 1.01011128981855
9.841 1.01011143278948
9.842 1.01011156689547
9.843 1.01011169226778
9.844 1.01011180903768
9.845 1.0101119173364
9.846 1.01011201729523
9.847 1.0101121090454
9.848 1.01011219271818
9.849 1.01011226844483
9.85 1.0101123363566
9.851 1.01011239658475
9.852 1.01011244926054
9.853 1.01011249451522
9.854 1.01011253248006
9.855 1.01011256328631
9.856 1.01011258706523
9.857 1.01011260394807
9.858 1.0101126140661
9.859 1.01011261755056
9.86 1.01011261453273
9.861 1.01011260514385
9.862 1.01011258951518
9.863 1.01011256777799
9.864 1.01011254006352
9.865 1.01011250650304
9.866 1.0101124672278
9.867 1.01011242236906
9.868 1.01011237205808
9.869 1.01011231642611
9.87 1.01011225560442
9.871 1.01011218972425
9.872 1.01011211891688
9.873 1.01011204331355
9.874 1.01011196304552
9.875 1.01011187824405
9.876 1.0101117890404
9.877 1.01011169556583
9.878 1.01011159795159
9.879 1.01011149632894
9.88 1.01011139082913
9.881 1.01011128158343
9.882 1.0101111687231
9.883 1.01011105237938
9.884 1.01011093268354
9.885 1.01011080976684
9.886 1.01011068376053
9.887 1.01011055479586
9.888 1.01011042300411
9.889 1.01011028851652
9.89 1.01011015146435
9.891 1.01011001197887
9.892 1.01010987019131
9.893 1.01010972623296
9.894 1.01010958023506
9.895 1.01010943232886
9.896 1.01010928264564
9.897 1.01010913131663
9.898 1.01010897847311
9.899 1.01010882424633
9.9 1.01010866876755
9.901 1.01010851216802
9.902 1.010108354579
9.903 1.01010819613176
9.904 1.01010803695754
9.905 1.0101078771876
9.906 1.01010771695321
9.907 1.01010755638561
9.908 1.01010739561607
9.909 1.01010723477585
9.91 1.0101070739962
9.911 1.01010691340838
9.912 1.01010675314364
9.913 1.01010659333325
9.914 1.01010643410846
9.915 1.01010627560053
9.916 1.01010611794071
9.917 1.01010596126027
9.918 1.01010580569047
9.919 1.01010565136255
9.92 1.01010549840777
9.921 1.0101053469574
9.922 1.0101051971427
9.923 1.01010504909491
9.924 1.0101049029453
9.925 1.01010475882512
9.926 1.01010461686563
9.927 1.01010447719809
9.928 1.01010433995376
9.929 1.01010420526389
9.93 1.01010407325975
9.931 1.01010394407258
9.932 1.01010381783365
9.933 1.01010369467421
9.934 1.01010357472552
9.935 1.01010345811884
9.936 1.01010334498543
9.937 1.01010323545654
9.938 1.01010312966343
9.939 1.01010302773737
9.94 1.01010292980959
9.941 1.01010283600971
9.942 1.01010274638832
9.943 1.0101026608843
9.944 1.01010257942806
9.945 1.01010250195001
9.946 1.01010242838056
9.947 1.01010235865013
9.948 1.01010229268913
9.949 1.01010223042796
9.95 1.01010217179704
9.951 1.01010211672679
9.952 1.0101020651476
9.953 1.0101020169899
9.954 1.0101019721841
9.955 1.0101019306606
9.956 1.01010189234983
9.957 1.01010185718218
9.958 1.01010182508807
9.959 1.01010179599792
9.96 1.01010176984214
9.961 1.01010174655113
9.962 1.01010172605531
9.963 1.01010170828509
9.964 1.01010169317088
9.965 1.01010168064309
9.966 1.01010167063214
9.967 1.01010166306844
9.968 1.01010165788239
9.969 1.01010165500442
9.97 1.01010165436492
9.971 1.01010165589432
9.972 1.01010165952302
9.973 1.01010166518143
9.974 1.01010167279998
9.975 1.01010168230906
9.976 1.0101016936391
9.977 1.01010170672049
9.978 1.01010172148366
9.979 1.01010173785902
9.98 1.01010175577697
9.981 1.01010177516793
9.982 1.01010179596231
9.983 1.01010181809053
9.984 1.01010184148298
9.985 1.0101018660701
9.986 1.01010189178227
9.987 1.01010191854993
9.988 1.01010194630348
9.989 1.01010197497332
9.99 1.01010200448988
9.991 1.01010203478357
9.992 1.01010206578479
9.993 1.01010209742395
9.994 1.01010212963148
9.995 1.01010216233778
9.996 1.01010219547326
9.997 1.01010222896833
9.998 1.01010226275341
9.999 1.01010229675891
10 1.01010233091523
10.001 1.0101023651528
10.002 1.01010239940201
10.003 1.01010243359329
10.004 1.01010246765705
10.005 1.01010250152369
10.006 1.01010253512363
10.007 1.01010256838728
10.008 1.01010260124505
10.009 1.01010263362736
10.01 1.01010266546461
10.011 1.01010269668721
10.012 1.01010272722558
10.013 1.01010275701013
10.014 1.01010278597128
10.015 1.01010281403942
10.016 1.01010284114498
10.017 1.01010286721837
10.018 1.01010289218999
10.019 1.01010291599026
10.02 1.01010293854959
10.021 1.01010295979839
10.022 1.01010297966708
10.023 1.01010299808606
10.024 1.01010301498575
10.025 1.01010303029655
10.026 1.01010304394889
10.027 1.01010305587317
10.028 1.0101030659998
10.029 1.01010307425919
10.03 1.01010308058177
10.031 1.01010308489793
10.032 1.01010308713808
10.033 1.01010308723265
10.034 1.01010308511205
10.035 1.01010308070667
10.036 1.01010307394694
10.037 1.01010306476327
10.038 1.01010305308607
10.039 1.01010303884575
10.04 1.01010302197272
10.041 1.01010300239739
10.042 1.01010298005018
10.043 1.0101029548615
10.044 1.01010292676175
10.045 1.01010289568136
10.046 1.01010286155073
10.047 1.01010282430026
10.048 1.01010278386039
10.049 1.01010274016151
10.05 1.01010269313404
10.051 1.01010264270838
10.052 1.01010258881496
10.053 1.01010253138418
10.054 1.01010247034646
10.055 1.0101024056322
10.056 1.01010233717182
10.057 1.01010226489573
10.058 1.01010218873433
10.059 1.01010210861805
10.06 1.0101020244773
10.061 1.01010193624248
10.062 1.010101843844
10.063 1.01010174721229
10.064 1.01010164627774
10.065 1.01010154097078
10.066 1.01010143122181
10.067 1.01010131696124
10.068 1.01010119811949
10.069 1.01010107462697
10.07 1.01010094641409
10.071 1.01010081341126
10.072 1.01010067554889
10.073 1.0101005327574
10.074 1.01010038496719
10.075 1.01010023210868
10.076 1.01010007411228
10.077 1.0100999109084
10.078 1.01009974242745
10.079 1.01009956859985
10.08 1.010099389356
10.081 1.01009920462632
10.082 1.01009901434121
10.083 1.0100988184311
10.084 1.01009861682639
10.085 1.01009840945761
10.086 1.01009819632264
10.087 1.01009797759912
10.088 1.01009775349434
10.089 1.01009752421562
10.09 1.01009728997026
10.091 1.01009705096554
10.092 1.01009680740879
10.093 1.0100965595073
10.094 1.01009630746837
10.095 1.01009605149931
10.096 1.01009579180742
10.097 1.0100955286
10.098 1.01009526208435
10.099 1.01009499246778
10.1 1.01009471995759
10.101 1.01009444476108
10.102 1.01009416708555
10.103 1.01009388713831
10.104 1.01009360512665
10.105 1.01009332125789
10.106 1.01009303573932
10.107 1.01009274877824
10.108 1.01009246058197
10.109 1.01009217135779
10.11 1.01009188131302
10.111 1.01009159065496
10.112 1.0100912995909
10.113 1.01009100832815
10.114 1.01009071707402
10.115 1.0100904260358
10.116 1.01009013542079
10.117 1.01008984543631
10.118 1.01008955628966
10.119 1.01008926818812
10.12 1.01008898133902
10.121 1.01008869594964
10.122 1.0100884122273
10.123 1.01008813037929
10.124 1.01008785061293
10.125 1.0100875731355
10.126 1.01008729815431
10.127 1.01008702587667
10.128 1.01008675650987
10.129 1.01008649026123
10.13 1.01008622733804
10.131 1.0100859679476
10.132 1.01008571229722
10.133 1.0100854605942
10.134 1.01008521304584
10.135 1.01008496985945
10.136 1.01008473124232
10.137 1.01008449740177
10.138 1.01008426854508
10.139 1.01008404487957
10.14 1.01008382661254
10.141 1.01008361395128
10.142 1.01008340710311
10.143 1.01008320627533
10.144 1.01008301167523
10.145 1.01008282351011
10.146 1.01008264198729
10.147 1.01008246731407
10.148 1.01008229969774
10.149 1.01008213934561
10.15 1.01008198646498
10.151 1.01008184126316
10.152 1.01008170394744
10.153 1.01008157472513
10.154 1.01008145380353
10.155 1.01008134138995
10.156 1.01008123769168
10.157 1.01008114291604
10.158 1.01008105727031
10.159 1.01008098096181
10.16 1.01008091419783
10.161 1.01008085718568
10.162 1.01008081013266
10.163 1.01008077324608
10.164 1.01008074673323
10.165 1.01008073080142
10.166 1.01008072565795
10.167 1.01008073151013
10.168 1.01008074856525
10.169 1.01008077703062
10.17 1.01008081711354
10.171 1.01008086902131
10.172 1.01008093296124
10.173 1.01008100914063
10.174 1.01008109776678
10.175 1.01008119904699
10.176 1.01008131318856
10.177 1.01008144039881
10.178 1.01008158088502
10.179 1.01008173485451
10.18 1.01008190251457
10.181 1.01008208407251
10.182 1.01008227973564
10.183 1.01008248971124
10.184 1.01008271420663
10.185 1.0100829534291
10.186 1.01008320758597
10.187 1.01008347688453
10.188 1.01008376153209
10.189 1.01008406173594
10.19 1.01008437770339
10.191 1.01008470964174
10.192 1.0100850577583
10.193 1.01008542226037
10.194 1.01008580335525
10.195 1.01008620125024
10.196 1.01008661615264
10.197 1.01008704826976
10.198 1.0100874978089
10.199 1.01008796497736
10.2 1.01008844998245
10.201 1.01008895303147
10.202 1.01008947433171
10.203 1.01009001409048
10.204 1.0100905725151
10.205 1.01009114981284
10.206 1.01009174619103
10.207 1.01009236185696
10.208 1.01009299701793
10.209 1.01009365188125
10.21 1.01009432665422
10.211 1.01009502154414
10.212 1.01009573675831
10.213 1.01009647250404
10.214 1.01009722898863
10.215 1.01009800641938
10.216 1.0100988050036
10.217 1.01009962494858
10.218 1.01010046646163
10.219 1.01010132975005
10.22 1.01010221502115
10.221 1.01010312248222
10.222 1.01010405234057
10.223 1.0101050048035
10.224 1.01010598007831
10.225 1.01010697837232
10.226 1.01010799989281
10.227 1.01010904484709
10.228 1.01011011344246
10.229 1.01011120588623
10.23 1.01011232224901
10.231 1.01011346187589
10.232 1.01011462387217
10.233 1.010115807343
10.234 1.01011701139352
10.235 1.01011823512887
10.236 1.01011947765421
10.237 1.01012073807469
10.238 1.01012201549544
10.239 1.01012330902161
10.24 1.01012461775836
10.241 1.01012594081083
10.242 1.01012727728416
10.243 1.0101286262835
10.244 1.010129986914
10.245 1.0101313582808
10.246 1.01013273948905
10.247 1.01013412964391
10.248 1.0101355278505
10.249 1.01013693321399
10.25 1.01013834483951
10.251 1.01013976183222
10.252 1.01014118329725
10.253 1.01014260833977
10.254 1.0101440360649
10.255 1.01014546557781
10.256 1.01014689598363
10.257 1.01014832638752
10.258 1.01014975589461
10.259 1.01015118361007
10.26 1.01015260863902
10.261 1.01015403008663
10.262 1.01015544705802
10.263 1.01015685865837
10.264 1.0101582639928
10.265 1.01015966216646
10.266 1.01016105228451
10.267 1.01016243345209
10.268 1.01016380477434
10.269 1.01016516535642
10.27 1.01016651430346
10.271 1.01016785072062
10.272 1.01016917371304
10.273 1.01017048238586
10.274 1.01017177584425
10.275 1.01017305319333
10.276 1.01017431353826
10.277 1.01017555598418
10.278 1.01017677963625
10.279 1.0101779835996
10.28 1.01017916697939
10.281 1.01018032888076
10.282 1.01018146840885
10.283 1.01018258466882
10.284 1.01018367676581
10.285 1.01018474380497
10.286 1.01018578489144
10.287 1.01018679913037
10.288 1.0101877856269
10.289 1.01018874348619
10.29 1.01018967181338
10.291 1.01019056971361
10.292 1.01019143629204
10.293 1.01019227065381
10.294 1.01019307190406
10.295 1.01019383914794
10.296 1.01019457149061
10.297 1.0101952680372
10.298 1.01019592789286
10.299 1.01019655016274
10.3 1.01019713395198
10.301 1.01019767836574
10.302 1.01019818250916
10.303 1.01019864548738
10.304 1.01019906640555
10.305 1.01019944436882
10.306 1.01019977848233
10.307 1.01020006785124
10.308 1.01020031158069
10.309 1.01020050877581
10.31 1.01020065854177
10.311 1.01020075998371
10.312 1.01020081220677
10.313 1.0102008143161
10.314 1.01020076541685
10.315 1.01020066461416
10.316 1.01020051101319
10.317 1.01020030371906
10.318 1.01020004183695
10.319 1.01019972447198
10.32 1.01019935072931
10.321 1.01019891971408
10.322 1.01019843053145
10.323 1.01019788228654
10.324 1.01019727408453
10.325 1.01019660503054
10.326 1.01019587422972
10.327 1.01019508078723
10.328 1.01019422380821
10.329 1.0101933023978
10.33 1.01019231566116
10.331 1.01019126270342
10.332 1.01019014262974
10.333 1.01018895454527
10.334 1.01018769755514
10.335 1.0101863707645
10.336 1.01018497327851
10.337 1.01018350420231
10.338 1.01018196264103
10.339 1.01018034769985
10.34 1.01017865848389
10.341 1.0101768940983
10.342 1.01017505364823
10.343 1.01017313623883
10.344 1.01017114097525
10.345 1.01016906696263
10.346 1.01016691330611
10.347 1.01016467911085
10.348 1.01016236348199
10.349 1.01015996552467
10.35 1.01015748434405
10.351 1.01015491904527
10.352 1.01015226873347
10.353 1.01014953251381
10.354 1.01014670949143
10.355 1.01014379877147
10.356 1.01014079945909
10.357 1.01013771065943
10.358 1.01013453147763
10.359 1.01013126101885
10.36 1.01012789838822
10.361 1.0101244426909
10.362 1.01012089303203
10.363 1.01011724851676
10.364 1.01011350825024
10.365 1.01010967133761
10.366 1.01010573688401
10.367 1.01010170399461
10.368 1.01009757177453
10.369 1.01009333932893
10.37 1.01008900576296
10.371 1.01008457018176
10.372 1.01008003169047
10.373 1.01007538939425
10.374 1.01007064254716
10.375 1.01006579208062
10.376 1.01006083998321
10.377 1.01005578826007
10.378 1.0100506389163
10.379 1.01004539395702
10.38 1.01004005538735
10.381 1.01003462521241
10.382 1.01002910543732
10.383 1.0100234980672
10.384 1.01001780510716
10.385 1.01001202856231
10.386 1.01000617043779
10.387 1.01000023273871
10.388 1.00999421747018
10.389 1.00998812663732
10.39 1.00998196224525
10.391 1.00997572629909
10.392 1.00996942080396
10.393 1.00996304776498
10.394 1.00995660918725
10.395 1.00995010707591
10.396 1.00994354343607
10.397 1.00993692027284
10.398 1.00993023959135
10.399 1.00992350339671
10.4 1.00991671369404
10.401 1.00990987248846
10.402 1.00990298178508
10.403 1.00989604358904
10.404 1.00988905990543
10.405 1.00988203273938
10.406 1.00987496409601
10.407 1.00986785598044
10.408 1.00986071039779
10.409 1.00985352935316
10.41 1.00984631485169
10.411 1.00983906889848
10.412 1.00983179349866
10.413 1.00982449065735
10.414 1.00981716237965
10.415 1.0098098106707
10.416 1.00980243753561
10.417 1.00979504497949
10.418 1.00978763500746
10.419 1.00978020962465
10.42 1.00977277083617
10.421 1.00976532064713
10.422 1.00975786106267
10.423 1.00975039408788
10.424 1.0097429217279
10.425 1.00973544598784
10.426 1.00972796887282
10.427 1.00972049238795
10.428 1.00971301853836
10.429 1.00970554932915
10.43 1.00969808676546
10.431 1.0096906328524
10.432 1.00968318959508
10.433 1.00967575899863
10.434 1.00966834306815
10.435 1.00966094380878
10.436 1.00965356322562
10.437 1.00964620332381
10.438 1.00963886610844
10.439 1.00963155358465
10.44 1.00962426775754
10.441 1.00961701063224
10.442 1.00960978421387
10.443 1.00960259050755
10.444 1.00959543151838
10.445 1.00958830925149
10.446 1.009581225712
10.447 1.00957418290503
10.448 1.00956718283569
10.449 1.0095602275091
10.45 1.00955331893038
10.451 1.00954645910465
10.452 1.00953965003702
10.453 1.00953289373262
10.454 1.00952619219656
10.455 1.00951954743395
10.456 1.00951296144993
10.457 1.0095064362496
10.458 1.00949997383808
10.459 1.00949357622049
10.46 1.00948724540196
10.461 1.00948098338759
10.462 1.0094747921825
10.463 1.00946867379182
10.464 1.00946263022066
10.465 1.00945666347414
10.466 1.00945077555737
10.467 1.00944496847548
10.468 1.00943924423359
10.469 1.0094336048368
10.47 1.00942805229024
10.471 1.00942258859903
10.472 1.00941721576829
10.473 1.00941193580312
10.474 1.00940675070866
10.475 1.00940166249002
10.476 1.00939667315231
10.477 1.00939178470066
10.478 1.00938699914018
10.479 1.00938231847599
10.48 1.00937774471321
10.481 1.00937327985696
10.482 1.00936892591235
10.483 1.00936468488451
10.484 1.00936055877854
10.485 1.00935654959957
10.486 1.00935265935272
10.487 1.00934889004311
10.488 1.00934524367584
10.489 1.00934172225605
10.49 1.00933832778885
10.491 1.00933506227935
10.492 1.00933192773267
10.493 1.00932892615394
10.494 1.00932605954827
10.495 1.00932332992078
10.496 1.00932073927658
10.497 1.0093182896208
10.498 1.00931598295855
10.499 1.00931382129495
10.5 1.00931180663512
10.501 1.00930994098417
10.502 1.00930822634723
10.503 1.00930666472941
10.504 1.00930525813583
10.505 1.00930400857161
10.506 1.00930291804186
10.507 1.00930198855171
10.508 1.00930122210627
10.509 1.00930062071066
10.51 1.00930018637
10.511 1.0092999210894
10.512 1.00929982687399
10.513 1.00929990572888
10.514 1.00930015965918
10.515 1.00930059067003
10.516 1.00930120076653
10.517 1.00930199195381
10.518 1.0093029661597
10.519 1.00930412320305
10.52 1.00930546059128
10.521 1.00930697571392
10.522 1.0093086659605
10.523 1.00931052872056
10.524 1.00931256138362
10.525 1.00931476133922
10.526 1.00931712597688
10.527 1.00931965268615
10.528 1.00932233885654
10.529 1.0093251818776
10.53 1.00932817913885
10.531 1.00933132802982
10.532 1.00933462594005
10.533 1.00933807025906
10.534 1.0093416583764
10.535 1.00934538768158
10.536 1.00934925556415
10.537 1.00935325941363
10.538 1.00935739661955
10.539 1.00936166457145
10.54 1.00936606065886
10.541 1.0093705822713
10.542 1.00937522679832
10.543 1.00937999162943
10.544 1.00938487415418
10.545 1.00938987176209
10.546 1.0093949818427
10.547 1.00940020178553
10.548 1.00940552898013
10.549 1.00941096081601
10.55 1.00941649468271
10.551 1.00942212796977
10.552 1.00942785806671
10.553 1.00943368236306
10.554 1.00943959824837
10.555 1.00944560311214
10.556 1.00945169434393
10.557 1.00945786933326
10.558 1.00946412546967
10.559 1.00947046014267
10.56 1.00947687074181
10.561 1.00948335465662
10.562 1.00948990927662
10.563 1.00949653199136
10.564 1.00950322019035
10.565 1.00950997126314
10.566 1.00951678259925
10.567 1.00952365158822
10.568 1.00953057561957
10.569 1.00953755208284
10.57 1.00954457836755
10.571 1.00955165186325
10.572 1.00955876995946
10.573 1.00956593004572
10.574 1.00957312951154
10.575 1.00958036574648
10.576 1.00958763614005
10.577 1.00959493808179
10.578 1.00960226896123
10.579 1.0096096261679
10.58 1.00961700709134
10.581 1.00962440912107
10.582 1.00963182964662
10.583 1.00963926605753
10.584 1.00964671574334
10.585 1.00965417609356
10.586 1.00966164449773
10.587 1.00966911834538
10.588 1.00967659502605
10.589 1.00968407192927
10.59 1.00969154644456
10.591 1.00969901596146
10.592 1.0097064778695
10.593 1.00971392955821
10.594 1.00972136841713
10.595 1.00972879183577
10.596 1.00973619720369
10.597 1.0097435819104
10.598 1.00975094334544
10.599 1.00975827889833
10.6 1.00976558595862
10.601 1.00977286191583
10.602 1.0097801041595
10.603 1.00978731007915
10.604 1.00979447706432
10.605 1.00980160250453
10.606 1.00980868378932
10.607 1.00981571830823
10.608 1.00982270345078
10.609 1.0098296366065
10.61 1.00983651516492
10.611 1.00984333651558
10.612 1.00985009804801
10.613 1.00985679715174
10.614 1.0098634312163
10.615 1.00986999763122
10.616 1.00987649378604
10.617 1.00988291707028
10.618 1.00988926487347
10.619 1.00989553458516
10.62 1.00990172359486
10.621 1.00990782929211
10.622 1.00991384906645
10.623 1.00991978030739
10.624 1.00992562040449
10.625 1.00993136674725
10.626 1.00993701672523
10.627 1.00994256772794
10.628 1.00994801714493
10.629 1.00995336236571
10.63 1.00995860077983
10.631 1.00996372977682
10.632 1.0099687467462
10.633 1.0099736490775
10.634 1.00997843416027
10.635 1.00998309938402
10.636 1.0099876421383
10.637 1.00999205981263
10.638 1.00999634979654
10.639 1.01000050947957
10.64 1.01000453625124
10.641 1.0100084275011
10.642 1.01001218061866
10.643 1.01001579299346
10.644 1.01001926201504
10.645 1.01002258507292
10.646 1.01002575955664
10.647 1.01002878285572
10.648 1.0100316523597
10.649 1.01003436545811
10.65 1.01003691954048
10.651 1.01003931199635
10.652 1.01004154021523
10.653 1.01004360158668
10.654 1.01004549350021
10.655 1.01004721334535
10.656 1.01004875851165
10.657 1.01005012638863
10.658 1.01005131436582
10.659 1.01005231983275
10.66 1.01005314017896
10.661 1.01005377279397
10.662 1.01005421507548
10.663 1.0100544658807
10.664 1.01005452719938
10.665 1.01005440142659
10.666 1.01005409095738
10.667 1.01005359818682
10.668 1.01005292550997
10.669 1.01005207532189
10.67 1.01005105001765
10.671 1.01004985199231
10.672 1.01004848364093
10.673 1.01004694735857
10.674 1.0100452455403
10.675 1.01004338058117
10.676 1.01004135487626
10.677 1.01003917082061
10.678 1.01003683080931
10.679 1.0100343372374
10.68 1.01003169249995
10.681 1.01002889899202
10.682 1.01002595910867
10.683 1.01002287524497
10.684 1.01001964979599
10.685 1.01001628515677
10.686 1.01001278372239
10.687 1.0100091478879
10.688 1.01000538004837
10.689 1.01000148259886
10.69 1.00999745793444
10.691 1.00999330845016
10.692 1.00998903654109
10.693 1.00998464460229
10.694 1.00998013502883
10.695 1.00997551021575
10.696 1.00997077255814
10.697 1.00996592445105
10.698 1.00996096828953
10.699 1.00995590646867
10.7 1.00995074138351
10.701 1.00994547542912
10.702 1.00994011100056
10.703 1.00993465049289
10.704 1.00992909630118
10.705 1.00992345082049
10.706 1.00991771644589
10.707 1.00991189557242
10.708 1.00990599059516
10.709 1.00990000390917
10.71 1.00989393790951
10.711 1.00988779499125
10.712 1.00988157754944
10.713 1.00987528797914
10.714 1.00986892867543
10.715 1.00986250203336
10.716 1.00985601044799
10.717 1.0098494563144
10.718 1.00984284202763
10.719 1.00983616998275
10.72 1.00982944257483
10.721 1.00982266219893
10.722 1.0098158312501
10.723 1.00980895212342
10.724 1.00980202721393
10.725 1.00979505891672
10.726 1.00978804962684
10.727 1.00978100173934
10.728 1.0097739176493
10.729 1.00976679975177
10.73 1.00975965044183
10.731 1.00975247211452
10.732 1.00974526716492
10.733 1.00973803798808
10.734 1.00973078697907
10.735 1.00972351653295
10.736 1.00971622904478
10.737 1.00970892690963
10.738 1.00970161252255
10.739 1.00969428827861
10.74 1.00968695657288
10.741 1.0096796198004
10.742 1.00967228035626
10.743 1.0096649406355
10.744 1.0096576030332
10.745 1.00965026994441
10.746 1.0096429437642
10.747 1.00963562688762
10.748 1.00962832170974
10.749 1.00962103062563
10.75 1.00961375603035
10.751 1.00960650031895
10.752 1.0095992658865
10.753 1.00959205512806
10.754 1.0095848704387
10.755 1.00957771421348
10.756 1.00957058884745
10.757 1.00956349673569
10.758 1.00955644027326
10.759 1.00954942185521
10.76 1.00954244387661
10.761 1.00953550873252
10.762 1.009528618818
10.763 1.00952177652812
10.764 1.00951498425794
10.765 1.00950824440252
10.766 1.00950155935693
10.767 1.00949493151622
10.768 1.00948836327546
10.769 1.0094818570297
10.77 1.00947541517403
10.771 1.00946904010348
10.772 1.00946273421314
10.773 1.00945649989805
10.774 1.00945033955329
10.775 1.00944425557391
10.776 1.00943825035498
10.777 1.00943232629156
10.778 1.00942648577871
10.779 1.0094207312115
10.78 1.00941506498498
10.781 1.00940948949422
10.782 1.00940400713428
10.783 1.00939862030023
10.784 1.00939333138712
10.785 1.00938814279002
10.786 1.00938305690399
10.787 1.00937807612409
10.788 1.0093732028454
10.789 1.00936843946295
10.79 1.00936378837183
10.791 1.00935925196709
10.792 1.0093548326438
10.793 1.00935053279701
10.794 1.0093463548218
10.795 1.00934230111321
10.796 1.00933837406632
10.797 1.00933457607619
10.798 1.00933090953788
10.799 1.00932737684644
10.8 1.00932398039696
10.801 1.00932072258448
10.802 1.00931760580406
10.803 1.00931463245078
10.804 1.00931180491969
10.805 1.00930912560586
10.806 1.00930659690435
10.807 1.00930422035914
10.808 1.00930199414381
10.809 1.00929991559773
10.81 1.00929798206024
10.811 1.00929619087071
10.812 1.00929453936851
10.813 1.00929302489298
10.814 1.00929164478348
10.815 1.00929039637939
10.816 1.00928927702005
10.817 1.00928828404482
10.818 1.00928741479307
10.819 1.00928666660416
10.82 1.00928603681744
10.821 1.00928552277227
10.822 1.00928512180801
10.823 1.00928483126403
10.824 1.00928464847968
10.825 1.00928457079431
10.826 1.0092845955473
10.827 1.009284720078
10.828 1.00928494172576
10.829 1.00928525782996
10.83 1.00928566572994
10.831 1.00928616276507
10.832 1.0092867462747
10.833 1.0092874135982
10.834 1.00928816207493
10.835 1.00928898904424
10.836 1.00928989184549
10.837 1.00929086781805
10.838 1.00929191430127
10.839 1.00929302863451
10.84 1.00929420815714
10.841 1.0092954502085
10.842 1.00929675212796
10.843 1.00929811125489
10.844 1.00929952492863
10.845 1.00930099048855
10.846 1.00930250527401
10.847 1.00930406662436
10.848 1.00930567187897
10.849 1.0093073183772
10.85 1.0093090034584
10.851 1.00931072446194
10.852 1.00931247872717
10.853 1.00931426359345
10.854 1.00931607640015
10.855 1.00931791448662
10.856 1.00931977519222
10.857 1.00932165585631
10.858 1.00932355381825
10.859 1.0093254664174
10.86 1.00932739099312
10.861 1.00932932488477
10.862 1.00933126543171
10.863 1.00933320997329
10.864 1.00933515584888
10.865 1.00933710039783
10.866 1.00933904095951
10.867 1.00934097487328
10.868 1.00934289947849
10.869 1.0093448121145
10.87 1.00934671012068
10.871 1.00934859083638
10.872 1.00935045160095
10.873 1.00935228975377
10.874 1.00935410263419
10.875 1.00935588758158
10.876 1.00935764193527
10.877 1.00935936303465
10.878 1.00936104821907
10.879 1.00936269482788
10.88 1.00936430020045
10.881 1.00936586167613
10.882 1.0093673765943
10.883 1.00936884229429
10.884 1.00937025611548
10.885 1.00937161539722
10.886 1.00937291747888
10.887 1.00937415969981
10.888 1.00937533939937
10.889 1.00937645391692
10.89 1.00937750059182
10.891 1.00937847676343
10.892 1.00937937977111
10.893 1.00938020695422
10.894 1.00938095565212
10.895 1.00938162320416
10.896 1.00938220694971
10.897 1.00938270422813
10.898 1.00938311237877
10.899 1.009383428741
10.9 1.00938365065417
10.901 1.00938377545765
10.902 1.00938380049079
10.903 1.00938372309295
10.904 1.00938354060349
10.905 1.00938325036177
10.906 1.00938284970716
10.907 1.009382335979
10.908 1.00938170651666
10.909 1.0093809586595
10.91 1.00938008974688
10.911 1.00937909711816
10.912 1.0093779781127
10.913 1.00937673006985
10.914 1.00937535032897
10.915 1.00937383622943
10.916 1.00937218511059
10.917 1.0093703943118
10.918 1.00936846117242
10.919 1.00936638303181
10.92 1.00936415722934
10.921 1.00936178110436
10.922 1.00935925199623
10.923 1.00935656724431
10.924 1.00935372418795
10.925 1.00935072016653
10.926 1.00934755251939
10.927 1.00934421858591
10.928 1.00934071570543
10.929 1.00933704121731
10.93 1.00933319246092
10.931 1.00932916677562
10.932 1.00932496150076
10.933 1.0093205739757
10.934 1.00931600153981
10.935 1.00931124153244
10.936 1.00930629129295
10.937 1.00930114816071
10.938 1.00929580947506
10.939 1.00929027257538
10.94 1.00928453480101
10.941 1.00927859349132
10.942 1.00927244598567
10.943 1.00926608962342
10.944 1.00925952174393
10.945 1.00925273968655
10.946 1.00924574079065
10.947 1.00923852239558
10.948 1.00923108184071
10.949 1.00922341646539
10.95 1.00921552360899
10.951 1.00920740098456
10.952 1.00919904932401
10.953 1.00919047081984
10.954 1.00918166767404
10.955 1.00917264208864
10.956 1.00916339626564
10.957 1.00915393240708
10.958 1.00914425271494
10.959 1.00913435939127
10.96 1.00912425463805
10.961 1.00911394065732
10.962 1.00910341965109
10.963 1.00909269382136
10.964 1.00908176537016
10.965 1.0090706364995
10.966 1.0090593094114
10.967 1.00904778630786
10.968 1.00903606939091
10.969 1.00902416086255
10.97 1.0090120629248
10.971 1.00899977777969
10.972 1.00898730762921
10.973 1.00897465467538
10.974 1.00896182112023
10.975 1.00894880916576
10.976 1.00893562101399
10.977 1.00892225886694
10.978 1.00890872492661
10.979 1.00889502139502
10.98 1.00888115047419
10.981 1.00886711436613
10.982 1.00885291527286
10.983 1.00883855539638
10.984 1.00882403693872
10.985 1.00880936210189
10.986 1.00879453308791
10.987 1.00877955209878
10.988 1.00876442133652
10.989 1.00874914300316
10.99 1.00873371930069
10.991 1.00871815243114
10.992 1.00870244459652
10.993 1.00868659799884
10.994 1.00867061484013
10.995 1.00865449732238
10.996 1.00863824764763
10.997 1.00862186801788
10.998 1.00860536063514
10.999 1.00858872770144
11 1.00857197141879
11.001 1.00855509398919
11.002 1.00853809761467
11.003 1.00852098449724
11.004 1.00850375683892
11.005 1.00848641684171
11.006 1.00846896670764
11.007 1.00845140863871
11.008 1.00843374483695
11.009 1.00841597750436
11.01 1.00839810884297
11.011 1.00838014105478
11.012 1.00836207634181
11.013 1.00834391690607
11.014 1.00832566494959
11.015 1.00830732267436
11.016 1.00828889228242
11.017 1.00827037597577
11.018 1.00825177595642
11.019 1.0082330944264
11.02 1.00821433358771
11.021 1.00819549564237
11.022 1.0081765827924
11.023 1.00815759723981
11.024 1.00813854118661
11.025 1.00811941683482
11.026 1.00810022638645
11.027 1.00808097204352
11.028 1.00806165600805
11.029 1.00804228048203
11.03 1.0080228476675
11.031 1.00800335976647
11.032 1.00798381898094
11.033 1.00796422751294
11.034 1.00794458756448
11.035 1.00792490133757
11.036 1.00790517103423
11.037 1.00788539885647
11.038 1.0078655870063
11.039 1.00784573768575
11.04 1.00782585309683
11.041 1.00780593544154
11.042 1.00778598692191
11.043 1.00776600973995
11.044 1.00774600609767
11.045 1.00772597819709
11.046 1.00770592824022
11.047 1.00768585842908
11.048 1.00766577096568
11.049 1.00764566805203
11.05 1.00762555189016
11.051 1.00760542468207
11.052 1.00758528862978
11.053 1.00756514593531
11.054 1.00754499880066
11.055 1.00752484942786
11.056 1.00750470001891
11.057 1.00748455277584
11.058 1.00746440990065
11.059 1.00744427359537
11.06 1.00742414606199
11.061 1.00740402950255
11.062 1.00738392611905
11.063 1.00736383811351
11.064 1.00734376768795
11.065 1.00732371704437
11.066 1.0073036883848
11.067 1.00728368391124
11.068 1.00726370582571
11.069 1.00724375633023
11.07 1.0072238376268
11.071 1.00720395191746
11.072 1.0071841014042
11.073 1.00716428828904
11.074 1.00714451477401
11.075 1.0071247830611
11.076 1.00710509535235
11.077 1.00708545384975
11.078 1.00706586075533
11.079 1.0070463182711
11.08 1.00702682859908
11.081 1.00700739394127
11.082 1.0069880164997
11.083 1.00696869847638
11.084 1.00694944207332
11.085 1.00693024949254
11.086 1.00691112293605
11.087 1.00689206460586
11.088 1.006873076704
11.089 1.00685416143247
11.09 1.00683532099329
11.091 1.00681655758848
11.092 1.00679787342005
11.093 1.00677927069
11.094 1.00676075160037
11.095 1.0067423182776
11.096 1.00672397172871
11.097 1.0067057121046
11.098 1.00668753953448
11.099 1.00666945414757
11.1 1.00665145607307
11.101 1.00663354544019
11.102 1.00661572237815
11.103 1.00659798701616
11.104 1.00658033948341
11.105 1.00656277990913
11.106 1.00654530842253
11.107 1.00652792515281
11.108 1.00651063022919
11.109 1.00649342378087
11.11 1.00647630593706
11.111 1.00645927682698
11.112 1.00644233657984
11.113 1.00642548532484
11.114 1.00640872319119
11.115 1.00639205030811
11.116 1.00637546680481
11.117 1.00635897281049
11.118 1.00634256845437
11.119 1.00632625386565
11.12 1.00631002917355
11.121 1.00629389450727
11.122 1.00627784999603
11.123 1.00626189576904
11.124 1.00624603195551
11.125 1.00623025868464
11.126 1.00621457608564
11.127 1.00619898428774
11.128 1.00618348342013
11.129 1.00616807361202
11.13 1.00615275499264
11.131 1.00613752769118
11.132 1.00612239183685
11.133 1.00610734755888
11.134 1.00609239498646
11.135 1.00607753424881
11.136 1.00606276547514
11.137 1.00604808879465
11.138 1.00603350433657
11.139 1.00601901223009
11.14 1.00600461260443
11.141 1.00599030558879
11.142 1.0059760913124
11.143 1.00596196990445
11.144 1.00594794149416
11.145 1.00593400621074
11.146 1.0059201641834
11.147 1.00590641554135
11.148 1.0058927604138
11.149 1.00587919892995
11.15 1.00586573121903
11.151 1.00585235741023
11.152 1.00583907763277
11.153 1.00582589201586
11.154 1.00581280068872
11.155 1.00579980378054
11.156 1.00578690142054
11.157 1.00577409373793
11.158 1.00576138086192
11.159 1.00574876292172
11.16 1.00573624004654
11.161 1.00572381236559
11.162 1.00571148000808
11.163 1.00569924310322
11.164 1.00568710178022
11.165 1.00567505616829
11.166 1.00566310639664
11.167 1.00565125259449
11.168 1.00563949489103
11.169 1.00562783341549
11.17 1.00561626829706
11.171 1.00560479966497
11.172 1.00559342764842
11.173 1.00558215237662
11.174 1.00557097397878
11.175 1.00555989258412
11.176 1.00554890832183
11.177 1.00553802132114
11.178 1.00552723171125
11.179 1.00551653962137
11.18 1.00550594518071
11.181 1.00549544851849
11.182 1.0054850497639
11.183 1.00547474904617
11.184 1.00546454649451
11.185 1.00545444223811
11.186 1.0054444364062
11.187 1.00543452912798
11.188 1.00542472053266
11.189 1.00541501074946
11.19 1.00540539990758
11.191 1.00539588813623
11.192 1.00538647556463
11.193 1.00537716232198
11.194 1.00536794853749
11.195 1.00535883434038
11.196 1.00534981985985
11.197 1.00534090522512
11.198 1.00533209056539
11.199 1.00532337600987
11.2 1.00531476168778
11.201 1.00530624772832
11.202 1.00529783426071
11.203 1.00528952141415
11.204 1.00528130931785
11.205 1.00527319810103
11.206 1.0052651878929
11.207 1.00525727882266
11.208 1.00524947101952
11.209 1.0052417646127
11.21 1.00523415973141
11.211 1.00522665650485
11.212 1.00521925506224
11.213 1.00521195553278
11.214 1.00520475804569
11.215 1.00519766273017
11.216 1.00519066971544
11.217 1.0051837791307
11.218 1.00517699110517
11.219 1.00517030576806
11.22 1.00516372324858
11.221 1.00515724367593
11.222 1.00515086717932
11.223 1.00514459388798
11.224 1.0051384239311
11.225 1.00513235743789
11.226 1.00512639453758
11.227 1.00512053535936
11.228 1.00511478003244
11.229 1.00510912868605
11.23 1.00510358144938
11.231 1.00509813845165
11.232 1.00509279982207
11.233 1.00508756568984
11.234 1.00508243618419
11.235 1.00507741143431
11.236 1.00507249156942
11.237 1.00506767671872
11.238 1.00506296701144
11.239 1.00505836256468
11.24 1.00505386305781
11.241 1.00504946761946
11.242 1.0050451753432
11.243 1.0050409853226
11.244 1.00503689665124
11.245 1.0050329084227
11.246 1.00502901973056
11.247 1.00502522966837
11.248 1.00502153732973
11.249 1.00501794180821
11.25 1.00501444219738
11.251 1.00501103759081
11.252 1.00500772708209
11.253 1.00500450976479
11.254 1.00500138473247
11.255 1.00499835107873
11.256 1.00499540789712
11.257 1.00499255428123
11.258 1.00498978932464
11.259 1.00498711212091
11.26 1.00498452176363
11.261 1.00498201734636
11.262 1.00497959796269
11.263 1.00497726270618
11.264 1.00497501067042
11.265 1.00497284094897
11.266 1.00497075263542
11.267 1.00496874482334
11.268 1.0049668166063
11.269 1.00496496707788
11.27 1.00496319533165
11.271 1.00496150046119
11.272 1.00495988156008
11.273 1.00495833772188
11.274 1.00495686804018
11.275 1.00495547160854
11.276 1.00495414752056
11.277 1.00495289486979
11.278 1.00495171274981
11.279 1.00495060025421
11.28 1.00494955647654
11.281 1.0049485805104
11.282 1.00494767144936
11.283 1.00494682838698
11.284 1.00494605041685
11.285 1.00494533663254
11.286 1.00494468612762
11.287 1.00494409799567
11.288 1.00494357133027
11.289 1.00494310522499
11.29 1.0049426987734
11.291 1.00494235106909
11.292 1.00494206120562
11.293 1.00494182827657
11.294 1.00494165137552
11.295 1.00494152959604
11.296 1.0049414620317
11.297 1.00494144777609
11.298 1.00494148592277
11.299 1.00494157556533
11.3 1.00494171579733
11.301 1.00494190571235
11.302 1.00494214440397
11.303 1.00494243096576
11.304 1.00494276449129
11.305 1.00494314407415
11.306 1.00494356880791
11.307 1.00494403778614
11.308 1.00494455010241
11.309 1.00494510485031
11.31 1.00494570112341
11.311 1.00494633801527
11.312 1.00494701461949
11.313 1.00494773002963
11.314 1.00494848333926
11.315 1.00494927364197
11.316 1.00495010003133
11.317 1.00495096160091
11.318 1.00495185744429
11.319 1.00495278665504
11.32 1.00495374832674
11.321 1.00495474155296
11.322 1.00495576542728
11.323 1.00495681904328
11.324 1.00495790149452
11.325 1.00495901187459
11.326 1.00496014927706
11.327 1.0049613127955
11.328 1.00496250152349
11.329 1.0049637145546
11.33 1.00496495098242
11.331 1.00496620990051
11.332 1.00496749040244
11.333 1.00496879158181
11.334 1.00497011253217
11.335 1.00497145234711
11.336 1.00497281012019
11.337 1.004974184945
11.338 1.00497557591512
11.339 1.0049769821241
11.34 1.00497840266554
11.341 1.004979836633
11.342 1.00498128312007
11.343 1.00498274122031
11.344 1.0049842100273
11.345 1.00498568863461
11.346 1.00498717613583
11.347 1.00498867162452
11.348 1.00499017419426
11.349 1.00499168293863
11.35 1.0049931969512
11.351 1.00499471532555
11.352 1.00499623715525
11.353 1.00499776153387
11.354 1.004999287555
11.355 1.0050008143122
11.356 1.00500234089906
11.357 1.00500386640914
11.358 1.00500538993603
11.359 1.00500691057329
11.36 1.0050084274145
11.361 1.00500993955324
11.362 1.00501144608308
11.363 1.0050129460976
11.364 1.00501443869038
11.365 1.00501592295498
11.366 1.00501739798498
11.367 1.00501886287396
11.368 1.0050203167155
11.369 1.00502175860316
11.37 1.00502318763053
11.371 1.00502460289117
11.372 1.00502600347867
11.373 1.00502738848659
11.374 1.00502875700852
11.375 1.00503010813803
11.376 1.00503144096869
11.377 1.00503275459408
11.378 1.00503404810778
11.379 1.00503532060335
11.38 1.00503657117438
11.381 1.00503779891443
11.382 1.00503900291709
11.383 1.00504018227705
11.384 1.00504133639312
11.385 1.00504246537906
11.386 1.00504356945127
11.387 1.00504464882616
11.388 1.00504570372012
11.389 1.00504673434956
11.39 1.00504774093088
11.391 1.00504872368048
11.392 1.00504968281476
11.393 1.00505061855013
11.394 1.00505153110298
11.395 1.00505242068972
11.396 1.00505328752675
11.397 1.00505413183047
11.398 1.00505495381729
11.399 1.0050557537036
11.4 1.00505653170581
11.401 1.00505728804031
11.402 1.00505802292352
11.403 1.00505873657183
11.404 1.00505942920164
11.405 1.00506010102936
11.406 1.00506075227138
11.407 1.00506138314412
11.408 1.00506199386396
11.409 1.00506258464732
11.41 1.0050631557106
11.411 1.00506370727019
11.412 1.00506423954249
11.413 1.00506475274392
11.414 1.00506524709087
11.415 1.00506572279975
11.416 1.00506618008694
11.417 1.00506661916887
11.418 1.00506704026192
11.419 1.00506744358251
11.42 1.00506782934702
11.421 1.00506819777187
11.422 1.00506854907346
11.423 1.00506888346818
11.424 1.00506920117245
11.425 1.00506950240265
11.426 1.0050697873752
11.427 1.00507005630649
11.428 1.00507030941293
11.429 1.00507054691092
11.43 1.00507076901685
11.431 1.00507097594714
11.432 1.00507116791818
11.433 1.00507134514638
11.434 1.00507150784813
11.435 1.00507165623985
11.436 1.00507179053792
11.437 1.00507191095876
11.438 1.00507201771876
11.439 1.00507211103432
11.44 1.00507219112186
11.441 1.00507225819776
11.442 1.00507231247843
11.443 1.00507235418028
11.444 1.0050723835197
11.445 1.0050724007131
11.446 1.00507240597688
11.447 1.00507239952743
11.448 1.00507238158117
11.449 1.00507235235449
11.45 1.0050723120638
11.451 1.00507226092549
11.452 1.00507219915598
11.453 1.00507212697165
11.454 1.00507204458892
11.455 1.00507195222418
11.456 1.00507185009383
11.457 1.00507173841429
11.458 1.00507161740194
11.459 1.0050714872732
11.46 1.00507134824445
11.461 1.00507120053212
11.462 1.00507104435259
11.463 1.00507087992226
11.464 1.00507070745755
11.465 1.00507052717485
11.466 1.00507033929057
11.467 1.00507014402109
11.468 1.00506994158284
11.469 1.0050697321922
11.47 1.00506951606559
11.471 1.0050692934194
11.472 1.00506906447003
11.473 1.00506882943389
11.474 1.00506858852737
11.475 1.00506834196689
11.476 1.00506808996884
11.477 1.00506783274962
11.478 1.00506757052563
11.479 1.00506730351328
11.48 1.00506703192897
11.481 1.00506675598911
11.482 1.00506647591008
11.483 1.00506619190829
11.484 1.00506590420015
11.485 1.00506561300206
11.486 1.00506531853042
11.487 1.00506502100163
11.488 1.00506472063209
11.489 1.00506441763821
11.49 1.00506411223638
11.491 1.00506380464301
11.492 1.0050634950745
11.493 1.00506318374725
11.494 1.00506287087766
11.495 1.00506255668214
11.496 1.00506224137708
11.497 1.0050619251789
11.498 1.00506160830398
11.499 1.00506129096874
11.5 1.00506097338957
11.501 1.00506065578287
11.502 1.00506033836506
11.503 1.00506002135252
11.504 1.00505970496166
11.505 1.00505938940889
11.506 1.0050590749106
11.507 1.00505876168319
11.508 1.00505844994308
11.509 1.00505813990665
11.51 1.00505783179032
11.511 1.00505752581047
11.512 1.00505722218353
11.513 1.00505692112588
11.514 1.00505662285393
11.515 1.00505632758408
11.516 1.00505603553273
11.517 1.00505574691628
11.518 1.00505546195114
11.519 1.00505518085371
11.52 1.00505490384039
11.521 1.00505463112758
11.522 1.00505436293168
11.523 1.00505409946909
11.524 1.00505384095623
11.525 1.00505358760948
11.526 1.00505333964525
11.527 1.00505309727994
11.528 1.00505286069039
11.529 1.00505262986995
11.53 1.00505240475878
11.531 1.00505218529702
11.532 1.00505197142484
11.533 1.00505176308239
11.534 1.00505156020982
11.535 1.00505136274729
11.536 1.00505117063496
11.537 1.00505098381298
11.538 1.00505080222151
11.539 1.00505062580069
11.54 1.0050504544907
11.541 1.00505028823167
11.542 1.00505012696377
11.543 1.00504997062716
11.544 1.00504981916198
11.545 1.0050496725084
11.546 1.00504953060656
11.547 1.00504939339663
11.548 1.00504926081876
11.549 1.0050491328131
11.55 1.00504900931981
11.551 1.00504889027905
11.552 1.00504877563097
11.553 1.00504866531572
11.554 1.00504855927346
11.555 1.00504845744435
11.556 1.00504835976854
11.557 1.00504826618619
11.558 1.00504817663745
11.559 1.00504809106247
11.56 1.00504800940142
11.561 1.00504793159445
11.562 1.00504785758171
11.563 1.00504778730335
11.564 1.00504772069955
11.565 1.00504765771044
11.566 1.00504759827618
11.567 1.00504754233694
11.568 1.00504748983285
11.569 1.00504744070409
11.57 1.00504739489081
11.571 1.00504735233315
11.572 1.00504731297129
11.573 1.00504727674536
11.574 1.00504724359553
11.575 1.00504721346195
11.576 1.00504718628478
11.577 1.00504716200417
11.578 1.00504714056028
11.579 1.00504712189326
11.58 1.00504710594327
11.581 1.00504709265046
11.582 1.005047081955
11.583 1.00504707379702
11.584 1.0050470681167
11.585 1.00504706485418
11.586 1.00504706394962
11.587 1.00504706534318
11.588 1.00504706897501
11.589 1.00504707478526
11.59 1.0050470827141
11.591 1.00504709270167
11.592 1.00504710468813
11.593 1.00504711861364
11.594 1.00504713441835
11.595 1.00504715204242
11.596 1.00504717142601
11.597 1.00504719250926
11.598 1.00504721523233
11.599 1.00504723953539
11.6 1.00504726535858
11.601 1.00504729264205
11.602 1.00504732132598
11.603 1.0050473513505
11.604 1.00504738265578
11.605 1.00504741518196
11.606 1.00504744886922
11.607 1.00504748365769
11.608 1.00504751948755
11.609 1.00504755629893
11.61 1.005047594032
11.611 1.00504763262691
11.612 1.00504767202383
11.613 1.00504771216289
11.614 1.00504775298426
11.615 1.0050477944281
11.616 1.00504783643455
11.617 1.00504787894378
11.618 1.00504792189594
11.619 1.00504796523118
11.62 1.00504800888966
11.621 1.00504805281154
11.622 1.00504809693697
11.623 1.0050481412061
11.624 1.0050481855591
11.625 1.00504822993611
11.626 1.0050482742773
11.627 1.00504831852281
11.628 1.0050483626128
11.629 1.00504840648743
11.63 1.00504845008685
11.631 1.00504849335123
11.632 1.0050485362207
11.633 1.00504857863543
11.634 1.00504862053558
11.635 1.0050486618613
11.636 1.00504870255274
11.637 1.00504874255006
11.638 1.00504878179342
11.639 1.00504882022297
11.64 1.00504885777886
11.641 1.00504889440126
11.642 1.00504893003031
11.643 1.00504896460617
11.644 1.005048998069
11.645 1.00504903035895
11.646 1.00504906141618
11.647 1.00504909118084
11.648 1.00504911959309
11.649 1.00504914659309
11.65 1.00504917212098
11.651 1.00504919611693
11.652 1.00504921852108
11.653 1.0050492392736
11.654 1.00504925831464
11.655 1.00504927558436
11.656 1.00504929102291
11.657 1.00504930457044
11.658 1.00504931616711
11.659 1.00504932575308
11.66 1.0050493332685
11.661 1.00504933865353
11.662 1.00504934184832
11.663 1.00504934279303
11.664 1.00504934142781
11.665 1.00504933769281
11.666 1.00504933152821
11.667 1.00504932287414
11.668 1.00504931167076
11.669 1.00504929785823
11.67 1.00504928137671
11.671 1.00504926216635
11.672 1.00504924017564
11.673 1.00504921543342
11.674 1.00504918801344
11.675 1.00504915798993
11.676 1.00504912543714
11.677 1.00504909042932
11.678 1.00504905304069
11.679 1.0050490133455
11.68 1.00504897141799
11.681 1.0050489273324
11.682 1.00504888116298
11.683 1.00504883298395
11.684 1.00504878286957
11.685 1.00504873089407
11.686 1.00504867713169
11.687 1.00504862165668
11.688 1.00504856454327
11.689 1.00504850586571
11.69 1.00504844569823
11.691 1.00504838411508
11.692 1.00504832119049
11.693 1.00504825699871
11.694 1.00504819161397
11.695 1.00504812511052
11.696 1.00504805756261
11.697 1.00504798904445
11.698 1.00504791963031
11.699 1.00504784939442
11.7 1.00504777841101
11.701 1.00504770675434
11.702 1.00504763449864
11.703 1.00504756171814
11.704 1.0050474884871
11.705 1.00504741487975
11.706 1.00504734097034
11.707 1.00504726683309
11.708 1.00504719254226
11.709 1.00504711817209
11.71 1.0050470437968
11.711 1.00504696949065
11.712 1.00504689532788
11.713 1.00504682138272
11.714 1.00504674772942
11.715 1.00504667444222
11.716 1.00504660159535
11.717 1.00504652926306
11.718 1.00504645751959
11.719 1.00504638643917
11.72 1.00504631609606
11.721 1.00504624656448
11.722 1.00504617791869
11.723 1.00504611023291
11.724 1.00504604358139
11.725 1.00504597803838
11.726 1.00504591367811
11.727 1.00504585057482
11.728 1.00504578880275
11.729 1.00504572843614
11.73 1.00504566954924
11.731 1.00504561221628
11.732 1.00504555651151
11.733 1.00504550250916
11.734 1.00504545028348
11.735 1.0050453999087
11.736 1.00504535145907
11.737 1.00504530500882
11.738 1.00504526063221
11.739 1.00504521840345
11.74 1.00504517839681
11.741 1.00504514068652
11.742 1.00504510534681
11.743 1.00504507245194
11.744 1.00504504207613
11.745 1.00504501429364
11.746 1.00504498917869
11.747 1.00504496680554
11.748 1.00504494724842
11.749 1.00504493058157
11.75 1.00504491687923
11.751 1.00504490621565
11.752 1.00504489866506
11.753 1.0050448943017
11.754 1.00504489319982
11.755 1.00504489543366
11.756 1.00504490107744
11.757 1.00504491020543
11.758 1.00504492289185
11.759 1.00504493921095
11.76 1.00504495923696
11.761 1.00504498304414
11.762 1.00504501070671
11.763 1.00504504229892
11.764 1.00504507789501
11.765 1.00504511756921
11.766 1.00504516139578
11.767 1.00504520944895
11.768 1.00504526180296
11.769 1.00504531853205
11.77 1.00504537971047
11.771 1.00504544541244
11.772 1.00504551571222
11.773 1.00504559068404
11.774 1.00504567040214
11.775 1.00504575494077
11.776 1.00504584437417
11.777 1.00504593877657
11.778 1.00504603822221
11.779 1.00504614278534
11.78 1.0050462525402
11.781 1.00504636756102
11.782 1.00504648792205
11.783 1.00504661369753
11.784 1.0050467449617
11.785 1.0050468817888
11.786 1.00504702425306
11.787 1.00504717242874
11.788 1.00504732639006
11.789 1.00504748621128
11.79 1.00504765196662
11.791 1.00504782373034
11.792 1.00504800157667
11.793 1.00504818557986
11.794 1.00504837581413
11.795 1.00504857235374
11.796 1.00504877527293
11.797 1.00504898464592
11.798 1.00504920054697
11.799 1.00504942305032
11.8 1.00504965223021
11.801 1.00504988816086
11.802 1.00505013091654
11.803 1.00505038057147
11.804 1.0050506371999
11.805 1.00505090087607
11.806 1.00505117167422
11.807 1.00505144966858
11.808 1.00505173493341
11.809 1.00505202754293
11.81 1.0050523275714
11.811 1.00505263509305
11.812 1.00505295018211
11.813 1.00505327291284
11.814 1.00505360335947
11.815 1.00505394159625
11.816 1.00505428768988
11.817 1.00505464152485
11.818 1.00505500279815
11.819 1.00505537119819
11.82 1.00505574641341
11.821 1.00505612813222
11.822 1.00505651604303
11.823 1.00505690983428
11.824 1.00505730919437
11.825 1.00505771381173
11.826 1.00505812337478
11.827 1.00505853757194
11.828 1.00505895609162
11.829 1.00505937862225
11.83 1.00505980485225
11.831 1.00506023447004
11.832 1.00506066716403
11.833 1.00506110262265
11.834 1.00506154053431
11.835 1.00506198058745
11.836 1.00506242247046
11.837 1.00506286587178
11.838 1.00506331047983
11.839 1.00506375598303
11.84 1.00506420206978
11.841 1.00506464842853
11.842 1.00506509474767
11.843 1.00506554071564
11.844 1.00506598602086
11.845 1.00506643035174
11.846 1.0050668733967
11.847 1.00506731484416
11.848 1.00506775438255
11.849 1.00506819170028
11.85 1.00506862648578
11.851 1.00506905842745
11.852 1.00506948721373
11.853 1.00506991253303
11.854 1.00507033407377
11.855 1.00507075152437
11.856 1.00507116457326
11.857 1.00507157290884
11.858 1.00507197621955
11.859 1.00507237419379
11.86 1.00507276652
11.861 1.00507315288659
11.862 1.00507353298197
11.863 1.00507390649458
11.864 1.00507427311282
11.865 1.00507463252513
11.866 1.00507498441991
11.867 1.00507532848559
11.868 1.00507566441059
11.869 1.00507599188333
11.87 1.00507631059222
11.871 1.0050766202257
11.872 1.00507692047217
11.873 1.00507721102006
11.874 1.00507749155778
11.875 1.00507776177376
11.876 1.00507802135642
11.877 1.00507826999418
11.878 1.00507850737545
11.879 1.00507873318865
11.88 1.00507894712222
11.881 1.00507914886455
11.882 1.00507933810409
11.883 1.00507951452923
11.884 1.00507967782842
11.885 1.00507982769005
11.886 1.00507996380256
11.887 1.00508008585437
11.888 1.00508019353389
11.889 1.00508028652954
11.89 1.00508036452975
11.891 1.00508042722293
11.892 1.0050804742975
11.893 1.00508050544188
11.894 1.0050805203445
11.895 1.00508051869377
11.896 1.00508050017811
11.897 1.00508046448594
11.898 1.00508041130569
11.899 1.00508034032576
11.9 1.00508025123459
11.901 1.00508014372059
11.902 1.00508001747217
11.903 1.00507987217777
11.904 1.0050797075258
11.905 1.00507952320468
11.906 1.00507931890283
11.907 1.00507909430866
11.908 1.00507884911061
11.909 1.00507858299708
11.91 1.00507829565651
11.911 1.0050779867773
11.912 1.00507765604788
11.913 1.00507730315667
11.914 1.00507692779209
11.915 1.00507652964255
11.916 1.00507610839648
11.917 1.0050756637423
11.918 1.00507519536842
11.919 1.00507470296328
11.92 1.00507418621527
11.921 1.00507364481284
11.922 1.00507307844439
11.923 1.00507248679835
11.924 1.00507186956313
11.925 1.00507122642715
11.926 1.00507055707885
11.927 1.00506986120662
11.928 1.0050691384989
11.929 1.00506838864411
11.93 1.00506761133066
11.931 1.00506680624697
11.932 1.00506597308147
11.933 1.00506511152257
11.934 1.00506422125869
11.935 1.00506330197826
11.936 1.00506235336969
11.937 1.0050613751214
11.938 1.00506036692182
11.939 1.00505932845935
11.94 1.00505825942243
11.941 1.00505715949947
11.942 1.00505602837889
11.943 1.00505486574911
11.944 1.00505367129856
11.945 1.00505244471564
11.946 1.00505118568878
11.947 1.00504989390641
11.948 1.00504856905943
11.949 1.00504721104414
11.95 1.00504582032032
11.951 1.00504439788707
11.952 1.00504294517336
11.953 1.00504146392948
11.954 1.00503995613273
11.955 1.00503842390644
11.956 1.00503686945115
11.957 1.00503529498716
11.958 1.00503370270753
11.959 1.00503209474057
11.96 1.00503047312058
11.961 1.00502883976586
11.962 1.00502719646327
11.963 1.0050255448581
11.964 1.00502388644858
11.965 1.00502222258415
11.966 1.005020554467
11.967 1.00501888315649
11.968 1.00501720957529
11.969 1.00501553451717
11.97 1.00501385865574
11.971 1.00501218255388
11.972 1.00501050667352
11.973 1.00500883138551
11.974 1.0050071569795
11.975 1.00500548367357
11.976 1.00500381162355
11.977 1.00500214093169
11.978 1.00500047165473
11.979 1.0049988038112
11.98 1.00499713738829
11.981 1.00499547234785
11.982 1.00499380863204
11.983 1.00499214616806
11.984 1.00499048487223
11.985 1.00498882465388
11.986 1.00498716541838
11.987 1.0049855070698
11.988 1.00498384951292
11.989 1.00498219265504
11.99 1.00498053640728
11.991 1.00497888068551
11.992 1.00497722541118
11.993 1.00497557051189
11.994 1.00497391592154
11.995 1.00497226158045
11.996 1.00497060743527
11.997 1.00496895343887
11.998 1.00496729955008
11.999 1.00496564573327
12 1.00496399195811
12.001 1.0049623381992
12.002 1.00496068443564
12.003 1.00495903065046
12.004 1.00495737683024
12.005 1.00495572296473
12.006 1.00495406904635
12.007 1.00495241506991
12.008 1.00495076103226
12.009 1.00494910693208
12.01 1.00494745276969
12.011 1.00494579854657
12.012 1.00494414426514
12.013 1.00494248992842
12.014 1.00494083553993
12.015 1.00493918110348
12.016 1.00493752662311
12.017 1.00493587210304
12.018 1.00493421754755
12.019 1.00493256296077
12.02 1.00493090834662
12.021 1.00492925370877
12.022 1.0049275990506
12.023 1.0049259443753
12.024 1.0049242896859
12.025 1.00492263498527
12.026 1.00492098027598
12.027 1.00491932556031
12.028 1.00491767084015
12.029 1.00491601611703
12.03 1.00491436139214
12.031 1.00491270666649
12.032 1.00491105194092
12.033 1.00490939721604
12.034 1.00490774249225
12.035 1.00490608776995
12.036 1.00490443304945
12.037 1.00490277833084
12.038 1.00490112361413
12.039 1.00489946889934
12.04 1.00489781418652
12.041 1.00489615947558
12.042 1.00489450476655
12.043 1.00489285005948
12.044 1.00489119535435
12.045 1.00488954065105
12.046 1.00488788594945
12.047 1.00488623124952
12.048 1.00488457655121
12.049 1.0048829218545
12.05 1.00488126715945
12.051 1.00487961246598
12.052 1.00487795777397
12.053 1.00487630308329
12.054 1.00487464839388
12.055 1.00487299370562
12.056 1.00487133901837
12.057 1.00486968433198
12.058 1.00486802964631
12.059 1.00486637496112
12.06 1.00486472027619
12.061 1.00486306559136
12.062 1.0048614109065
12.063 1.00485975622138
12.064 1.00485810153587
12.065 1.00485644684995
12.066 1.00485479216355
12.067 1.00485313747656
12.068 1.004851482789
12.069 1.00484982810097
12.07 1.00484817341259
12.071 1.00484651872396
12.072 1.00484486403522
12.073 1.00484320934649
12.074 1.00484155465773
12.075 1.00483989996886
12.076 1.00483824527986
12.077 1.00483659059069
12.078 1.00483493590125
12.079 1.0048332812115
12.08 1.00483162652144
12.081 1.00482997183093
12.082 1.00482831713984
12.083 1.00482666244813
12.084 1.00482500775576
12.085 1.00482335306264
12.086 1.00482169836881
12.087 1.00482004367433
12.088 1.00481838897917
12.089 1.00481673428334
12.09 1.00481507958699
12.091 1.00481342489028
12.092 1.00481177019332
12.093 1.00481011549624
12.094 1.00480846079924
12.095 1.00480680610255
12.096 1.00480515140629
12.097 1.00480349671041
12.098 1.00480184201482
12.099 1.00480018731947
12.1 1.00479853262429
12.101 1.0047968779293
12.102 1.00479522323453
12.103 1.00479356854001
12.104 1.00479191384568
12.105 1.00479025915138
12.106 1.00478860445693
12.107 1.00478694976216
12.108 1.004785295067
12.109 1.00478364037149
12.11 1.00478198567564
12.111 1.0047803309795
12.112 1.00477867628296
12.113 1.00477702158591
12.114 1.00477536688826
12.115 1.00477371219004
12.116 1.00477205749145
12.117 1.00477040279273
12.118 1.00476874809413
12.119 1.00476709339582
12.12 1.00476543869793
12.121 1.0047637840006
12.122 1.00476212930387
12.123 1.00476047460769
12.124 1.00475881991215
12.125 1.00475716521734
12.126 1.00475551052332
12.127 1.00475385583014
12.128 1.00475220113783
12.129 1.00475054644646
12.13 1.00474889175596
12.131 1.00474723706628
12.132 1.00474558237736
12.133 1.00474392768923
12.134 1.00474227300191
12.135 1.00474061831531
12.136 1.00473896362939
12.137 1.00473730894397
12.138 1.00473565425891
12.139 1.00473399957415
12.14 1.00473234488968
12.141 1.00473069020551
12.142 1.0047290355216
12.143 1.00472738083787
12.144 1.00472572615417
12.145 1.00472407147034
12.146 1.00472241678618
12.147 1.00472076210149
12.148 1.00471910741625
12.149 1.00471745273057
12.15 1.00471579804459
12.151 1.00471414335838
12.152 1.00471248867195
12.153 1.0047108339853
12.154 1.00470917929841
12.155 1.00470752461133
12.156 1.00470586992427
12.157 1.0047042152374
12.158 1.00470256055088
12.159 1.00470090586475
12.16 1.00469925117891
12.161 1.00469759649323
12.162 1.00469594180768
12.163 1.00469428712236
12.164 1.00469263243745
12.165 1.00469097775302
12.166 1.0046893230691
12.167 1.00468766838558
12.168 1.00468601370228
12.169 1.00468435901897
12.17 1.00468270433546
12.171 1.0046810496517
12.172 1.0046793949676
12.173 1.00467774028309
12.174 1.00467608559822
12.175 1.004674430913
12.176 1.00467277622736
12.177 1.00467112154122
12.178 1.00466946685461
12.179 1.00466781216755
12.18 1.00466615748004
12.181 1.00466450279219
12.182 1.00466284810405
12.183 1.00466119341561
12.184 1.00465953872684
12.185 1.00465788403782
12.186 1.00465622934861
12.187 1.00465457465921
12.188 1.0046529199697
12.189 1.00465126528019
12.19 1.00464961059068
12.191 1.00464795590108
12.192 1.00464630121144
12.193 1.00464464652182
12.194 1.0046429918322
12.195 1.00464133714248
12.196 1.00463968245267
12.197 1.00463802776277
12.198 1.00463637307275
12.199 1.00463471838264
12.2 1.00463306369253
12.201 1.00463140900238
12.202 1.00462975431212
12.203 1.0046280996217
12.204 1.00462644493107
12.205 1.00462479024018
12.206 1.00462313554898
12.207 1.00462148085746
12.208 1.00461982616562
12.209 1.00461817147342
12.21 1.00461651678087
12.211 1.00461486208807
12.212 1.00461320739508
12.213 1.0046115527019
12.214 1.00460989800857
12.215 1.00460824331512
12.216 1.0046065886215
12.217 1.0046049339277
12.218 1.0046032792337
12.219 1.00460162453949
12.22 1.00459996984505
12.221 1.00459831515043
12.222 1.00459666045576
12.223 1.00459500576111
12.224 1.00459335106652
12.225 1.00459169637209
12.226 1.00459004167791
12.227 1.00458838698402
12.228 1.00458673229038
12.229 1.00458507759681
12.23 1.00458342290325
12.231 1.00458176820964
12.232 1.00458011351603
12.233 1.00457845882257
12.234 1.0045768041294
12.235 1.0045751494365
12.236 1.00457349474373
12.237 1.00457184005092
12.238 1.00457018535795
12.239 1.00456853066473
12.24 1.0045668759713
12.241 1.00456522127766
12.242 1.00456356658384
12.243 1.00456191188977
12.244 1.00456025719532
12.245 1.00455860250041
12.246 1.004556947805
12.247 1.00455529310921
12.248 1.00455363841319
12.249 1.00455198371705
12.25 1.00455032902088
12.251 1.00454867432487
12.252 1.00454701962916
12.253 1.00454536493381
12.254 1.00454371023878
12.255 1.00454205554407
12.256 1.00454040084974
12.257 1.00453874615585
12.258 1.00453709146242
12.259 1.00453543676952
12.26 1.0045337820772
12.261 1.00453212738544
12.262 1.00453047269423
12.263 1.00452881800362
12.264 1.00452716331372
12.265 1.00452550862468
12.266 1.00452385393657
12.267 1.00452219924939
12.268 1.00452054456304
12.269 1.00451888987734
12.27 1.00451723519217
12.271 1.00451558050742
12.272 1.00451392582298
12.273 1.00451227113867
12.274 1.00451061645429
12.275 1.00450896176962
12.276 1.00450730708456
12.277 1.00450565239905
12.278 1.00450399771301
12.279 1.00450234302646
12.28 1.0045006883396
12.281 1.00449903365265
12.282 1.00449737896573
12.283 1.00449572427891
12.284 1.0044940695922
12.285 1.00449241490558
12.286 1.004490760219
12.287 1.00448910553255
12.288 1.00448745084632
12.289 1.00448579616038
12.29 1.00448414147478
12.291 1.00448248678944
12.292 1.00448083210423
12.293 1.004479177419
12.294 1.0044775227338
12.295 1.00447586804874
12.296 1.00447421336392
12.297 1.00447255867942
12.298 1.00447090399517
12.299 1.00446924931103
12.3 1.00446759462678
12.301 1.0044659399422
12.302 1.00446428525721
12.303 1.00446263057177
12.304 1.00446097588579
12.305 1.00445932119932
12.306 1.00445766651242
12.307 1.00445601182513
12.308 1.00445435713736
12.309 1.00445270244916
12.31 1.00445104776063
12.311 1.00444939307182
12.312 1.00444773838287
12.313 1.00444608369387
12.314 1.00444442900483
12.315 1.00444277431571
12.316 1.00444111962651
12.317 1.00443946493721
12.318 1.00443781024778
12.319 1.00443615555826
12.32 1.00443450086873
12.321 1.00443284617925
12.322 1.0044311914898
12.323 1.00442953680037
12.324 1.00442788211104
12.325 1.00442622742184
12.326 1.00442457273272
12.327 1.00442291804369
12.328 1.00442126335476
12.329 1.00441960866584
12.33 1.00441795397683
12.331 1.00441629928771
12.332 1.00441464459844
12.333 1.004412989909
12.334 1.00441133521938
12.335 1.00440968052967
12.336 1.0044080258399
12.337 1.00440637115004
12.338 1.00440471646007
12.339 1.00440306177002
12.34 1.00440140707986
12.341 1.00439975238952
12.342 1.00439809769901
12.343 1.00439644300838
12.344 1.0043947883176
12.345 1.00439313362657
12.346 1.00439147893521
12.347 1.00438982424336
12.348 1.00438816955091
12.349 1.0043865148578
12.35 1.00438486016401
12.351 1.00438320546946
12.352 1.00438155077415
12.353 1.00437989607817
12.354 1.00437824138159
12.355 1.00437658668447
12.356 1.004374931987
12.357 1.00437327728942
12.358 1.00437162259191
12.359 1.00436996789453
12.36 1.00436831319722
12.361 1.00436665849988
12.362 1.00436500380245
12.363 1.00436334910486
12.364 1.00436169440714
12.365 1.0043600397094
12.366 1.00435838501168
12.367 1.0043567303139
12.368 1.00435507561594
12.369 1.0043534209177
12.37 1.00435176621912
12.371 1.00435011152023
12.372 1.00434845682115
12.373 1.00434680212199
12.374 1.00434514742278
12.375 1.00434349272349
12.376 1.00434183802405
12.377 1.00434018332447
12.378 1.00433852862491
12.379 1.0043368739256
12.38 1.00433521922679
12.381 1.00433356452869
12.382 1.00433190983141
12.383 1.00433025513499
12.384 1.00432860043956
12.385 1.00432694574509
12.386 1.00432529105158
12.387 1.00432363635909
12.388 1.00432198166765
12.389 1.00432032697728
12.39 1.00431867228789
12.391 1.0043170175994
12.392 1.00431536291166
12.393 1.00431370822454
12.394 1.00431205353797
12.395 1.00431039885191
12.396 1.00430874416637
12.397 1.00430708948132
12.398 1.00430543479674
12.399 1.00430378011264
12.4 1.00430212542899
12.401 1.00430047074573
12.402 1.00429881606284
12.403 1.00429716138026
12.404 1.00429550669787
12.405 1.00429385201556
12.406 1.00429219733325
12.407 1.0042905426508
12.408 1.00428888796805
12.409 1.00428723328481
12.41 1.00428557860089
12.411 1.00428392391627
12.412 1.00428226923104
12.413 1.00428061454535
12.414 1.00427895985934
12.415 1.00427730517308
12.416 1.00427565048662
12.417 1.00427399579994
12.418 1.00427234111317
12.419 1.00427068642653
12.42 1.00426903174015
12.421 1.00426737705406
12.422 1.00426572236825
12.423 1.0042640676826
12.424 1.00426241299698
12.425 1.00426075831131
12.426 1.00425910362567
12.427 1.00425744894017
12.428 1.00425579425488
12.429 1.0042541395698
12.43 1.0042524848848
12.431 1.00425083019971
12.432 1.00424917551439
12.433 1.00424752082882
12.434 1.00424586614298
12.435 1.00424421145679
12.436 1.00424255677021
12.437 1.00424090208333
12.438 1.00423924739614
12.439 1.00423759270856
12.44 1.00423593802055
12.441 1.00423428333218
12.442 1.00423262864348
12.443 1.00423097395449
12.444 1.00422931926532
12.445 1.00422766457607
12.446 1.00422600988672
12.447 1.00422435519724
12.448 1.00422270050764
12.449 1.0042210458179
12.45 1.00421939112801
12.451 1.00421773643807
12.452 1.00421608174813
12.453 1.00421442705824
12.454 1.00421277236835
12.455 1.00421111767846
12.456 1.00420946298857
12.457 1.00420780829868
12.458 1.00420615360885
12.459 1.00420449891915
12.46 1.00420284422955
12.461 1.00420118953995
12.462 1.00419953485034
12.463 1.00419788016073
12.464 1.00419622547106
12.465 1.0041945707813
12.466 1.00419291609155
12.467 1.00419126140196
12.468 1.00418960671254
12.469 1.00418795202327
12.47 1.00418629733412
12.471 1.00418464264502
12.472 1.00418298795586
12.473 1.0041813332666
12.474 1.00417967857714
12.475 1.00417802388735
12.476 1.00417636919711
12.477 1.00417471450638
12.478 1.00417305981517
12.479 1.00417140512351
12.48 1.00416975043143
12.481 1.00416809573901
12.482 1.00416644104621
12.483 1.00416478635296
12.484 1.00416313165922
12.485 1.00416147696496
12.486 1.00415982227007
12.487 1.00415816757455
12.488 1.0041565128785
12.489 1.004154858182
12.49 1.0041532034851
12.491 1.0041515487879
12.492 1.00414989409062
12.493 1.0041482393934
12.494 1.0041465846963
12.495 1.00414492999945
12.496 1.00414327530302
12.497 1.00414162060717
12.498 1.00413996591191
12.499 1.00413831121708
12.5 1.00413665652252
12.501 1.00413500182802
12.502 1.00413334713348
12.503 1.00413169243892
12.504 1.00413003774438
12.505 1.0041283830498
12.506 1.00412672835501
12.507 1.00412507365985
12.508 1.00412341896419
12.509 1.00412176426804
12.51 1.00412010957153
12.511 1.0041184548748
12.512 1.004116800178
12.513 1.00411514548114
12.514 1.00411349078422
12.515 1.00411183608719
12.516 1.00411018139006
12.517 1.00410852669297
12.518 1.00410687199608
12.519 1.00410521729952
12.52 1.00410356260339
12.521 1.0041019079078
12.522 1.0041002532128
12.523 1.00409859851844
12.524 1.00409694382465
12.525 1.00409528913139
12.526 1.00409363443864
12.527 1.00409197974639
12.528 1.00409032505467
12.529 1.00408867036352
12.53 1.00408701567296
12.531 1.0040853609829
12.532 1.00408370629327
12.533 1.00408205160402
12.534 1.00408039691514
12.535 1.00407874222669
12.536 1.00407708753874
12.537 1.00407543285141
12.538 1.00407377816472
12.539 1.00407212347868
12.54 1.00407046879328
12.541 1.00406881410856
12.542 1.0040671594245
12.543 1.004065504741
12.544 1.00406385005794
12.545 1.00406219537519
12.546 1.00406054069254
12.547 1.00405888600977
12.548 1.00405723132664
12.549 1.00405557664299
12.55 1.00405392195884
12.551 1.00405226727425
12.552 1.00405061258923
12.553 1.00404895790387
12.554 1.00404730321818
12.555 1.00404564853217
12.556 1.00404399384581
12.557 1.00404233915929
12.558 1.00404068447277
12.559 1.0040390297864
12.56 1.00403737510024
12.561 1.00403572041425
12.562 1.00403406572832
12.563 1.00403241104236
12.564 1.00403075635641
12.565 1.00402910167061
12.566 1.00402744698513
12.567 1.00402579230017
12.568 1.00402413761579
12.569 1.0040224829319
12.57 1.00402082824834
12.571 1.00401917356495
12.572 1.00401751888164
12.573 1.00401586419832
12.574 1.00401420951482
12.575 1.00401255483107
12.576 1.004010900147
12.577 1.00400924546256
12.578 1.00400759077767
12.579 1.00400593609235
12.58 1.00400428140665
12.581 1.00400262672055
12.582 1.00400097203406
12.583 1.00399931734723
12.584 1.00399766266007
12.585 1.00399600797254
12.586 1.00399435328463
12.587 1.00399269859637
12.588 1.00399104390771
12.589 1.00398938921868
12.59 1.00398773452938
12.591 1.00398607983979
12.592 1.00398442514987
12.593 1.00398277045965
12.594 1.00398111576923
12.595 1.00397946107866
12.596 1.00397780638789
12.597 1.00397615169694
12.598 1.00397449700584
12.599 1.00397284231453
12.6 1.00397118762303
12.601 1.00396953293143
12.602 1.00396787823983
12.603 1.00396622354822
12.604 1.00396456885664
12.605 1.00396291416511
12.606 1.00396125947365
12.607 1.00395960478221
12.608 1.00395795009077
12.609 1.00395629539932
12.61 1.00395464070785
12.611 1.0039529860163
12.612 1.00395133132465
12.613 1.00394967663286
12.614 1.00394802194082
12.615 1.00394636724847
12.616 1.00394471255588
12.617 1.00394305786301
12.618 1.00394140316981
12.619 1.0039397484763
12.62 1.00393809378246
12.621 1.00393643908822
12.622 1.00393478439356
12.623 1.00393312969852
12.624 1.00393147500308
12.625 1.00392982030725
12.626 1.00392816561115
12.627 1.00392651091497
12.628 1.0039248562189
12.629 1.00392320152301
12.63 1.00392154682722
12.631 1.00391989213149
12.632 1.00391823743574
12.633 1.00391658273996
12.634 1.00391492804427
12.635 1.00391327334873
12.636 1.00391161865337
12.637 1.00390996395802
12.638 1.00390830926252
12.639 1.00390665456675
12.64 1.00390499987066
12.641 1.0039033451743
12.642 1.00390169047774
12.643 1.00390003578104
12.644 1.00389838108423
12.645 1.00389672638723
12.646 1.00389507168998
12.647 1.00389341699245
12.648 1.00389176229473
12.649 1.00389010759701
12.65 1.00388845289946
12.651 1.00388679820222
12.652 1.00388514350535
12.653 1.00388348880894
12.654 1.00388183411307
12.655 1.00388017941771
12.656 1.00387852472281
12.657 1.00387687002837
12.658 1.00387521533439
12.659 1.00387356064092
12.66 1.00387190594793
12.661 1.00387025125545
12.662 1.00386859656347
12.663 1.00386694187197
12.664 1.00386528718104
12.665 1.0038636324908
12.666 1.00386197780133
12.667 1.00386032311263
12.668 1.00385866842475
12.669 1.0038570137377
12.67 1.00385535905144
12.671 1.00385370436591
12.672 1.00385204968104
12.673 1.00385039499676
12.674 1.00384874031293
12.675 1.00384708562943
12.676 1.00384543094617
12.677 1.00384377626295
12.678 1.00384212157961
12.679 1.00384046689599
12.68 1.00383881221194
12.681 1.00383715752745
12.682 1.00383550284255
12.683 1.00383384815726
12.684 1.00383219347159
12.685 1.00383053878546
12.686 1.0038288840988
12.687 1.00382722941154
12.688 1.00382557472376
12.689 1.00382392003568
12.69 1.00382226534751
12.691 1.0038206106594
12.692 1.0038189559714
12.693 1.00381730128342
12.694 1.00381564659542
12.695 1.00381399190745
12.696 1.00381233721971
12.697 1.00381068253238
12.698 1.00380902784559
12.699 1.00380737315947
12.7 1.003805718474
12.701 1.00380406378911
12.702 1.00380240910472
12.703 1.00380075442076
12.704 1.00379909973715
12.705 1.00379744505373
12.706 1.00379579037045
12.707 1.0037941356873
12.708 1.00379248100421
12.709 1.00379082632103
12.71 1.00378917163769
12.711 1.0037875169542
12.712 1.00378586227054
12.713 1.00378420758672
12.714 1.0037825529028
12.715 1.00378089821867
12.716 1.00377924353416
12.717 1.00377758884911
12.718 1.00377593416342
12.719 1.00377427947703
12.72 1.00377262478993
12.721 1.00377097010226
12.722 1.00376931541409
12.723 1.00376766072542
12.724 1.00376600603627
12.725 1.00376435134672
12.726 1.00376269665687
12.727 1.00376104196675
12.728 1.00375938727638
12.729 1.00375773258586
12.73 1.0037560778952
12.731 1.00375442320435
12.732 1.0037527685134
12.733 1.00375111382242
12.734 1.00374945913147
12.735 1.00374780444056
12.736 1.00374614974976
12.737 1.00374449505911
12.738 1.00374284036856
12.739 1.00374118567803
12.74 1.00373953098749
12.741 1.0037378762969
12.742 1.00373622160623
12.743 1.00373456691552
12.744 1.00373291222479
12.745 1.00373125753401
12.746 1.00372960284307
12.747 1.00372794815196
12.748 1.00372629346067
12.749 1.00372463876914
12.75 1.00372298407738
12.751 1.0037213293854
12.752 1.00371967469314
12.753 1.00371802000045
12.754 1.00371636530726
12.755 1.00371471061352
12.756 1.00371305591914
12.757 1.00371140122417
12.758 1.00370974652875
12.759 1.00370809183294
12.76 1.00370643713675
12.761 1.00370478244029
12.762 1.00370312774372
12.763 1.00370147304715
12.764 1.00369981835059
12.765 1.00369816365416
12.766 1.00369650895799
12.767 1.0036948542622
12.768 1.00369319956676
12.769 1.00369154487157
12.77 1.00368989017654
12.771 1.00368823548163
12.772 1.00368658078685
12.773 1.00368492609223
12.774 1.00368327139778
12.775 1.00368161670343
12.776 1.00367996200898
12.777 1.00367830731422
12.778 1.00367665261899
12.779 1.00367499792337
12.78 1.00367334322753
12.781 1.0036716885316
12.782 1.00367003383568
12.783 1.00366837913967
12.784 1.00366672444342
12.785 1.00366506974677
12.786 1.0036634150497
12.787 1.00366176035234
12.788 1.0036601056549
12.789 1.00365845095753
12.79 1.00365679626036
12.791 1.00365514156351
12.792 1.00365348686712
12.793 1.0036518321713
12.794 1.00365017747604
12.795 1.00364852278139
12.796 1.00364686808734
12.797 1.00364521339389
12.798 1.00364355870103
12.799 1.00364190400877
12.8 1.00364024931711
12.801 1.00363859462598
12.802 1.00363693993534
12.803 1.0036352852452
12.804 1.0036336305556
12.805 1.00363197586659
12.806 1.00363032117818
12.807 1.00362866649044
12.808 1.00362701180338
12.809 1.00362535711699
12.81 1.00362370243127
12.811 1.00362204774622
12.812 1.00362039306186
12.813 1.00361873837813
12.814 1.0036170836949
12.815 1.00361542901198
12.816 1.00361377432915
12.817 1.00361211964622
12.818 1.00361046496301
12.819 1.00360881027947
12.82 1.00360715559574
12.821 1.003605500912
12.822 1.0036038462284
12.823 1.00360219154498
12.824 1.00360053686166
12.825 1.00359888217835
12.826 1.00359722749498
12.827 1.00359557281167
12.828 1.00359391812849
12.829 1.00359226344551
12.83 1.00359060876279
12.831 1.00358895408022
12.832 1.0035872993976
12.833 1.00358564471471
12.834 1.00358399003148
12.835 1.00358233534786
12.836 1.00358068066375
12.837 1.00357902597906
12.838 1.00357737129379
12.839 1.0035757166079
12.84 1.00357406192133
12.841 1.00357240723404
12.842 1.00357075254615
12.843 1.00356909785776
12.844 1.003567443169
12.845 1.00356578848009
12.846 1.0035641337912
12.847 1.00356247910243
12.848 1.00356082441379
12.849 1.00355916972532
12.85 1.00355751503699
12.851 1.00355586034872
12.852 1.00355420566054
12.853 1.00355255097244
12.854 1.00355089628438
12.855 1.00354924159624
12.856 1.00354758690803
12.857 1.00354593221979
12.858 1.00354427753153
12.859 1.00354262284329
12.86 1.00354096815515
12.861 1.00353931346705
12.862 1.00353765877889
12.863 1.00353600409064
12.864 1.00353434940236
12.865 1.00353269471404
12.866 1.00353104002561
12.867 1.00352938533706
12.868 1.00352773064837
12.869 1.00352607595943
12.87 1.00352442127019
12.871 1.00352276658069
12.872 1.00352111189097
12.873 1.00351945720096
12.874 1.00351780251064
12.875 1.00351614781998
12.876 1.0035144931289
12.877 1.00351283843721
12.878 1.00351118374481
12.879 1.00350952905165
12.88 1.00350787435769
12.881 1.00350621966291
12.882 1.00350456496742
12.883 1.00350291027133
12.884 1.00350125557472
12.885 1.00349960087767
12.886 1.00349794618031
12.887 1.00349629148268
12.888 1.00349463678476
12.889 1.00349298208662
12.89 1.00349132738831
12.891 1.00348967268985
12.892 1.00348801799133
12.893 1.00348636329292
12.894 1.00348470859483
12.895 1.00348305389725
12.896 1.00348139920041
12.897 1.00347974450451
12.898 1.00347808980962
12.899 1.00347643511572
12.9 1.00347478042262
12.901 1.0034731257301
12.902 1.00347147103792
12.903 1.00346981634588
12.904 1.00346816165393
12.905 1.00346650696211
12.906 1.00346485227037
12.907 1.00346319757857
12.908 1.00346154288656
12.909 1.00345988819422
12.91 1.0034582335015
12.911 1.00345657880844
12.912 1.00345492411514
12.913 1.00345326942171
12.914 1.00345161472815
12.915 1.00344996003438
12.916 1.00344830534025
12.917 1.00344665064565
12.918 1.00344499595064
12.919 1.00344334125534
12.92 1.00344168655978
12.921 1.00344003186397
12.922 1.00343837716796
12.923 1.00343672247188
12.924 1.00343506777581
12.925 1.00343341307975
12.926 1.00343175838374
12.927 1.00343010368787
12.928 1.00342844899225
12.929 1.00342679429699
12.93 1.00342513960222
12.931 1.00342348490811
12.932 1.00342183021476
12.933 1.00342017552218
12.934 1.00341852083041
12.935 1.00341686613954
12.936 1.00341521144967
12.937 1.00341355676082
12.938 1.00341190207301
12.939 1.00341024738625
12.94 1.00340859270042
12.941 1.0034069380154
12.942 1.00340528333112
12.943 1.00340362864749
12.944 1.00340197396441
12.945 1.00340031928172
12.946 1.00339866459929
12.947 1.00339700991692
12.948 1.00339535523434
12.949 1.0033937005513
12.95 1.00339204586757
12.951 1.00339039118307
12.952 1.00338873649787
12.953 1.00338708181206
12.954 1.00338542712561
12.955 1.00338377243849
12.956 1.00338211775068
12.957 1.00338046306224
12.958 1.00337880837326
12.959 1.00337715368396
12.96 1.00337549899456
12.961 1.00337384430513
12.962 1.00337218961557
12.963 1.00337053492581
12.964 1.00336888023575
12.965 1.00336722554535
12.966 1.00336557085474
12.967 1.0033639161641
12.968 1.00336226147356
12.969 1.00336060678319
12.97 1.00335895209296
12.971 1.00335729740282
12.972 1.00335564271273
12.973 1.00335398802276
12.974 1.00335233333309
12.975 1.00335067864377
12.976 1.00334902395479
12.977 1.00334736926612
12.978 1.00334571457766
12.979 1.00334405988932
12.98 1.00334240520113
12.981 1.0033407505132
12.982 1.00333909582557
12.983 1.00333744113828
12.984 1.00333578645127
12.985 1.00333413176443
12.986 1.00333247707764
12.987 1.00333082239084
12.988 1.00332916770412
12.989 1.0033275130176
12.99 1.00332585833133
12.991 1.00332420364515
12.992 1.0033225489588
12.993 1.003320894272
12.994 1.0033192395845
12.995 1.0033175848962
12.996 1.00331593020707
12.997 1.00331427551704
12.998 1.00331262082611
12.999 1.00331096613436
13 1.00330931144176
13.001 1.0033076567482
13.002 1.00330600205364
13.003 1.00330434735818
13.004 1.00330269266189
13.005 1.00330103796499
13.006 1.00329938326779
13.007 1.00329772857059
13.008 1.00329607387361
13.009 1.00329441917692
13.01 1.00329276448048
13.011 1.00329110978434
13.012 1.00328945508865
13.013 1.00328780039368
13.014 1.00328614569964
13.015 1.00328449100674
13.016 1.00328283631502
13.017 1.0032811816244
13.018 1.00327952693475
13.019 1.00327787224593
13.02 1.00327621755788
13.021 1.00327456287055
13.022 1.00327290818386
13.023 1.00327125349778
13.024 1.00326959881208
13.025 1.0032679441265
13.026 1.00326628944075
13.027 1.00326463475465
13.028 1.00326298006821
13.029 1.00326132538137
13.03 1.00325967069407
13.031 1.00325801600611
13.032 1.00325636131744
13.033 1.003254706628
13.034 1.00325305193787
13.035 1.00325139724724
13.036 1.00324974255632
13.037 1.00324808786533
13.038 1.00324643317443
13.039 1.00324477848368
13.04 1.00324312379305
13.041 1.00324146910256
13.042 1.00323981441231
13.043 1.0032381597224
13.044 1.00323650503293
13.045 1.00323485034398
13.046 1.00323319565562
13.047 1.00323154096777
13.048 1.00322988628035
13.049 1.00322823159339
13.05 1.00322657690696
13.051 1.00322492222103
13.052 1.00322326753558
13.053 1.00322161285053
13.054 1.00321995816569
13.055 1.00321830348089
13.056 1.00321664879608
13.057 1.00321499411125
13.058 1.00321333942642
13.059 1.00321168474146
13.06 1.00321003005627
13.061 1.00320837537079
13.062 1.00320672068492
13.063 1.00320506599853
13.064 1.00320341131155
13.065 1.00320175662392
13.066 1.00320010193556
13.067 1.00319844724637
13.068 1.00319679255636
13.069 1.00319513786551
13.07 1.00319348317381
13.071 1.00319182848141
13.072 1.00319017378841
13.073 1.00318851909492
13.074 1.00318686440101
13.075 1.00318520970688
13.076 1.00318355501268
13.077 1.00318190031847
13.078 1.00318024562433
13.079 1.00317859093038
13.08 1.00317693623667
13.081 1.00317528154316
13.082 1.00317362684987
13.083 1.00317197215698
13.084 1.00317031746463
13.085 1.00316866277282
13.086 1.00316700808144
13.087 1.00316535339045
13.088 1.00316369869971
13.089 1.00316204400906
13.09 1.00316038931849
13.091 1.00315873462805
13.092 1.00315707993771
13.093 1.00315542524733
13.094 1.00315377055677
13.095 1.00315211586593
13.096 1.00315046117476
13.097 1.0031488064833
13.098 1.00314715179163
13.099 1.00314549709985
13.1 1.00314384240795
13.101 1.00314218771589
13.102 1.00314053302361
13.103 1.00313887833106
13.104 1.00313722363825
13.105 1.00313556894535
13.106 1.0031339142525
13.107 1.0031322595598
13.108 1.00313060486724
13.109 1.0031289501748
13.11 1.00312729548241
13.111 1.00312564079004
13.112 1.0031239860978
13.113 1.00312233140579
13.114 1.00312067671406
13.115 1.0031190220226
13.116 1.00311736733136
13.117 1.00311571264027
13.118 1.00311405794928
13.119 1.00311240325847
13.12 1.00311074856801
13.121 1.003109093878
13.122 1.0031074391885
13.123 1.00310578449943
13.124 1.00310412981073
13.125 1.00310247512228
13.126 1.00310082043402
13.127 1.00309916574603
13.128 1.00309751105833
13.129 1.00309585637092
13.13 1.00309420168364
13.131 1.0030925469963
13.132 1.00309089230872
13.133 1.00308923762078
13.134 1.00308758293246
13.135 1.00308592824368
13.136 1.00308427355442
13.137 1.00308261886479
13.138 1.00308096417495
13.139 1.00307930948502
13.14 1.00307765479501
13.141 1.00307600010479
13.142 1.00307434541425
13.143 1.00307269072331
13.144 1.00307103603207
13.145 1.00306938134063
13.146 1.00306772664911
13.147 1.00306607195753
13.148 1.00306441726583
13.149 1.00306276257392
13.15 1.00306110788175
13.151 1.00305945318942
13.152 1.00305779849706
13.153 1.00305614380477
13.154 1.00305448911265
13.155 1.00305283442073
13.156 1.00305117972897
13.157 1.00304952503727
13.158 1.0030478703456
13.159 1.00304621565408
13.16 1.00304456096281
13.161 1.00304290627184
13.162 1.00304125158119
13.163 1.00303959689071
13.164 1.00303794220027
13.165 1.00303628750974
13.166 1.00303463281908
13.167 1.00303297812836
13.168 1.00303132343763
13.169 1.00302966874692
13.17 1.00302801405621
13.171 1.00302635936544
13.172 1.00302470467461
13.173 1.00302304998383
13.174 1.0030213952933
13.175 1.0030197406033
13.176 1.00301808591399
13.177 1.00301643122543
13.178 1.00301477653754
13.179 1.00301312185022
13.18 1.00301146716343
13.181 1.00300981247728
13.182 1.00300815779183
13.183 1.00300650310713
13.184 1.00300484842319
13.185 1.00300319373987
13.186 1.00300153905696
13.187 1.00299988437422
13.188 1.00299822969152
13.189 1.00299657500873
13.19 1.00299492032565
13.191 1.00299326564209
13.192 1.00299161095794
13.193 1.00298995627309
13.194 1.00298830158739
13.195 1.00298664690082
13.196 1.00298499221342
13.197 1.00298333752518
13.198 1.00298168283602
13.199 1.00298002814598
13.2 1.00297837345517
13.201 1.0029767187636
13.202 1.00297506407131
13.203 1.0029734093783
13.204 1.00297175468449
13.205 1.00297009998979
13.206 1.00296844529417
13.207 1.00296679059769
13.208 1.00296513590041
13.209 1.00296348120242
13.21 1.00296182650394
13.211 1.00296017180521
13.212 1.00295851710643
13.213 1.00295686240778
13.214 1.00295520770953
13.215 1.00295355301193
13.216 1.00295189831507
13.217 1.00295024361893
13.218 1.00294858892347
13.219 1.00294693422866
13.22 1.00294527953444
13.221 1.00294362484084
13.222 1.00294197014805
13.223 1.00294031545617
13.224 1.00293866076512
13.225 1.00293700607486
13.226 1.00293535138529
13.227 1.00293369669629
13.228 1.00293204200772
13.229 1.0029303873196
13.23 1.00292873263194
13.231 1.00292707794464
13.232 1.00292542325754
13.233 1.00292376857044
13.234 1.00292211388314
13.235 1.00292045919552
13.236 1.00291880450758
13.237 1.00291714981934
13.238 1.00291549513075
13.239 1.00291384044179
13.24 1.00291218575247
13.241 1.00291053106277
13.242 1.00290887637272
13.243 1.00290722168245
13.244 1.0029055669922
13.245 1.00290391230214
13.246 1.00290225761234
13.247 1.00290060292281
13.248 1.0028989482335
13.249 1.00289729354428
13.25 1.0028956388551
13.251 1.00289398416606
13.252 1.00289232947727
13.253 1.00289067478878
13.254 1.00288902010052
13.255 1.00288736541242
13.256 1.00288571072444
13.257 1.00288405603652
13.258 1.00288240134869
13.259 1.00288074666106
13.26 1.00287909197368
13.261 1.00287743728654
13.262 1.0028757825995
13.263 1.00287412791236
13.264 1.00287247322492
13.265 1.00287081853707
13.266 1.00286916384871
13.267 1.00286750915976
13.268 1.00286585447025
13.269 1.00286419978018
13.27 1.00286254508952
13.271 1.00286089039819
13.272 1.00285923570622
13.273 1.00285758101368
13.274 1.00285592632059
13.275 1.00285427162713
13.276 1.00285261693355
13.277 1.00285096224008
13.278 1.00284930754692
13.279 1.00284765285405
13.28 1.00284599816139
13.281 1.00284434346884
13.282 1.00284268877639
13.283 1.00284103408409
13.284 1.00283937939197
13.285 1.00283772470003
13.286 1.0028360700082
13.287 1.00283441531631
13.288 1.00283276062421
13.289 1.00283110593184
13.29 1.00282945123924
13.291 1.00282779654655
13.292 1.00282614185388
13.293 1.00282448716134
13.294 1.00282283246887
13.295 1.00282117777633
13.296 1.00281952308354
13.297 1.00281786839046
13.298 1.00281621369722
13.299 1.00281455900397
13.3 1.00281290431081
13.301 1.00281124961779
13.302 1.00280959492481
13.303 1.0028079402318
13.304 1.00280628553871
13.305 1.00280463084566
13.306 1.0028029761528
13.307 1.00280132146029
13.308 1.00279966676825
13.309 1.00279801207672
13.31 1.00279635738572
13.311 1.00279470269532
13.312 1.00279304800568
13.313 1.00279139331698
13.314 1.00278973862933
13.315 1.00278808394279
13.316 1.00278642925738
13.317 1.00278477457298
13.318 1.00278311988946
13.319 1.00278146520679
13.32 1.00277981052494
13.321 1.00277815584385
13.322 1.00277650116342
13.323 1.00277484648347
13.324 1.0027731918037
13.325 1.00277153712372
13.326 1.00276988244327
13.327 1.0027682277622
13.328 1.0027665730804
13.329 1.00276491839771
13.33 1.00276326371402
13.331 1.00276160902928
13.332 1.00275995434341
13.333 1.00275829965634
13.334 1.00275664496806
13.335 1.00275499027859
13.336 1.00275333558789
13.337 1.00275168089595
13.338 1.00275002620284
13.339 1.00274837150859
13.34 1.00274671681324
13.341 1.00274506211693
13.342 1.00274340741975
13.343 1.00274175272183
13.344 1.00274009802335
13.345 1.00273844332468
13.346 1.00273678862617
13.347 1.00273513392804
13.348 1.00273347923037
13.349 1.00273182453316
13.35 1.00273016983636
13.351 1.00272851513989
13.352 1.00272686044372
13.353 1.00272520574803
13.354 1.00272355105296
13.355 1.00272189635851
13.356 1.00272024166458
13.357 1.00271858697114
13.358 1.00271693227808
13.359 1.00271527758534
13.36 1.00271362289299
13.361 1.00271196820111
13.362 1.00271031350973
13.363 1.00270865881877
13.364 1.0027070041281
13.365 1.00270534943765
13.366 1.00270369474737
13.367 1.00270204005735
13.368 1.00270038536775
13.369 1.00269873067876
13.37 1.00269707599034
13.371 1.00269542130242
13.372 1.00269376661488
13.373 1.00269211192757
13.374 1.00269045724044
13.375 1.00268880255356
13.376 1.00268714786698
13.377 1.00268549318068
13.378 1.00268383849454
13.379 1.00268218380843
13.38 1.00268052912221
13.381 1.00267887443579
13.382 1.00267721974925
13.383 1.00267556506269
13.384 1.00267391037619
13.385 1.00267225568975
13.386 1.00267060100329
13.387 1.00266894631677
13.388 1.00266729163012
13.389 1.00266563694337
13.39 1.00266398225662
13.391 1.00266232756995
13.392 1.00266067288336
13.393 1.00265901819671
13.394 1.00265736350982
13.395 1.00265570882249
13.396 1.00265405413456
13.397 1.00265239944591
13.398 1.00265074475641
13.399 1.00264909006604
13.4 1.00264743537489
13.401 1.00264578068298
13.402 1.00264412599029
13.403 1.00264247129681
13.404 1.00264081660266
13.405 1.00263916190794
13.406 1.00263750721284
13.407 1.00263585251766
13.408 1.00263419782268
13.409 1.00263254312808
13.41 1.00263088843388
13.411 1.00262923373999
13.412 1.0026275790463
13.413 1.00262592435272
13.414 1.00262426965935
13.415 1.00262261496625
13.416 1.00262096027351
13.417 1.00261930558114
13.418 1.00261765088907
13.419 1.00261599619723
13.42 1.00261434150559
13.421 1.00261268681425
13.422 1.00261103212333
13.423 1.00260937743288
13.424 1.00260772274295
13.425 1.00260606805348
13.426 1.00260441336429
13.427 1.00260275867518
13.428 1.00260110398599
13.429 1.00259944929669
13.43 1.00259779460729
13.431 1.00259613991778
13.432 1.00259448522818
13.433 1.00259283053844
13.434 1.00259117584852
13.435 1.0025895211584
13.436 1.00258786646817
13.437 1.00258621177792
13.438 1.00258455708774
13.439 1.00258290239769
13.44 1.00258124770772
13.441 1.00257959301771
13.442 1.00257793832759
13.443 1.00257628363743
13.444 1.00257462894736
13.445 1.00257297425757
13.446 1.00257131956816
13.447 1.00256966487918
13.448 1.00256801019061
13.449 1.00256635550244
13.45 1.00256470081473
13.451 1.00256304612763
13.452 1.00256139144125
13.453 1.00255973675568
13.454 1.00255808207097
13.455 1.00255642738707
13.456 1.0025547727038
13.457 1.002553118021
13.458 1.00255146333852
13.459 1.00254980865615
13.46 1.00254815397361
13.461 1.00254649929057
13.462 1.0025448446069
13.463 1.00254318992252
13.464 1.00254153523734
13.465 1.00253988055137
13.466 1.00253822586465
13.467 1.00253657117718
13.468 1.00253491648889
13.469 1.00253326179979
13.47 1.0025316071098
13.471 1.00252995241883
13.472 1.00252829772693
13.473 1.00252664303418
13.474 1.00252498834062
13.475 1.00252333364624
13.476 1.00252167895117
13.477 1.00252002425559
13.478 1.00251836955958
13.479 1.00251671486324
13.48 1.00251506016675
13.481 1.0025134054703
13.482 1.00251175077396
13.483 1.00251009607774
13.484 1.00250844138174
13.485 1.00250678668617
13.486 1.0025051319911
13.487 1.00250347729649
13.488 1.00250182260231
13.489 1.00250016790851
13.49 1.00249851321497
13.491 1.00249685852171
13.492 1.00249520382886
13.493 1.0024935491365
13.494 1.00249189444462
13.495 1.00249023975313
13.496 1.00248858506198
13.497 1.00248693037111
13.498 1.00248527568052
13.499 1.00248362099033
13.5 1.00248196630061
13.501 1.00248031161132
13.502 1.00247865692236
13.503 1.00247700223361
13.504 1.00247534754493
13.505 1.0024736928562
13.506 1.00247203816748
13.507 1.00247038347886
13.508 1.0024687287904
13.509 1.00246707410201
13.51 1.00246541941361
13.511 1.00246376472506
13.512 1.00246211003631
13.513 1.0024604553474
13.514 1.00245880065847
13.515 1.0024571459696
13.516 1.00245549128086
13.517 1.00245383659223
13.518 1.00245218190363
13.519 1.00245052721493
13.52 1.00244887252613
13.521 1.00244721783737
13.522 1.00244556314884
13.523 1.00244390846063
13.524 1.00244225377271
13.525 1.00244059908501
13.526 1.00243894439744
13.527 1.00243728970994
13.528 1.00243563502253
13.529 1.00243398033527
13.53 1.00243232564816
13.531 1.00243067096111
13.532 1.00242901627392
13.533 1.00242736158633
13.534 1.00242570689812
13.535 1.00242405220919
13.536 1.00242239751946
13.537 1.00242074282886
13.538 1.00241908813751
13.539 1.00241743344551
13.54 1.00241577875282
13.541 1.00241412405936
13.542 1.00241246936519
13.543 1.00241081467042
13.544 1.00240915997516
13.545 1.00240750527965
13.546 1.00240585058411
13.547 1.00240419588875
13.548 1.00240254119377
13.549 1.00240088649919
13.55 1.00239923180495
13.551 1.002397577111
13.552 1.00239592241738
13.553 1.0023942677242
13.554 1.00239261303156
13.555 1.00239095833951
13.556 1.00238930364801
13.557 1.00238764895685
13.558 1.00238599426582
13.559 1.00238433957477
13.56 1.00238268488364
13.561 1.00238103019243
13.562 1.00237937550118
13.563 1.00237772080992
13.564 1.00237606611863
13.565 1.00237441142729
13.566 1.00237275673586
13.567 1.00237110204449
13.568 1.0023694473534
13.569 1.00236779266274
13.57 1.00236613797255
13.571 1.0023644832828
13.572 1.00236282859337
13.573 1.00236117390413
13.574 1.00235951921506
13.575 1.00235786452626
13.576 1.00235620983787
13.577 1.00235455515
13.578 1.00235290046274
13.579 1.00235124577603
13.58 1.00234959108969
13.581 1.00234793640364
13.582 1.00234628171792
13.583 1.00234462703257
13.584 1.00234297234761
13.585 1.00234131766305
13.586 1.00233966297881
13.587 1.0023380082947
13.588 1.00233635361054
13.589 1.00233469892627
13.59 1.00233304424186
13.591 1.00233138955716
13.592 1.00232973487206
13.593 1.00232808018655
13.594 1.00232642550068
13.595 1.00232477081442
13.596 1.00232311612774
13.597 1.00232146144068
13.598 1.00231980675328
13.599 1.00231815206548
13.6 1.00231649737719
13.601 1.00231484268843
13.602 1.00231318799909
13.603 1.00231153330911
13.604 1.00230987861846
13.605 1.00230822392707
13.606 1.00230656923484
13.607 1.00230491454163
13.608 1.00230325984743
13.609 1.00230160515223
13.61 1.00229995045608
13.611 1.0022982957591
13.612 1.00229664106144
13.613 1.00229498636319
13.614 1.00229333166453
13.615 1.00229167696576
13.616 1.00229002226722
13.617 1.00228836756915
13.618 1.00228671287157
13.619 1.0022850581745
13.62 1.00228340347794
13.621 1.00228174878182
13.622 1.00228009408611
13.623 1.00227843939095
13.624 1.00227678469646
13.625 1.00227513000256
13.626 1.0022734753091
13.627 1.00227182061596
13.628 1.00227016592297
13.629 1.00226851123006
13.63 1.00226685653729
13.631 1.00226520184476
13.632 1.00226354715246
13.633 1.00226189246031
13.634 1.0022602377682
13.635 1.00225858307605
13.636 1.0022569283838
13.637 1.00225527369155
13.638 1.00225361899944
13.639 1.00225196430761
13.64 1.00225030961606
13.641 1.00224865492481
13.642 1.00224700023382
13.643 1.00224534554303
13.644 1.00224369085253
13.645 1.00224203616251
13.646 1.00224038147308
13.647 1.00223872678431
13.648 1.00223707209623
13.649 1.00223541740882
13.65 1.00223376272207
13.651 1.00223210803596
13.652 1.00223045335051
13.653 1.00222879866573
13.654 1.00222714398158
13.655 1.00222548929792
13.656 1.00222383461454
13.657 1.00222217993123
13.658 1.00222052524777
13.659 1.00221887056409
13.66 1.00221721588019
13.661 1.00221556119612
13.662 1.00221390651186
13.663 1.00221225182737
13.664 1.00221059714259
13.665 1.00220894245736
13.666 1.00220728777155
13.667 1.00220563308508
13.668 1.00220397839778
13.669 1.00220232370958
13.67 1.00220066902052
13.671 1.00219901433055
13.672 1.0021973596396
13.673 1.00219570494768
13.674 1.00219405025487
13.675 1.00219239556131
13.676 1.00219074086719
13.677 1.00218908617282
13.678 1.00218743147843
13.679 1.00218577678418
13.68 1.00218412209012
13.681 1.00218246739612
13.682 1.00218081270206
13.683 1.00217915800789
13.684 1.0021775033137
13.685 1.00217584861963
13.686 1.00217419392583
13.687 1.0021725392324
13.688 1.00217088453934
13.689 1.00216922984656
13.69 1.00216757515402
13.691 1.00216592046169
13.692 1.00216426576959
13.693 1.0021626110777
13.694 1.00216095638598
13.695 1.00215930169432
13.696 1.00215764700258
13.697 1.00215599231065
13.698 1.00215433761849
13.699 1.00215268292622
13.7 1.00215102823391
13.701 1.00214937354166
13.702 1.00214771884956
13.703 1.00214606415761
13.704 1.00214440946577
13.705 1.00214275477406
13.706 1.00214110008261
13.707 1.0021394453916
13.708 1.00213779070114
13.709 1.00213613601128
13.71 1.00213448132199
13.711 1.00213282663317
13.712 1.00213117194485
13.713 1.00212951725718
13.714 1.0021278625703
13.715 1.0021262078843
13.716 1.0021245531992
13.717 1.002122898515
13.718 1.00212124383156
13.719 1.00211958914868
13.72 1.00211793446627
13.721 1.00211627978435
13.722 1.00211462510286
13.723 1.00211297042174
13.724 1.0021113157409
13.725 1.00210966106018
13.726 1.00210800637938
13.727 1.00210635169826
13.728 1.00210469701672
13.729 1.00210304233465
13.73 1.00210138765191
13.731 1.00209973296829
13.732 1.0020980782837
13.733 1.00209642359813
13.734 1.00209476891151
13.735 1.00209311422387
13.736 1.00209145953526
13.737 1.00208980484568
13.738 1.00208815015511
13.739 1.00208649546364
13.74 1.00208484077134
13.741 1.00208318607825
13.742 1.00208153138444
13.743 1.00207987669
13.744 1.00207822199498
13.745 1.00207656729936
13.746 1.00207491260318
13.747 1.00207325790653
13.748 1.00207160320944
13.749 1.00206994851204
13.75 1.00206829381454
13.751 1.00206663911707
13.752 1.00206498441969
13.753 1.00206332972248
13.754 1.00206167502565
13.755 1.00206002032949
13.756 1.00205836563409
13.757 1.00205671093941
13.758 1.0020550562454
13.759 1.00205340155197
13.76 1.00205174685897
13.761 1.00205009216636
13.762 1.00204843747421
13.763 1.00204678278259
13.764 1.00204512809138
13.765 1.00204347340044
13.766 1.00204181870964
13.767 1.00204016401883
13.768 1.00203850932797
13.769 1.00203685463712
13.77 1.00203519994634
13.771 1.00203354525561
13.772 1.00203189056486
13.773 1.00203023587399
13.774 1.00202858118287
13.775 1.00202692649142
13.776 1.00202527179972
13.777 1.00202361710788
13.778 1.00202196241599
13.779 1.0020203077241
13.78 1.00201865303221
13.781 1.00201699834028
13.782 1.00201534364829
13.783 1.00201368895631
13.784 1.00201203426449
13.785 1.00201037957291
13.786 1.00200872488159
13.787 1.00200707019051
13.788 1.00200541549961
13.789 1.00200376080879
13.79 1.00200210611802
13.791 1.00200045142744
13.792 1.00199879673728
13.793 1.0019971420477
13.794 1.00199548735869
13.795 1.00199383267016
13.796 1.00199217798201
13.797 1.00199052329415
13.798 1.00198886860659
13.799 1.00198721391933
13.8 1.00198555923238
13.801 1.00198390454572
13.802 1.00198224985921
13.803 1.00198059517266
13.804 1.00197894048585
13.805 1.00197728579864
13.806 1.00197563111097
13.807 1.00197397642278
13.808 1.00197232173419
13.809 1.00197066704532
13.81 1.00196901235628
13.811 1.00196735766705
13.812 1.00196570297751
13.813 1.0019640482875
13.814 1.00196239359693
13.815 1.00196073890587
13.816 1.00195908421445
13.817 1.00195742952281
13.818 1.00195577483106
13.819 1.00195412013917
13.82 1.00195246544708
13.821 1.00195081075475
13.822 1.00194915606221
13.823 1.00194750136959
13.824 1.00194584667699
13.825 1.00194419198447
13.826 1.00194253729206
13.827 1.00194088259966
13.828 1.00193922790714
13.829 1.00193757321444
13.83 1.00193591852166
13.831 1.00193426382895
13.832 1.00193260913643
13.833 1.00193095444413
13.834 1.00192929975197
13.835 1.00192764505983
13.836 1.00192599036764
13.837 1.00192433567545
13.838 1.00192268098337
13.839 1.00192102629158
13.84 1.00191937160018
13.841 1.00191771690926
13.842 1.0019160622188
13.843 1.00191440752879
13.844 1.00191275283924
13.845 1.00191109815027
13.846 1.00190944346202
13.847 1.00190778877457
13.848 1.00190613408797
13.849 1.0019044794021
13.85 1.00190282471683
13.851 1.00190117003204
13.852 1.00189951534777
13.853 1.00189786066403
13.854 1.00189620598082
13.855 1.00189455129806
13.856 1.00189289661561
13.857 1.00189124193321
13.858 1.0018895872506
13.859 1.0018879325677
13.86 1.00188627788442
13.861 1.00188462320059
13.862 1.00188296851598
13.863 1.00188131383048
13.864 1.00187965914403
13.865 1.00187800445651
13.866 1.0018763497679
13.867 1.00187469507828
13.868 1.0018730403877
13.869 1.00187138569619
13.87 1.0018697310038
13.871 1.00186807631062
13.872 1.00186642161668
13.873 1.00186476692199
13.874 1.00186311222665
13.875 1.00186145753068
13.876 1.00185980283411
13.877 1.001858148137
13.878 1.00185649343956
13.879 1.00185483874191
13.88 1.00185318404419
13.881 1.0018515293466
13.882 1.00184987464932
13.883 1.00184821995255
13.884 1.00184656525643
13.885 1.00184491056117
13.886 1.0018432558669
13.887 1.00184160117366
13.888 1.00183994648131
13.889 1.00183829178968
13.89 1.00183663709862
13.891 1.00183498240791
13.892 1.00183332771749
13.893 1.0018316730274
13.894 1.00183001833769
13.895 1.00182836364825
13.896 1.00182670895893
13.897 1.0018250542696
13.898 1.00182339958011
13.899 1.00182174489037
13.9 1.00182009020048
13.901 1.00181843551057
13.902 1.00181678082069
13.903 1.00181512613077
13.904 1.00181347144073
13.905 1.00181181675053
13.906 1.00181016206011
13.907 1.00180850736957
13.908 1.00180685267903
13.909 1.00180519798857
13.91 1.00180354329821
13.911 1.00180188860801
13.912 1.00180023391792
13.913 1.00179857922791
13.914 1.00179692453808
13.915 1.00179526984862
13.916 1.00179361515967
13.917 1.00179196047133
13.918 1.00179030578358
13.919 1.00178865109641
13.92 1.00178699640969
13.921 1.00178534172333
13.922 1.00178368703734
13.923 1.0017820323518
13.924 1.00178037766672
13.925 1.00177872298198
13.926 1.0017770682974
13.927 1.0017754136127
13.928 1.00177375892769
13.929 1.00177210424233
13.93 1.00177044955663
13.931 1.00176879487063
13.932 1.00176714018419
13.933 1.00176548549712
13.934 1.00176383080919
13.935 1.00176217612026
13.936 1.0017605214302
13.937 1.00175886673897
13.938 1.0017572120465
13.939 1.00175555735286
13.94 1.0017539026582
13.941 1.00175224796256
13.942 1.00175059326595
13.943 1.00174893856842
13.944 1.00174728387015
13.945 1.00174562917128
13.946 1.00174397447207
13.947 1.00174231977285
13.948 1.00174066507396
13.949 1.00173901037571
13.95 1.00173735567841
13.951 1.0017357009823
13.952 1.00173404628758
13.953 1.00173239159444
13.954 1.00173073690296
13.955 1.00172908221318
13.956 1.00172742752512
13.957 1.00172577283874
13.958 1.00172411815386
13.959 1.00172246347023
13.96 1.00172080878765
13.961 1.00171915410601
13.962 1.00171749942521
13.963 1.00171584474509
13.964 1.00171419006549
13.965 1.00171253538619
13.966 1.00171088070689
13.967 1.00170922602729
13.968 1.00170757134726
13.969 1.00170591666673
13.97 1.00170426198558
13.971 1.00170260730361
13.972 1.00170095262062
13.973 1.00169929793659
13.974 1.00169764325148
13.975 1.0016959885654
13.976 1.00169433387843
13.977 1.0016926791906
13.978 1.00169102450186
13.979 1.00168936981217
13.98 1.0016877151216
13.981 1.00168606043026
13.982 1.0016844057383
13.983 1.00168275104591
13.984 1.00168109635322
13.985 1.00167944166024
13.986 1.00167778696694
13.987 1.00167613227343
13.988 1.00167447757985
13.989 1.00167282288636
13.99 1.00167116819318
13.991 1.00166951350056
13.992 1.00166785880867
13.993 1.00166620411757
13.994 1.00166454942722
13.995 1.00166289473761
13.996 1.00166124004864
13.997 1.00165958536025
13.998 1.00165793067241
13.999 1.00165627598507
14 1.00165462129809
14.001 1.00165296661127
14.002 1.0016513119245
14.003 1.00164965723767
14.004 1.00164800255071
14.005 1.00164634786362
14.006 1.00164469317634
14.007 1.00164303848878
14.008 1.00164138380076
14.009 1.00163972911217
14.01 1.00163807442295
14.011 1.0016364197331
14.012 1.0016347650427
14.013 1.00163311035188
14.014 1.00163145566068
14.015 1.00162980096914
14.016 1.0016281462773
14.017 1.00162649158529
14.018 1.0016248368932
14.019 1.00162318220116
14.02 1.00162152750925
14.021 1.00161987281751
14.022 1.00161821812591
14.023 1.00161656343436
14.024 1.00161490874278
14.025 1.00161325405114
14.026 1.00161159935937
14.027 1.00160994466749
14.028 1.00160828997547
14.029 1.00160663528326
14.03 1.00160498059072
14.031 1.00160332589774
14.032 1.00160167120431
14.033 1.00160001651041
14.034 1.00159836181609
14.035 1.0015967071214
14.036 1.00159505242638
14.037 1.00159339773101
14.038 1.00159174303523
14.039 1.00159008833904
14.04 1.00158843364242
14.041 1.00158677894545
14.042 1.00158512424821
14.043 1.00158346955066
14.044 1.00158181485275
14.045 1.0015801601545
14.046 1.00157850545604
14.047 1.00157685075753
14.048 1.00157519605898
14.049 1.00157354136034
14.05 1.00157188666161
14.051 1.00157023196274
14.052 1.00156857726375
14.053 1.00156692256479
14.054 1.00156526786606
14.055 1.00156361316767
14.056 1.00156195846962
14.057 1.00156030377195
14.058 1.00155864907469
14.059 1.00155699437792
14.06 1.00155533968165
14.061 1.00155368498584
14.062 1.00155203029053
14.063 1.0015503755956
14.064 1.00154872090099
14.065 1.0015470662067
14.066 1.00154541151276
14.067 1.00154375681918
14.068 1.00154210212588
14.069 1.00154044743287
14.07 1.00153879274018
14.071 1.00153713804781
14.072 1.00153548335579
14.073 1.00153382866415
14.074 1.00153217397293
14.075 1.00153051928207
14.076 1.00152886459159
14.077 1.00152720990151
14.078 1.00152555521183
14.079 1.00152390052258
14.08 1.00152224583373
14.081 1.00152059114526
14.082 1.00151893645719
14.083 1.00151728176953
14.084 1.00151562708231
14.085 1.00151397239558
14.086 1.00151231770935
14.087 1.0015106630237
14.088 1.00150900833869
14.089 1.00150735365437
14.09 1.00150569897074
14.091 1.00150404428782
14.092 1.00150238960563
14.093 1.00150073492411
14.094 1.00149908024316
14.095 1.00149742556266
14.096 1.00149577088249
14.097 1.00149411620244
14.098 1.00149246152226
14.099 1.00149080684185
14.1 1.00148915216127
14.101 1.00148749748057
14.102 1.0014858427998
14.103 1.00148418811898
14.104 1.00148253343808
14.105 1.00148087875696
14.106 1.00147922407551
14.107 1.00147756939371
14.108 1.00147591471154
14.109 1.00147426002892
14.11 1.00147260534571
14.111 1.00147095066183
14.112 1.00146929597726
14.113 1.00146764129203
14.114 1.0014659866063
14.115 1.00146433192017
14.116 1.00146267723369
14.117 1.00146102254682
14.118 1.00145936785955
14.119 1.00145771317198
14.12 1.00145605848413
14.121 1.00145440379609
14.122 1.00145274910797
14.123 1.00145109441982
14.124 1.00144943973164
14.125 1.00144778504337
14.126 1.0014461303551
14.127 1.00144447566686
14.128 1.00144282097868
14.129 1.00144116629065
14.13 1.00143951160283
14.131 1.00143785691516
14.132 1.00143620222744
14.133 1.0014345475395
14.134 1.00143289285127
14.135 1.00143123816267
14.136 1.00142958347373
14.137 1.00142792878454
14.138 1.00142627409517
14.139 1.0014246194056
14.14 1.00142296471576
14.141 1.00142131002565
14.142 1.00141965533523
14.143 1.00141800064456
14.144 1.00141634595369
14.145 1.00141469126259
14.146 1.00141303657126
14.147 1.0014113818796
14.148 1.0014097271876
14.149 1.00140807249531
14.15 1.0014064178028
14.151 1.00140476311023
14.152 1.00140310841771
14.153 1.00140145372524
14.154 1.00139979903274
14.155 1.00139814434023
14.156 1.00139648964773
14.157 1.00139483495525
14.158 1.00139318026285
14.159 1.00139152557059
14.16 1.00138987087838
14.161 1.00138821618606
14.162 1.00138656149348
14.163 1.00138490680054
14.164 1.00138325210714
14.165 1.00138159741329
14.166 1.001379942719
14.167 1.00137828802422
14.168 1.00137663332882
14.169 1.00137497863266
14.17 1.00137332393565
14.171 1.0013716692378
14.172 1.00137001453917
14.173 1.00136835983984
14.174 1.00136670513991
14.175 1.00136505043943
14.176 1.00136339573843
14.177 1.001361741037
14.178 1.00136008633525
14.179 1.00135843163324
14.18 1.00135677693094
14.181 1.00135512222839
14.182 1.00135346752566
14.183 1.00135181282276
14.184 1.00135015811983
14.185 1.00134850341711
14.186 1.00134684871477
14.187 1.00134519401289
14.188 1.00134353931161
14.189 1.0013418846111
14.19 1.0013402299115
14.191 1.00133857521282
14.192 1.00133692051504
14.193 1.00133526581819
14.194 1.00133361112223
14.195 1.0013319564271
14.196 1.00133030173276
14.197 1.0013286470392
14.198 1.00132699234641
14.199 1.00132533765429
14.2 1.00132368296277
14.201 1.00132202827179
14.202 1.00132037358128
14.203 1.00131871889125
14.204 1.00131706420173
14.205 1.00131540951276
14.206 1.00131375482429
14.207 1.00131210013629
14.208 1.00131044544876
14.209 1.00130879076164
14.21 1.00130713607487
14.211 1.00130548138837
14.212 1.00130382670208
14.213 1.00130217201593
14.214 1.00130051733002
14.215 1.00129886264441
14.216 1.00129720795917
14.217 1.00129555327434
14.218 1.00129389859004
14.219 1.00129224390639
14.22 1.0012905892235
14.221 1.00128893454144
14.222 1.00128727986021
14.223 1.00128562517981
14.224 1.00128397050016
14.225 1.00128231582113
14.226 1.00128066114258
14.227 1.00127900646435
14.228 1.00127735178624
14.229 1.00127569710801
14.23 1.00127404242948
14.231 1.00127238775064
14.232 1.00127073307146
14.233 1.00126907839187
14.234 1.00126742371183
14.235 1.00126576903128
14.236 1.00126411435003
14.237 1.00126245966786
14.238 1.00126080498476
14.239 1.00125915030073
14.24 1.00125749561581
14.241 1.00125584092992
14.242 1.00125418624298
14.243 1.00125253155512
14.244 1.00125087686644
14.245 1.00124922217718
14.246 1.00124756748759
14.247 1.00124591279788
14.248 1.00124425810817
14.249 1.00124260341854
14.25 1.00124094872917
14.251 1.00123929404019
14.252 1.00123763935166
14.253 1.00123598466363
14.254 1.00123432997604
14.255 1.00123267528877
14.256 1.00123102060164
14.257 1.00122936591455
14.258 1.00122771122745
14.259 1.00122605654026
14.26 1.00122440185298
14.261 1.00122274716561
14.262 1.00122109247806
14.263 1.00121943779014
14.264 1.0012177831017
14.265 1.00121612841272
14.266 1.00121447372329
14.267 1.00121281903353
14.268 1.0012111643436
14.269 1.00120950965359
14.27 1.0012078549635
14.271 1.00120620027322
14.272 1.0012045455827
14.273 1.001202890892
14.274 1.00120123620116
14.275 1.00119958151024
14.276 1.00119792681928
14.277 1.00119627212822
14.278 1.00119461743704
14.279 1.00119296274575
14.28 1.0011913080544
14.281 1.00118965336309
14.282 1.00118799867198
14.283 1.00118634398123
14.284 1.00118468929081
14.285 1.00118303460072
14.286 1.00118137991093
14.287 1.00117972522145
14.288 1.00117807053224
14.289 1.00117641584327
14.29 1.00117476115453
14.291 1.00117310646595
14.292 1.00117145177733
14.293 1.00116979708849
14.294 1.00116814239925
14.295 1.00116648770951
14.296 1.00116483301918
14.297 1.00116317832825
14.298 1.00116152363673
14.299 1.00115986894454
14.3 1.00115821425158
14.301 1.00115655955778
14.302 1.00115490486311
14.303 1.00115325016762
14.304 1.00115159547138
14.305 1.00114994077441
14.306 1.00114828607665
14.307 1.001146631378
14.308 1.00114497667841
14.309 1.00114332197788
14.31 1.00114166727647
14.311 1.00114001257433
14.312 1.00113835787168
14.313 1.00113670316866
14.314 1.00113504846536
14.315 1.00113339376195
14.316 1.0011317390587
14.317 1.00113008435589
14.318 1.00112842965362
14.319 1.00112677495194
14.32 1.0011251202509
14.321 1.00112346555053
14.322 1.00112181085082
14.323 1.00112015615173
14.324 1.00111850145326
14.325 1.00111684675539
14.326 1.00111519205805
14.327 1.00111353736119
14.328 1.00111188266486
14.329 1.00111022796915
14.33 1.00110857327404
14.331 1.0011069185795
14.332 1.00110526388552
14.333 1.00110360919201
14.334 1.0011019544989
14.335 1.00110029980624
14.336 1.00109864511406
14.337 1.00109699042238
14.338 1.00109533573117
14.339 1.00109368104045
14.34 1.00109202635024
14.341 1.00109037166051
14.342 1.00108871697127
14.343 1.00108706228257
14.344 1.00108540759448
14.345 1.00108375290698
14.346 1.0010820982201
14.347 1.00108044353384
14.348 1.00107878884815
14.349 1.00107713416296
14.35 1.00107547947826
14.351 1.00107382479405
14.352 1.00107217011035
14.353 1.00107051542714
14.354 1.00106886074445
14.355 1.0010672060623
14.356 1.00106555138061
14.357 1.00106389669937
14.358 1.00106224201858
14.359 1.00106058733816
14.36 1.001058932658
14.361 1.00105727797793
14.362 1.00105562329794
14.363 1.00105396861806
14.364 1.0010523139383
14.365 1.0010506592586
14.366 1.00104900457891
14.367 1.00104734989906
14.368 1.00104569521882
14.369 1.00104404053812
14.37 1.001042385857
14.371 1.00104073117549
14.372 1.00103907649354
14.373 1.00103742181099
14.374 1.00103576712782
14.375 1.00103411244403
14.376 1.00103245775961
14.377 1.00103080307467
14.378 1.00102914838928
14.379 1.00102749370344
14.38 1.0010258390171
14.381 1.00102418433021
14.382 1.00102252964281
14.383 1.00102087495496
14.384 1.00101922026685
14.385 1.00101756557859
14.386 1.00101591089017
14.387 1.00101425620152
14.388 1.00101260151257
14.389 1.00101094682337
14.39 1.00100929213392
14.391 1.00100763744427
14.392 1.00100598275458
14.393 1.00100432806487
14.394 1.0010026733751
14.395 1.00100101868521
14.396 1.00099936399525
14.397 1.00099770930522
14.398 1.00099605461511
14.399 1.00099439992498
14.4 1.00099274523491
14.401 1.00099109054489
14.402 1.00098943585486
14.403 1.00098778116477
14.404 1.00098612647464
14.405 1.00098447178446
14.406 1.00098281709425
14.407 1.00098116240409
14.408 1.00097950771401
14.409 1.00097785302396
14.41 1.00097619833386
14.411 1.00097454364365
14.412 1.00097288895328
14.413 1.00097123426279
14.414 1.00096957957222
14.415 1.00096792488153
14.416 1.00096627019059
14.417 1.00096461549929
14.418 1.00096296080762
14.419 1.0009613061156
14.42 1.00095965142331
14.421 1.00095799673091
14.422 1.00095634203845
14.423 1.00095468734586
14.424 1.00095303265305
14.425 1.00095137796003
14.426 1.00094972326684
14.427 1.00094806857352
14.428 1.00094641388015
14.429 1.00094475918683
14.43 1.00094310449355
14.431 1.00094144980026
14.432 1.00093979510693
14.433 1.00093814041352
14.434 1.00093648571993
14.435 1.00093483102611
14.436 1.00093317633206
14.437 1.0009315216377
14.438 1.00092986694291
14.439 1.00092821224752
14.44 1.00092655755146
14.441 1.00092490285469
14.442 1.00092324815728
14.443 1.00092159345936
14.444 1.00091993876102
14.445 1.00091828406231
14.446 1.00091662936332
14.447 1.00091497466424
14.448 1.0009133199653
14.449 1.00091166526658
14.45 1.00091001056802
14.451 1.00090835586956
14.452 1.0009067011711
14.453 1.00090504647252
14.454 1.00090339177384
14.455 1.00090173707523
14.456 1.00090008237679
14.457 1.00089842767856
14.458 1.00089677298059
14.459 1.00089511828294
14.46 1.0008934635857
14.461 1.00089180888885
14.462 1.00089015419236
14.463 1.00088849949626
14.464 1.00088684480055
14.465 1.00088519010522
14.466 1.00088353541028
14.467 1.00088188071576
14.468 1.0008802260217
14.469 1.00087857132805
14.47 1.0008769166348
14.471 1.00087526194198
14.472 1.00087360724959
14.473 1.00087195255761
14.474 1.00087029786606
14.475 1.00086864317501
14.476 1.00086698848441
14.477 1.00086533379423
14.478 1.00086367910445
14.479 1.00086202441507
14.48 1.00086036972608
14.481 1.00085871503753
14.482 1.00085706034951
14.483 1.00085540566209
14.484 1.00085375097531
14.485 1.0008520962892
14.486 1.00085044160372
14.487 1.00084878691878
14.488 1.00084713223432
14.489 1.00084547755034
14.49 1.00084382286683
14.491 1.00084216818385
14.492 1.00084051350137
14.493 1.00083885881936
14.494 1.00083720413779
14.495 1.00083554945655
14.496 1.00083389477553
14.497 1.00083224009467
14.498 1.00083058541393
14.499 1.00082893073314
14.5 1.00082727605215
14.501 1.000825621371
14.502 1.00082396668974
14.503 1.00082231200844
14.504 1.0008206573271
14.505 1.00081900264571
14.506 1.00081734796413
14.507 1.00081569328217
14.508 1.00081403859979
14.509 1.00081238391689
14.51 1.00081072923334
14.511 1.000809074549
14.512 1.00080741986377
14.513 1.00080576517777
14.514 1.00080411049108
14.515 1.00080245580389
14.516 1.00080080111635
14.517 1.00079914642861
14.518 1.00079749174075
14.519 1.00079583705275
14.52 1.00079418236472
14.521 1.00079252767664
14.522 1.00079087298852
14.523 1.00078921830047
14.524 1.00078756361258
14.525 1.0007859089248
14.526 1.00078425423701
14.527 1.00078259954917
14.528 1.00078094486122
14.529 1.00077929017309
14.53 1.00077763548481
14.531 1.00077598079648
14.532 1.0007743261081
14.533 1.00077267141958
14.534 1.00077101673076
14.535 1.00076936204164
14.536 1.00076770735224
14.537 1.00076605266264
14.538 1.00076439797296
14.539 1.00076274328332
14.54 1.00076108859375
14.541 1.00075943390419
14.542 1.00075777921461
14.543 1.00075612452504
14.544 1.00075446983551
14.545 1.00075281514611
14.546 1.00075116045688
14.547 1.00074950576775
14.548 1.00074785107859
14.549 1.00074619638934
14.55 1.00074454170001
14.551 1.00074288701064
14.552 1.00074123232138
14.553 1.00073957763235
14.554 1.00073792294353
14.555 1.00073626825476
14.556 1.00073461356594
14.557 1.000732958877
14.558 1.00073130418789
14.559 1.00072964949856
14.56 1.00072799480901
14.561 1.00072634011921
14.562 1.00072468542898
14.563 1.00072303073813
14.564 1.00072137604656
14.565 1.0007197213542
14.566 1.00071806666106
14.567 1.00071641196722
14.568 1.00071475727266
14.569 1.00071310257734
14.57 1.00071144788106
14.571 1.00070979318369
14.572 1.00070813848517
14.573 1.00070648378555
14.574 1.000704829085
14.575 1.00070317438371
14.576 1.00070151968185
14.577 1.00069986497948
14.578 1.00069821027669
14.579 1.00069655557365
14.58 1.00069490087046
14.581 1.00069324616711
14.582 1.00069159146363
14.583 1.00068993676006
14.584 1.00068828205641
14.585 1.00068662735279
14.586 1.0006849726494
14.587 1.00068331794647
14.588 1.00068166324405
14.589 1.00068000854222
14.59 1.00067835384108
14.591 1.00067669914083
14.592 1.00067504444157
14.593 1.00067338974329
14.594 1.00067173504598
14.595 1.00067008034959
14.596 1.00066842565402
14.597 1.00066677095922
14.598 1.0006651162652
14.599 1.00066346157198
14.6 1.00066180687949
14.601 1.00066015218762
14.602 1.00065849749633
14.603 1.00065684280551
14.604 1.00065518811511
14.605 1.00065353342509
14.606 1.00065187873541
14.607 1.00065022404604
14.608 1.00064856935695
14.609 1.00064691466819
14.61 1.00064525997983
14.611 1.0006436052919
14.612 1.00064195060449
14.613 1.00064029591768
14.614 1.00063864123156
14.615 1.00063698654612
14.616 1.00063533186136
14.617 1.00063367717724
14.618 1.00063202249368
14.619 1.00063036781064
14.62 1.00062871312816
14.621 1.00062705844634
14.622 1.00062540376524
14.623 1.0006237490849
14.624 1.00062209440529
14.625 1.00062043972636
14.626 1.00061878504801
14.627 1.00061713037017
14.628 1.00061547569278
14.629 1.00061382101566
14.63 1.0006121663385
14.631 1.00061051166097
14.632 1.00060885698292
14.633 1.00060720230434
14.634 1.00060554762521
14.635 1.00060389294555
14.636 1.00060223826539
14.637 1.00060058358464
14.638 1.00059892890314
14.639 1.00059727422082
14.64 1.00059561953772
14.641 1.00059396485385
14.642 1.00059231016916
14.643 1.00059065548357
14.644 1.00058900079709
14.645 1.00058734610977
14.646 1.00058569142169
14.647 1.00058403673296
14.648 1.00058238204363
14.649 1.00058072735368
14.65 1.00057907266302
14.651 1.00057741797167
14.652 1.00057576327972
14.653 1.00057410858726
14.654 1.0005724538945
14.655 1.00057079920161
14.656 1.00056914450872
14.657 1.0005674898159
14.658 1.00056583512324
14.659 1.0005641804309
14.66 1.00056252573889
14.661 1.0005608710473
14.662 1.00055921635628
14.663 1.00055756166589
14.664 1.00055590697611
14.665 1.0005542522868
14.666 1.00055259759787
14.667 1.00055094290917
14.668 1.00054928822054
14.669 1.00054763353195
14.67 1.00054597884341
14.671 1.0005443241549
14.672 1.00054266946635
14.673 1.00054101477771
14.674 1.00053936008907
14.675 1.0005377054005
14.676 1.00053605071211
14.677 1.00053439602397
14.678 1.00053274133611
14.679 1.00053108664844
14.68 1.0005294319609
14.681 1.00052777727346
14.682 1.00052612258606
14.683 1.00052446789867
14.684 1.00052281321126
14.685 1.00052115852374
14.686 1.000519503836
14.687 1.00051784914792
14.688 1.00051619445943
14.689 1.00051453977047
14.69 1.00051288508101
14.691 1.00051123039111
14.692 1.0005095757008
14.693 1.00050792101003
14.694 1.00050626631868
14.695 1.00050461162672
14.696 1.00050295693422
14.697 1.00050130224119
14.698 1.00049964754776
14.699 1.00049799285405
14.7 1.00049633816012
14.701 1.00049468346592
14.702 1.00049302877142
14.703 1.00049137407661
14.704 1.00048971938154
14.705 1.00048806468627
14.706 1.00048640999085
14.707 1.00048475529525
14.708 1.00048310059939
14.709 1.00048144590317
14.71 1.00047979120651
14.711 1.00047813650937
14.712 1.00047648181178
14.713 1.00047482711387
14.714 1.00047317241571
14.715 1.00047151771729
14.716 1.0004698630186
14.717 1.00046820831975
14.718 1.00046655362089
14.719 1.00046489892206
14.72 1.00046324422315
14.721 1.00046158952411
14.722 1.00045993482482
14.723 1.00045828012521
14.724 1.00045662542528
14.725 1.00045497072518
14.726 1.00045331602504
14.727 1.00045166132488
14.728 1.00045000662475
14.729 1.00044835192474
14.73 1.00044669722497
14.731 1.00044504252551
14.732 1.00044338782643
14.733 1.00044173312785
14.734 1.00044007842982
14.735 1.00043842373242
14.736 1.00043676903572
14.737 1.00043511433985
14.738 1.00043345964489
14.739 1.0004318049508
14.74 1.00043015025752
14.741 1.000428495565
14.742 1.00042684087316
14.743 1.00042518618196
14.744 1.00042353149136
14.745 1.00042187680133
14.746 1.00042022211178
14.747 1.00041856742267
14.748 1.00041691273404
14.749 1.00041525804595
14.75 1.00041360335844
14.751 1.00041194867158
14.752 1.0004102939854
14.753 1.00040863929995
14.754 1.00040698461521
14.755 1.00040532993113
14.756 1.00040367524765
14.757 1.00040202056468
14.758 1.00040036588218
14.759 1.00039871120015
14.76 1.00039705651859
14.761 1.0003954018375
14.762 1.00039374715684
14.763 1.00039209247658
14.764 1.00039043779665
14.765 1.00038878311698
14.766 1.00038712843748
14.767 1.0003854737581
14.768 1.00038381907877
14.769 1.00038216439933
14.77 1.00038050971967
14.771 1.00037885503982
14.772 1.00037720035979
14.773 1.00037554567957
14.774 1.00037389099909
14.775 1.00037223631832
14.776 1.00037058163711
14.777 1.00036892695532
14.778 1.00036727227298
14.779 1.00036561759011
14.78 1.0003639629067
14.781 1.00036230822271
14.782 1.00036065353808
14.783 1.00035899885288
14.784 1.00035734416713
14.785 1.00035568948097
14.786 1.00035403479454
14.787 1.0003523801079
14.788 1.00035072542099
14.789 1.00034907073376
14.79 1.00034741604623
14.791 1.00034576135842
14.792 1.00034410667029
14.793 1.0003424519819
14.794 1.00034079729326
14.795 1.00033914260432
14.796 1.00033748791503
14.797 1.00033583322542
14.798 1.00033417853555
14.799 1.0003325238454
14.8 1.00033086915506
14.801 1.00032921446461
14.802 1.00032755977414
14.803 1.00032590508362
14.804 1.00032425039298
14.805 1.00032259570224
14.806 1.00032094101144
14.807 1.00031928632062
14.808 1.00031763162979
14.809 1.00031597693895
14.81 1.00031432224803
14.811 1.00031266755688
14.812 1.00031101286546
14.813 1.00030935817376
14.814 1.00030770348187
14.815 1.00030604878996
14.816 1.00030439409813
14.817 1.00030273940638
14.818 1.0003010847147
14.819 1.00029943002307
14.82 1.00029777533155
14.821 1.00029612064021
14.822 1.00029446594921
14.823 1.00029281125863
14.824 1.00029115656839
14.825 1.00028950187831
14.826 1.00028784718827
14.827 1.00028619249824
14.828 1.00028453780813
14.829 1.0002828831179
14.83 1.00028122842758
14.831 1.00027957373713
14.832 1.00027791904646
14.833 1.00027626435543
14.834 1.00027460966401
14.835 1.00027295497214
14.836 1.0002713002798
14.837 1.000269645587
14.838 1.00026799089366
14.839 1.00026633619968
14.84 1.0002646815049
14.841 1.00026302680932
14.842 1.000261372113
14.843 1.00025971741608
14.844 1.00025806271871
14.845 1.00025640802102
14.846 1.00025475332307
14.847 1.0002530986249
14.848 1.00025144392656
14.849 1.00024978922816
14.85 1.00024813452977
14.851 1.0002464798313
14.852 1.00024482513273
14.853 1.00024317043406
14.854 1.00024151573521
14.855 1.00023986103621
14.856 1.00023820633722
14.857 1.00023655163841
14.858 1.00023489693982
14.859 1.00023324224151
14.86 1.00023158754355
14.861 1.00022993284605
14.862 1.0002282781491
14.863 1.00022662345265
14.864 1.00022496875671
14.865 1.00022331406123
14.866 1.00022165936613
14.867 1.00022000467141
14.868 1.00021834997709
14.869 1.00021669528318
14.87 1.00021504058965
14.871 1.00021338589648
14.872 1.00021173120367
14.873 1.0002100765113
14.874 1.00020842181946
14.875 1.00020676712823
14.876 1.0002051124377
14.877 1.00020345774788
14.878 1.00020180305874
14.879 1.00020014837018
14.88 1.0001984936821
14.881 1.00019683899435
14.882 1.0001951843068
14.883 1.00019352961937
14.884 1.00019187493191
14.885 1.00019022024441
14.886 1.00018856555692
14.887 1.00018691086947
14.888 1.00018525618207
14.889 1.00018360149474
14.89 1.00018194680759
14.891 1.00018029212074
14.892 1.00017863743434
14.893 1.00017698274843
14.894 1.00017532806307
14.895 1.00017367337824
14.896 1.00017201869389
14.897 1.00017036400999
14.898 1.00016870932651
14.899 1.00016705464341
14.9 1.00016539996052
14.901 1.00016374527768
14.902 1.00016209059487
14.903 1.00016043591209
14.904 1.00015878122934
14.905 1.00015712654661
14.906 1.00015547186385
14.907 1.00015381718094
14.908 1.00015216249767
14.909 1.00015050781403
14.91 1.00014885313007
14.911 1.00014719844582
14.912 1.00014554376121
14.913 1.00014388907614
14.914 1.00014223439062
14.915 1.0001405797047
14.916 1.00013892501855
14.917 1.00013727033235
14.918 1.00013561564618
14.919 1.00013396095999
14.92 1.00013230627362
14.921 1.000130651587
14.922 1.00012899690011
14.923 1.00012734221287
14.924 1.00012568752532
14.925 1.00012403283752
14.926 1.00012237814943
14.927 1.00012072346103
14.928 1.00011906877232
14.929 1.00011741408338
14.93 1.00011575939422
14.931 1.00011410470489
14.932 1.0001124500156
14.933 1.00011079532644
14.934 1.00010914063745
14.935 1.00010748594852
14.936 1.0001058312596
14.937 1.00010417657063
14.938 1.00010252188161
14.939 1.00010086719262
14.94 1.00009921250371
14.941 1.00009755781485
14.942 1.00009590312591
14.943 1.00009424843683
14.944 1.00009259374758
14.945 1.00009093905816
14.946 1.00008928436858
14.947 1.00008762967882
14.948 1.00008597498878
14.949 1.00008432029833
14.95 1.00008266560738
14.951 1.00008101091591
14.952 1.00007935622396
14.953 1.00007770153163
14.954 1.00007604683904
14.955 1.00007439214624
14.956 1.00007273745329
14.957 1.00007108276021
14.958 1.0000694280671
14.959 1.00006777337401
14.96 1.00006611868102
14.961 1.00006446398821
14.962 1.00006280929565
14.963 1.0000611546033
14.964 1.00005949991101
14.965 1.00005784521867
14.966 1.00005619052619
14.967 1.00005453583345
14.968 1.0000528811404
14.969 1.00005122644704
14.97 1.00004957175339
14.971 1.00004791705936
14.972 1.00004626236487
14.973 1.00004460766991
14.974 1.00004295297449
14.975 1.00004129827874
14.976 1.00003964358278
14.977 1.00003798888666
14.978 1.00003633419042
14.979 1.00003467949402
14.98 1.00003302479759
14.981 1.00003137010123
14.982 1.00002971540499
14.983 1.00002806070885
14.984 1.00002640601281
14.985 1.00002475131682
14.986 1.00002309662093
14.987 1.00002144192532
14.988 1.00001978723028
14.989 1.00001813253595
14.99 1.00001647784247
14.991 1.00001482315005
14.992 1.00001316845887
14.993 1.00001151376908
14.994 1.00000985908067
14.995 1.00000820439355
14.996 1.00000654970761
14.997 1.0000048950226
14.998 1.00000324033833
14.999 1.00000158565454
15 0.999999930971017