0 0
0.001 5.94285714285717e-05
0.002 0.000118857142857143
0.003 0.000178285714285715
0.004 0.000237714285714287
0.005 0.000297142857142859
0.006 0.00035657142857143
0.007 0.000416000000000002
0.008 0.000475428571428574
0.009 0.000534857142857146
0.01 0.000594285714285718
0.011 0.000653714285714289
0.012 0.000713142857142861
0.013 0.000772571428571433
0.014 0.000832000000000004
0.015 0.000891428571428576
0.016 0.000950857142857148
0.017 0.00101028571428572
0.018 0.00106971428571429
0.019 0.00112914285714286
0.02 0.00118857142857144
0.021 0.00124800000000001
0.022 0.00130742857142858
0.023 0.00136685714285715
0.024 0.00142628571428572
0.025 0.00148571428571429
0.026 0.00154514285714286
0.027 0.00160457142857143
0.028 0.00166400000000001
0.029 0.00172342857142858
0.03 0.00178285714285715
0.031 0.00184228571428573
0.032 0.0019017142857143
0.033 0.00196114285714287
0.034 0.00202057142857144
0.035 0.00208000000000001
0.036 0.00213942857142858
0.037 0.00219885714285716
0.038 0.00225828571428573
0.039 0.0023177142857143
0.04 0.00237714285714288
0.041 0.00243657142857145
0.042 0.00249600000000002
0.043 0.00255542857142859
0.044 0.00261485714285716
0.045 0.00267428571428573
0.046 0.0027337142857143
0.047 0.00279314285714287
0.048 0.00285257142857144
0.049 0.00291200000000002
0.05 0.00297142857142859
0.051 0.00303085714285716
0.052 0.00309028571428573
0.053 0.0031497142857143
0.054 0.00320914285714287
0.055 0.00326857142857145
0.056 0.00332800000000002
0.057 0.00338742857142859
0.058 0.00344685714285716
0.059 0.00350628571428573
0.06 0.0035657142857143
0.061 0.00362514285714288
0.062 0.00368457142857145
0.063 0.00374400000000002
0.064 0.00380342857142859
0.065 0.00386285714285716
0.066 0.00392228571428574
0.067 0.00398171428571431
0.068 0.00404114285714288
0.069 0.00410057142857146
0.07 0.00416000000000003
0.071 0.0042194285714286
0.072 0.00427885714285718
0.073 0.00433828571428574
0.074 0.00439771428571431
0.075 0.00445714285714288
0.076 0.00451657142857145
0.077 0.00457600000000002
0.078 0.0046354285714286
0.079 0.00469485714285717
0.08 0.00475428571428574
0.081 0.00481371428571431
0.082 0.00487314285714288
0.083 0.00493257142857145
0.084 0.00494810360814318
0.085 0.0049622781673482
0.086 0.00497645272655323
0.087 0.00498344444444444
0.088 0.00497766666666666
0.089 0.00497188888888888
0.09 0.0049661111111111
0.091 0.00496033333333332
0.092 0.00495455555555554
0.093 0.00494877777777776
0.094 0.00494299999999998
0.095 0.0049372222222222
0.096 0.00493144444444442
0.097 0.00492566666666664
0.098 0.00491988888888886
0.099 0.00491411111111107
0.1 0.00490833333333329
0.101 0.00490255555555551
0.102 0.00489677777777773
0.103 0.00489099999999995
0.104 0.00488522222222217
0.105 0.00487944444444439
0.106 0.00487366666666661
0.107 0.00486788888888883
0.108 0.00486211111111105
0.109 0.00485633333333328
0.11 0.0048505555555555
0.111 0.00484477777777772
0.112 0.00483899999999994
0.113 0.00483322222222216
0.114 0.00482744444444438
0.115 0.0048216666666666
0.116 0.00481588888888881
0.117 0.00481011111111103
0.118 0.00480433333333325
0.119 0.00479855555555547
0.12 0.00479277777777769
0.121 0.00478699999999991
0.122 0.00478122222222214
0.123 0.00477544444444436
0.124 0.00476966666666658
0.125 0.0047638888888888
0.126 0.00475811111111101
0.127 0.00475233333333323
0.128 0.00474655555555545
0.129 0.00474077777777767
0.13 0.00473499999999989
0.131 0.00472922222222211
0.132 0.00472344444444433
0.133 0.00471766666666655
0.134 0.00471188888888877
0.135 0.00470611111111099
0.136 0.00470033333333321
0.137 0.00469455555555543
0.138 0.00468877777777765
0.139 0.00468299999999987
0.14 0.00467722222222209
0.141 0.00467144444444432
0.142 0.00466566666666653
0.143 0.00465988888888875
0.144 0.00465411111111097
0.145 0.00464833333333319
0.146 0.00464255555555541
0.147 0.00463677777777763
0.148 0.00463099999999985
0.149 0.00462522222222207
0.15 0.00461944444444429
0.151 0.0046136666666665
0.152 0.00460788888888872
0.153 0.00460211111111095
0.154 0.00459633333333317
0.155 0.00459055555555539
0.156 0.00458477777777761
0.157 0.00457899999999983
0.158 0.00457322222222205
0.159 0.00456744444444426
0.16 0.00456166666666648
0.161 0.0045558888888887
0.162 0.00455011111111092
0.163 0.00454433333333314
0.164 0.00453855555555536
0.165 0.00453277777777759
0.166 0.00452699999999981
0.167 0.00452122222222203
0.168 0.00451544444444424
0.169 0.00450966666666646
0.17 0.00450388888888868
0.171 0.0044981111111109
0.172 0.00449233333333313
0.173 0.00448655555555535
0.174 0.00448077777777757
0.175 0.00447499999999979
0.176 0.00446922222222201
0.177 0.00446344444444422
0.178 0.00445766666666644
0.179 0.00445188888888866
0.18 0.00444611111111088
0.181 0.0044403333333331
0.182 0.00443455555555532
0.183 0.00442877777777754
0.184 0.00442299999999976
0.185 0.00441722222222198
0.186 0.0044114444444442
0.187 0.00440566666666642
0.188 0.00439988888888864
0.189 0.00439411111111086
0.19 0.00438833333333308
0.191 0.0043825555555553
0.192 0.00437677777777752
0.193 0.00437099999999974
0.194 0.00436522222222196
0.195 0.00435944444444418
0.196 0.0043536666666664
0.197 0.00434788888888862
0.198 0.00434211111111084
0.199 0.00433633333333306
0.2 0.00433055555555528
0.201 0.0043247777777775
0.202 0.00431899999999972
0.203 0.00431322222222194
0.204 0.00430744444444416
0.205 0.00430166666666638
0.206 0.0042958888888886
0.207 0.00429011111111082
0.208 0.00428433333333304
0.209 0.00427855555555526
0.21 0.00427277777777748
0.211 0.00426699999999969
0.212 0.00426122222222191
0.213 0.00425544444444413
0.214 0.00424966666666635
0.215 0.00424388888888857
0.216 0.00423811111111079
0.217 0.00423233333333301
0.218 0.00422655555555523
0.219 0.00422077777777746
0.22 0.00421499999999968
0.221 0.0042092222222219
0.222 0.00420344444444412
0.223 0.00419766666666634
0.224 0.00419188888888856
0.225 0.00418611111111078
0.226 0.004180333333333
0.227 0.00417455555555522
0.228 0.00417365777777744
0.229 0.00417644140350843
0.23 0.00417922502923943
0.231 0.00418200865497042
0.232 0.00418766666666633
0.233 0.00419344444444411
0.234 0.00419922222222189
0.235 0.00420499999999967
0.236 0.00421077777777745
0.237 0.00421655555555523
0.238 0.00422233333333301
0.239 0.00422811111111079
0.24 0.00423388888888857
0.241 0.00423966666666635
0.242 0.00424544444444413
0.243 0.00425122222222191
0.244 0.00425699999999969
0.245 0.00426277777777747
0.246 0.00426855555555525
0.247 0.00427433333333303
0.248 0.00428011111111081
0.249 0.00428588888888859
0.25 0.00429166666666637
0.251 0.00429744444444415
0.252 0.00430322222222193
0.253 0.0043089999999997
0.254 0.00431477777777749
0.255 0.00432055555555527
0.256 0.00432633333333305
0.257 0.00433211111111083
0.258 0.00433788888888861
0.259 0.00434366666666639
0.26 0.00434944444444417
0.261 0.00435522222222195
0.262 0.00436099999999973
0.263 0.00436677777777752
0.264 0.0043725555555553
0.265 0.00437833333333308
0.266 0.00438411111111086
0.267 0.00438988888888864
0.268 0.00439566666666642
0.269 0.0044014444444442
0.27 0.00440722222222198
0.271 0.00441299999999976
0.272 0.00441877777777754
0.273 0.00442455555555532
0.274 0.0044303333333331
0.275 0.00443611111111088
0.276 0.00444188888888866
0.277 0.00444766666666644
0.278 0.00445344444444421
0.279 0.00445922222222199
0.28 0.00446499999999978
0.281 0.00447077777777756
0.282 0.00447655555555534
0.283 0.00448233333333312
0.284 0.00448811111111089
0.285 0.00449388888888867
0.286 0.00449966666666645
0.287 0.00450544444444423
0.288 0.00451122222222201
0.289 0.0045169999999998
0.29 0.00452277777777758
0.291 0.00452855555555536
0.292 0.00453433333333314
0.293 0.00454011111111092
0.294 0.0045458888888887
0.295 0.00455166666666648
0.296 0.00455744444444426
0.297 0.00456322222222205
0.298 0.00456899999999983
0.299 0.00457477777777761
0.3 0.00458055555555539
0.301 0.00458633333333317
0.302 0.00459211111111094
0.303 0.00459788888888872
0.304 0.0046036666666665
0.305 0.00460944444444428
0.306 0.00461522222222207
0.307 0.00462099999999985
0.308 0.00462677777777763
0.309 0.00463255555555541
0.31 0.00463833333333319
0.311 0.00464411111111097
0.312 0.00464988888888875
0.313 0.00465566666666653
0.314 0.0046614444444443
0.315 0.00466722222222208
0.316 0.00467299999999986
0.317 0.00467877777777764
0.318 0.00468455555555542
0.319 0.0046903333333332
0.32 0.00469611111111098
0.321 0.00470188888888876
0.322 0.00470766666666654
0.323 0.00471344444444433
0.324 0.00471922222222211
0.325 0.00472499999999989
0.326 0.00473077777777767
0.327 0.00473655555555545
0.328 0.00474233333333323
0.329 0.00474811111111101
0.33 0.00475388888888879
0.331 0.00475966666666658
0.332 0.00476544444444436
0.333 0.00477122222222214
0.334 0.00477699999999991
0.335 0.00478277777777769
0.336 0.00478855555555547
0.337 0.00479433333333325
0.338 0.00480011111111103
0.339 0.00480588888888882
0.34 0.0048116666666666
0.341 0.00481744444444438
0.342 0.00482322222222216
0.343 0.00482899999999994
0.344 0.00483477777777772
0.345 0.0048405555555555
0.346 0.00484633333333327
0.347 0.00485211111111105
0.348 0.00485788888888883
0.349 0.00486366666666661
0.35 0.00486944444444439
0.351 0.00487522222222217
0.352 0.00488099999999995
0.353 0.00488677777777773
0.354 0.00489255555555551
0.355 0.00489833333333329
0.356 0.00490411111111107
0.357 0.00490988888888886
0.358 0.00491566666666664
0.359 0.00492144444444442
0.36 0.0049272222222222
0.361 0.00493299999999998
0.362 0.00493877777777776
0.363 0.00494455555555554
0.364 0.00495033333333332
0.365 0.0049561111111111
0.366 0.00496188888888888
0.367 0.00496766666666666
0.368 0.00497344444444444
0.369 0.00497922222222222
0.37 0.004985
0.371 0.00499077777777778
0.372 0.00499500802708526
0.373 0.00499168269621422
0.374 0.00498835736534318
0.375 0.00498503203447214
0.376 0.00498033333333332
0.377 0.00497455555555554
0.378 0.00496877777777776
0.379 0.00496299999999998
0.38 0.0049572222222222
0.381 0.00495144444444442
0.382 0.00494566666666664
0.383 0.00493988888888887
0.384 0.00493411111111109
0.385 0.00492833333333331
0.386 0.00492255555555553
0.387 0.00491677777777775
0.388 0.00491099999999997
0.389 0.00490522222222219
0.39 0.00489944444444441
0.391 0.00489366666666663
0.392 0.00488788888888884
0.393 0.00488211111111106
0.394 0.00487633333333328
0.395 0.0048705555555555
0.396 0.00486477777777772
0.397 0.00485899999999994
0.398 0.00485322222222216
0.399 0.00484744444444438
0.4 0.0048416666666666
0.401 0.00483588888888882
0.402 0.00483011111111104
0.403 0.00482433333333326
0.404 0.00481855555555548
0.405 0.0048127777777777
0.406 0.00480699999999992
0.407 0.00480122222222214
0.408 0.00479544444444436
0.409 0.00478966666666657
0.41 0.00478388888888879
0.411 0.00477811111111101
0.412 0.00477233333333323
0.413 0.00476655555555545
0.414 0.00476077777777767
0.415 0.0047549999999999
0.416 0.00474922222222212
0.417 0.00474344444444434
0.418 0.00473766666666656
0.419 0.00473188888888878
0.42 0.004726111111111
0.421 0.00472033333333322
0.422 0.00471455555555544
0.423 0.00470877777777766
0.424 0.00470299999999988
0.425 0.0046972222222221
0.426 0.00469144444444431
0.427 0.00468566666666653
0.428 0.00467988888888875
0.429 0.00467411111111097
0.43 0.00466833333333319
0.431 0.00466255555555541
0.432 0.00465677777777763
0.433 0.00465099999999986
0.434 0.00464522222222208
0.435 0.00463944444444429
0.436 0.00463366666666651
0.437 0.00462788888888873
0.438 0.00462211111111095
0.439 0.00461633333333317
0.44 0.00461055555555539
0.441 0.00460477777777761
0.442 0.00459899999999983
0.443 0.00459322222222204
0.444 0.00458744444444426
0.445 0.00458166666666649
0.446 0.00457588888888871
0.447 0.00457011111111094
0.448 0.00456433333333316
0.449 0.00455855555555538
0.45 0.0045527777777776
0.451 0.00454699999999982
0.452 0.00454122222222203
0.453 0.00453544444444425
0.454 0.00452966666666647
0.455 0.00452388888888869
0.456 0.00451811111111091
0.457 0.00451233333333313
0.458 0.00450655555555535
0.459 0.00450077777777757
0.46 0.00449499999999978
0.461 0.004489222222222
0.462 0.00448344444444422
0.463 0.00447766666666644
0.464 0.00447188888888867
0.465 0.00446611111111089
0.466 0.00446033333333311
0.467 0.00445455555555533
0.468 0.00444877777777754
0.469 0.00444299999999976
0.47 0.00443722222222198
0.471 0.0044314444444442
0.472 0.00442566666666642
0.473 0.00441988888888864
0.474 0.00441411111111086
0.475 0.00440833333333308
0.476 0.0044025555555553
0.477 0.00439677777777753
0.478 0.00439099999999975
0.479 0.00438522222222197
0.48 0.00437944444444419
0.481 0.00437366666666641
0.482 0.00436788888888863
0.483 0.00436211111111085
0.484 0.00435633333333307
0.485 0.00435055555555529
0.486 0.0043447777777775
0.487 0.00433899999999972
0.488 0.00433322222222194
0.489 0.00432744444444416
0.49 0.00432166666666638
0.491 0.0043158888888886
0.492 0.00431011111111082
0.493 0.00430433333333304
0.494 0.00429855555555526
0.495 0.00429277777777748
0.496 0.0042869999999997
0.497 0.00428122222222192
0.498 0.00427544444444414
0.499 0.00426966666666636
0.5 0.00426388888888858
0.501 0.0042581111111108
0.502 0.00425233333333302
0.503 0.00424655555555523
0.504 0.00424077777777745
0.505 0.00423499999999967
0.506 0.00422922222222189
0.507 0.00422344444444411
0.508 0.00421766666666634
0.509 0.00421188888888856
0.51 0.00420611111111078
0.511 0.004200333333333
0.512 0.00419455555555522
0.513 0.00418877777777744
0.514 0.00418299999999966
0.515 0.00417722222222188
0.516 0.0041714444444441
0.517 0.00416937991997503
0.518 0.00416842454909168
0.519 0.00416746917820833
0.52 0.00416666666666631
0.521 0.00416666666666631
0.522 0.00416666666666631
0.523 0.00416666666666631
0.524 0.00416666666666631
0.525 0.00416666666666631
0.526 0.0041666666666663
0.527 0.0041666666666663
0.528 0.0041666666666663
0.529 0.0041666666666663
0.53 0.0041666666666663
0.531 0.0041666666666663
0.532 0.0041666666666663
0.533 0.00416666666666629
0.534 0.00416666666666629
0.535 0.00416666666666629
0.536 0.00416666666666629
0.537 0.00416666666666629
0.538 0.00416666666666629
0.539 0.00416666666666629
0.54 0.00416666666666628
0.541 0.00416666666666628
0.542 0.00416666666666628
0.543 0.00416666666666628
0.544 0.00416666666666628
0.545 0.00416666666666628
0.546 0.00416666666666628
0.547 0.00416666666666627
0.548 0.00416666666666627
0.549 0.00416666666666627
0.55 0.00416666666666627
0.551 0.00416666666666626
0.552 0.00416666666666626
0.553 0.00416666666666626
0.554 0.00416666666666626
0.555 0.00416666666666626
0.556 0.00416666666666626
0.557 0.00416666666666626
0.558 0.00416666666666625
0.559 0.00416666666666625
0.56 0.00416666666666625
0.561 0.00416666666666625
0.562 0.00416666666666625
0.563 0.00416666666666625
0.564 0.00416666666666625
0.565 0.00416666666666625
0.566 0.00416666666666624
0.567 0.00416666666666624
0.568 0.00416666666666624
0.569 0.00416666666666624
0.57 0.00416666666666624
0.571 0.00416666666666624
0.572 0.00416666666666624
0.573 0.00416666666666623
0.574 0.00416666666666623
0.575 0.00416666666666623
0.576 0.00416666666666623
0.577 0.00416666666666623
0.578 0.00416666666666623
0.579 0.00416666666666623
0.58 0.00416666666666622
0.581 0.00416666666666622
0.582 0.00416666666666622
0.583 0.00416666666666622
0.584 0.00416666666666621
0.585 0.00416666666666621
0.586 0.00416666666666621
0.587 0.00416666666666621
0.588 0.00416666666666621
0.589 0.00416666666666621
0.59 0.00416666666666621
0.591 0.0041666666666662
0.592 0.0041666666666662
0.593 0.0041666666666662
0.594 0.0041666666666662
0.595 0.0041666666666662
0.596 0.0041666666666662
0.597 0.0041666666666662
0.598 0.00416666666666619
0.599 0.00416666666666619
0.6 0.00416666666666619
0.601 0.00416666666666619
0.602 0.00416666666666619
0.603 0.00416666666666619
0.604 0.00416666666666619
0.605 0.00416666666666618
0.606 0.00416666666666618
0.607 0.00416666666666618
0.608 0.00416666666666618
0.609 0.00416666666666617
0.61 0.00416666666666617
0.611 0.00416666666666617
0.612 0.00416666666666617
0.613 0.00416666666666617
0.614 0.00416666666666617
0.615 0.00416666666666617
0.616 0.00416666666666616
0.617 0.00416666666666616
0.618 0.00416666666666616
0.619 0.00416666666666616
0.62 0.00416666666666616
0.621 0.00416666666666616
0.622 0.00416666666666616
0.623 0.00416666666666615
0.624 0.00416666666666615
0.625 0.00416666666666615
0.626 0.00416666666666615
0.627 0.00416666666666615
0.628 0.00416666666666615
0.629 0.00416666666666615
0.63 0.00416666666666614
0.631 0.00416666666666614
0.632 0.00416666666666614
0.633 0.00416666666666614
0.634 0.00416666666666614
0.635 0.00416666666666614
0.636 0.00416666666666614
0.637 0.00416666666666614
0.638 0.00416666666666613
0.639 0.00416666666666613
0.64 0.00416666666666613
0.641 0.00416666666666613
0.642 0.00416666666666613
0.643 0.00416666666666613
0.644 0.00416666666666613
0.645 0.00416666666666612
0.646 0.00416666666666612
0.647 0.00416666666666612
0.648 0.00416666666666611
0.649 0.00416666666666611
0.65 0.00416666666666611
0.651 0.00416666666666611
0.652 0.00416666666666611
0.653 0.00416666666666611
0.654 0.00416666666666611
0.655 0.00416666666666611
0.656 0.0041666666666661
0.657 0.0041666666666661
0.658 0.0041666666666661
0.659 0.0041666666666661
0.66 0.0041666666666661
0.661 0.00416855117266795
0.662 0.0041736444321324
0.663 0.00417873769159686
0.664 0.00418383095106131
0.665 0.00418944444444389
0.666 0.00419522222222167
0.667 0.00420099999999946
0.668 0.00420677777777724
0.669 0.00421255555555502
0.67 0.00421833333333281
0.671 0.00422411111111059
0.672 0.00422988888888837
0.673 0.00423566666666615
0.674 0.00424144444444393
0.675 0.00424722222222172
0.676 0.0042529999999995
0.677 0.00425877777777728
0.678 0.00426455555555507
0.679 0.00427033333333285
0.68 0.00427611111111063
0.681 0.00428188888888841
0.682 0.00428766666666619
0.683 0.00429344444444398
0.684 0.00429922222222176
0.685 0.00430499999999955
0.686 0.00431077777777733
0.687 0.00431655555555511
0.688 0.0043223333333329
0.689 0.00432811111111068
0.69 0.00433388888888846
0.691 0.00433966666666624
0.692 0.00434544444444402
0.693 0.0043512222222218
0.694 0.00435699999999958
0.695 0.00436277777777736
0.696 0.00436855555555515
0.697 0.00437433333333293
0.698 0.00438011111111072
0.699 0.0043858888888885
0.7 0.00439166666666628
0.701 0.00439744444444407
0.702 0.00440322222222185
0.703 0.00440899999999964
0.704 0.00441477777777742
0.705 0.0044205555555552
0.706 0.00442633333333298
0.707 0.00443211111111075
0.708 0.00443788888888853
0.709 0.00444366666666632
0.71 0.0044494444444441
0.711 0.00445522222222189
0.712 0.00446099999999967
0.713 0.00446677777777745
0.714 0.00447255555555524
0.715 0.00447833333333302
0.716 0.0044841111111108
0.717 0.00448988888888858
0.718 0.00449566666666637
0.719 0.00450144444444415
0.72 0.00450722222222193
0.721 0.00451299999999972
0.722 0.0045187777777775
0.723 0.00452455555555528
0.724 0.00453033333333306
0.725 0.00453611111111084
0.726 0.00454188888888863
0.727 0.00454766666666641
0.728 0.00455344444444419
0.729 0.00455922222222198
0.73 0.00456499999999976
0.731 0.00457077777777754
0.732 0.00457655555555532
0.733 0.0045823333333331
0.734 0.00458811111111089
0.735 0.00459388888888867
0.736 0.00459966666666646
0.737 0.00460544444444424
0.738 0.00461122222222202
0.739 0.0046169999999998
0.74 0.00462277777777758
0.741 0.00462855555555537
0.742 0.00463433333333315
0.743 0.00464011111111093
0.744 0.00464588888888872
0.745 0.0046516666666665
0.746 0.00465744444444428
0.747 0.00466322222222206
0.748 0.00466899999999984
0.749 0.00467477777777763
0.75 0.00468055555555541
0.751 0.00468633333333319
0.752 0.00469211111111098
0.753 0.00469788888888876
0.754 0.00470366666666655
0.755 0.00470944444444433
0.756 0.00471522222222211
0.757 0.00472099999999989
0.758 0.00472677777777767
0.759 0.00473255555555545
0.76 0.00473833333333323
0.761 0.00474411111111101
0.762 0.0047498888888888
0.763 0.00475566666666658
0.764 0.00476144444444437
0.765 0.00476722222222215
0.766 0.00477299999999993
0.767 0.00477877777777772
0.768 0.0047845555555555
0.769 0.00479033333333328
0.77 0.00479611111111106
0.771 0.00480188888888884
0.772 0.00480766666666662
0.773 0.0048134444444444
0.774 0.00481922222222218
0.775 0.00482499999999997
0.776 0.00483077777777775
0.777 0.00483655555555554
0.778 0.00484233333333332
0.779 0.0048481111111111
0.78 0.00485388888888889
0.781 0.00485966666666667
0.782 0.00486544444444446
0.783 0.00487122222222224
0.784 0.00487700000000002
0.785 0.0048827777777778
0.786 0.00488855555555559
0.787 0.00489433333333337
0.788 0.00490011111111115
0.789 0.00490588888888893
0.79 0.00491166666666671
0.791 0.00491744444444449
0.792 0.00492322222222228
0.793 0.00492900000000006
0.794 0.00493477777777784
0.795 0.00494055555555563
0.796 0.00494633333333341
0.797 0.0049521111111112
0.798 0.00495788888888898
0.799 0.00496366666666676
0.8 0.00496944444444454
0.801 0.00497522222222232
0.802 0.0049810000000001
0.803 0.00498677777777788
0.804 0.00499255555555566
0.805 0.00499833333333345
0.806 0.00501613227114986
0.807 0.00503430299742108
0.808 0.0050524737236923
0.809 0.00507098850574726
0.81 0.00509011494252887
0.811 0.00510924137931048
0.812 0.0051283678160921
0.813 0.00514749425287371
0.814 0.00516662068965532
0.815 0.00518574712643693
0.816 0.00520487356321855
0.817 0.00522400000000016
0.818 0.00524312643678177
0.819 0.00526225287356338
0.82 0.00528137931034499
0.821 0.00530050574712661
0.822 0.00531963218390822
0.823 0.00533875862068983
0.824 0.00535788505747144
0.825 0.00537701149425305
0.826 0.00539613793103466
0.827 0.00541526436781627
0.828 0.00543439080459788
0.829 0.00545351724137949
0.83 0.00547264367816111
0.831 0.00549177011494272
0.832 0.00551089655172433
0.833 0.00553002298850593
0.834 0.00554914942528754
0.835 0.00556827586206916
0.836 0.00558740229885077
0.837 0.00560652873563239
0.838 0.005625655172414
0.839 0.00564478160919561
0.84 0.00566390804597722
0.841 0.00568303448275883
0.842 0.00570216091954044
0.843 0.00572128735632205
0.844 0.00574041379310367
0.845 0.00575954022988528
0.846 0.00577866666666689
0.847 0.0057977931034485
0.848 0.0058169195402301
0.849 0.00583604597701172
0.85 0.00585517241379333
0.851 0.00587429885057495
0.852 0.00589342528735656
0.853 0.00591255172413818
0.854 0.00593167816091979
0.855 0.0059508045977014
0.856 0.00596993103448301
0.857 0.00598905747126462
0.858 0.00600818390804623
0.859 0.00602731034482784
0.86 0.00604643678160945
0.861 0.00606556321839106
0.862 0.00608468965517268
0.863 0.00610381609195429
0.864 0.0061229425287359
0.865 0.00614206896551751
0.866 0.00616119540229913
0.867 0.00618032183908074
0.868 0.00619944827586235
0.869 0.00621857471264396
0.87 0.00623770114942558
0.871 0.00625682758620718
0.872 0.00627595402298879
0.873 0.0062950804597704
0.874 0.00631420689655201
0.875 0.00633333333333363
0.876 0.00635245977011524
0.877 0.00637158620689685
0.878 0.00639071264367846
0.879 0.00640983908046007
0.88 0.00642896551724168
0.881 0.00644809195402329
0.882 0.0064672183908049
0.883 0.00648634482758652
0.884 0.00650547126436813
0.885 0.00652459770114975
0.886 0.00654372413793136
0.887 0.00656285057471297
0.888 0.00658197701149458
0.889 0.00660110344827619
0.89 0.0066202298850578
0.891 0.00663935632183941
0.892 0.00665848275862102
0.893 0.00667760919540264
0.894 0.00669673563218425
0.895 0.00671586206896586
0.896 0.00673498850574747
0.897 0.00675411494252908
0.898 0.0067732413793107
0.899 0.00679236781609231
0.9 0.00681149425287392
0.901 0.00683062068965553
0.902 0.00684974712643714
0.903 0.00686887356321876
0.904 0.00688800000000037
0.905 0.00690712643678197
0.906 0.00692625287356358
0.907 0.0069453793103452
0.908 0.00696450574712681
0.909 0.00698363218390842
0.91 0.00700275862069003
0.911 0.00702188505747165
0.912 0.00704101149425326
0.913 0.00706013793103488
0.914 0.00707926436781649
0.915 0.0070983908045981
0.916 0.00711751724137971
0.917 0.00713664367816132
0.918 0.00715577011494293
0.919 0.00717489655172454
0.92 0.00719402298850615
0.921 0.00721314942528777
0.922 0.00723227586206937
0.923 0.00725140229885098
0.924 0.00727052873563259
0.925 0.00728965517241421
0.926 0.00730878160919582
0.927 0.00732790804597744
0.928 0.00734703448275905
0.929 0.00736616091954066
0.93 0.00738528735632227
0.931 0.00740441379310388
0.932 0.00742354022988549
0.933 0.0074426666666671
0.934 0.00746179310344872
0.935 0.00748091954023033
0.936 0.00750004597701194
0.937 0.00751917241379355
0.938 0.00753829885057516
0.939 0.00755742528735677
0.94 0.00757655172413838
0.941 0.00759567816091999
0.942 0.0076148045977016
0.943 0.00763393103448321
0.944 0.00765305747126483
0.945 0.00767218390804644
0.946 0.00769131034482805
0.947 0.00771043678160966
0.948 0.00772956321839128
0.949 0.00774868965517289
0.95 0.0077678160919545
0.951 0.00778694252873611
0.952 0.00780606896551772
0.953 0.00782519540229934
0.954 0.00783605522618856
0.955 0.00784657060787393
0.956 0.00785708598955931
0.957 0.00786511934156426
0.958 0.00786854320987702
0.959 0.00787196707818978
0.96 0.00787539094650253
0.961 0.00787881481481529
0.962 0.00788223868312804
0.963 0.0078856625514408
0.964 0.00788908641975355
0.965 0.00789251028806631
0.966 0.00789593415637906
0.967 0.00789935802469182
0.968 0.00790278189300457
0.969 0.00790620576131733
0.97 0.00790962962963009
0.971 0.00791305349794284
0.972 0.0079164773662556
0.973 0.00791990123456835
0.974 0.0079233251028811
0.975 0.00792674897119386
0.976 0.00793017283950661
0.977 0.00793359670781936
0.978 0.00793702057613212
0.979 0.00794044444444487
0.98 0.00794386831275763
0.981 0.00794729218107038
0.982 0.00795071604938314
0.983 0.0079541399176959
0.984 0.00795756378600865
0.985 0.00796098765432141
0.986 0.00796441152263416
0.987 0.00796783539094692
0.988 0.00797125925925967
0.989 0.00797468312757242
0.99 0.00797810699588518
0.991 0.00798153086419794
0.992 0.00798495473251069
0.993 0.00798837860082345
0.994 0.0079918024691362
0.995 0.00799522633744896
0.996 0.00799865020576171
0.997 0.00800207407407446
0.998 0.00800549794238722
0.999 0.00800892181069998
1 0.00801234567901273
1.001 0.00801576954732549
1.002 0.00801919341563825
1.003 0.008022617283951
1.004 0.00802604115226376
1.005 0.00802946502057651
1.006 0.00803288888888926
1.007 0.00803631275720202
1.008 0.00803973662551477
1.009 0.00804316049382753
1.01 0.00804658436214029
1.011 0.00805000823045304
1.012 0.0080534320987658
1.013 0.00805685596707855
1.014 0.0080602798353913
1.015 0.00806370370370406
1.016 0.00806712757201681
1.017 0.00807055144032957
1.018 0.00807397530864233
1.019 0.00807739917695508
1.02 0.00808082304526784
1.021 0.00808424691358059
1.022 0.00808767078189335
1.023 0.0080910946502061
1.024 0.00809451851851886
1.025 0.00809794238683161
1.026 0.00810136625514436
1.027 0.00810479012345712
1.028 0.00810821399176988
1.029 0.00811163786008263
1.03 0.00811506172839539
1.031 0.00811848559670814
1.032 0.0081219094650209
1.033 0.00812533333333366
1.034 0.00812875720164641
1.035 0.00813218106995916
1.036 0.00813560493827192
1.037 0.00813902880658467
1.038 0.00814245267489743
1.039 0.00814587654321019
1.04 0.00814930041152294
1.041 0.00815272427983569
1.042 0.00815614814814845
1.043 0.0081595720164612
1.044 0.00816299588477396
1.045 0.00816641975308671
1.046 0.00816984362139947
1.047 0.00817326748971223
1.048 0.00817669135802498
1.049 0.00818011522633774
1.05 0.00818353909465049
1.051 0.00818696296296325
1.052 0.008190386831276
1.053 0.00819381069958876
1.054 0.00819723456790151
1.055 0.00820065843621427
1.056 0.00820408230452702
1.057 0.00820750617283978
1.058 0.00821093004115253
1.059 0.00821435390946529
1.06 0.00821777777777804
1.061 0.00822120164609079
1.062 0.00822462551440355
1.063 0.0082280493827163
1.064 0.00823147325102906
1.065 0.00823489711934182
1.066 0.00823832098765457
1.067 0.00824174485596733
1.068 0.00824516872428008
1.069 0.00824859259259283
1.07 0.00825201646090559
1.071 0.00825544032921834
1.072 0.0082588641975311
1.073 0.00826228806584386
1.074 0.00826571193415661
1.075 0.00826913580246936
1.076 0.00827255967078212
1.077 0.00827598353909487
1.078 0.00827940740740763
1.079 0.00828283127572038
1.08 0.00828625514403314
1.081 0.0082896790123459
1.082 0.00829310288065865
1.083 0.00829652674897141
1.084 0.00829995061728417
1.085 0.00830337448559692
1.086 0.00830679835390968
1.087 0.00831022222222243
1.088 0.00831364609053519
1.089 0.00831706995884794
1.09 0.00832049382716069
1.091 0.00832565939167627
1.092 0.0083313162038388
1.093 0.00833697301600133
1.094 0.00835551405917338
1.095 0.00843696046550957
1.096 0.00851840687184578
1.097 0.00859985327818196
1.098 0.00868157575757596
1.099 0.00876351515151535
1.1 0.00884545454545476
1.101 0.00892739393939415
1.102 0.00900933333333356
1.103 0.00909127272727294
1.104 0.00917321212121235
1.105 0.00925515151515174
1.106 0.00933709090909114
1.107 0.00941903030303053
1.108 0.00950096969696993
1.109 0.00958290909090932
1.11 0.00966484848484872
1.111 0.0097467878787881
1.112 0.00982872727272751
1.113 0.00991066666666689
1.114 0.0099926060606063
1.115 0.0100745454545457
1.116 0.0101564848484851
1.117 0.0102384242424245
1.118 0.0103203636363639
1.119 0.0104023030303033
1.12 0.0104842424242427
1.121 0.010566181818182
1.122 0.0106481212121214
1.123 0.0107300606060608
1.124 0.0108120000000003
1.125 0.0108939393939397
1.126 0.0109758787878791
1.127 0.0110578181818185
1.128 0.0111397575757579
1.129 0.0112216969696973
1.13 0.0113036363636367
1.131 0.011385575757576
1.132 0.0114675151515154
1.133 0.0115494545454548
1.134 0.0116313939393942
1.135 0.0117133333333336
1.136 0.011795272727273
1.137 0.0118772121212124
1.138 0.0119591515151518
1.139 0.0120410909090912
1.14 0.0121230303030306
1.141 0.01220496969697
1.142 0.0122869090909094
1.143 0.0123688484848488
1.144 0.0124507878787882
1.145 0.0125327272727276
1.146 0.012614666666667
1.147 0.0126966060606064
1.148 0.0127785454545458
1.149 0.0128604848484852
1.15 0.0129424242424246
1.151 0.013024363636364
1.152 0.0131063030303034
1.153 0.0131882424242427
1.154 0.0132701818181821
1.155 0.0133521212121215
1.156 0.0134340606060609
1.157 0.0135160000000004
1.158 0.0135979393939398
1.159 0.0136798787878792
1.16 0.0137618181818186
1.161 0.013843757575758
1.162 0.0139256969696973
1.163 0.0140076363636367
1.164 0.0140895757575761
1.165 0.0141715151515155
1.166 0.0142534545454549
1.167 0.0143353939393943
1.168 0.0144173333333337
1.169 0.0144992727272731
1.17 0.0145812121212125
1.171 0.0146631515151519
1.172 0.0147450909090913
1.173 0.0148270303030307
1.174 0.0149089696969701
1.175 0.0149909090909095
1.176 0.0150728484848489
1.177 0.0151547878787883
1.178 0.0152367272727277
1.179 0.0153186666666671
1.18 0.0154006060606065
1.181 0.0154825454545459
1.182 0.0155644848484853
1.183 0.0156464242424247
1.184 0.015728363636364
1.185 0.0158103030303034
1.186 0.0158922424242428
1.187 0.0159741818181822
1.188 0.0160561212121216
1.189 0.016138060606061
1.19 0.0162200000000005
1.191 0.0163019393939399
1.192 0.0163838787878793
1.193 0.0164658181818187
1.194 0.0165477575757581
1.195 0.0166296969696975
1.196 0.0167116363636368
1.197 0.0167935757575762
1.198 0.0168755151515156
1.199 0.016957454545455
1.2 0.0170393939393944
1.201 0.0171213333333338
1.202 0.0172032727272732
1.203 0.0172852121212126
1.204 0.017367151515152
1.205 0.0174490909090914
1.206 0.0175310303030308
1.207 0.0176129696969702
1.208 0.0176949090909096
1.209 0.017776848484849
1.21 0.0178587878787884
1.211 0.0179407272727278
1.212 0.0180226666666672
1.213 0.0181046060606066
1.214 0.018186545454546
1.215 0.0182684848484854
1.216 0.0183504242424247
1.217 0.0184323636363641
1.218 0.0185143030303035
1.219 0.0185962424242429
1.22 0.0186781818181823
1.221 0.0187601212121217
1.222 0.0188420606060611
1.223 0.0189240000000006
1.224 0.018854832519401
1.225 0.0182172153679168
1.226 0.0175795982164327
1.227 0.0169419810649485
1.228 0.0172854040386977
1.229 0.0182828537626025
1.23 0.0192803034865072
1.231 0.020277753210412
1.232 0.0213736351769588
1.233 0.0224705114085831
1.234 0.0235673876402071
1.235 0.0247077098164966
1.236 0.0259189174814501
1.237 0.0271301251464039
1.238 0.0283413328113575
1.239 0.0296516935446286
1.24 0.030991671428176
1.241 0.0323316493117236
1.242 0.0336945842181066
1.243 0.035178043494377
1.244 0.0366615027706471
1.245 0.0381449620469174
1.246 0.0397154159164235
1.247 0.0413570471803957
1.248 0.0429986784443675
1.249 0.0446403097083397
1.25 0.0464441598685609
1.251 0.0482583644264154
1.252 0.0500725689842695
1.253 0.0519486920410883
1.254 0.0539505284139857
1.255 0.0559523647868835
1.256 0.0579542011597809
1.257 0.0601012192282807
1.258 0.0623046968450698
1.259 0.0645081744618593
1.26 0.066735531042158
1.261 0.0691560901453992
1.262 0.0715766492486399
1.263 0.0739972083518811
1.264 0.0765332178350497
1.265 0.0791846776981469
1.266 0.0818361375612436
1.267 0.0844875974243408
1.268 0.0873581380693138
1.269 0.0902557561142946
1.27 0.0931533741592747
1.271 0.0961238974262746
1.272 0.0992818912641799
1.273 0.102439885102086
1.274 0.105597878939991
1.275 0.108940241246682
1.276 0.112373411903669
1.277 0.115806582560657
1.278 0.119257147750698
1.279 0.122980227291914
1.28 0.126703306833128
1.281 0.130426386374343
1.282 0.13428632774468
1.283 0.138313544683942
1.284 0.142340761623205
1.285 0.146367978562466
1.286 0.150663575530091
1.287 0.155010292503117
1.288 0.159357009476144
1.289 0.163780338244187
1.29 0.168460149978158
1.291 0.173139961712129
1.292 0.1778197734461
1.293 0.182715989705535
1.294 0.187744840996707
1.295 0.192773692287878
1.296 0.197806165781127
1.297 0.203197237279976
1.298 0.208588308778827
1.299 0.213979380277676
1.3 0.219519434287169
1.301 0.225282962062625
1.302 0.231046489838083
1.303 0.236810017613539
1.304 0.242869567180197
1.305 0.249007806083755
1.306 0.255146044987315
1.307 0.261352221875458
1.308 0.267867894026712
1.309 0.274383566177964
1.31 0.280899238329218
1.311 0.2876222540528
1.312 0.294501686857262
1.313 0.301381119661723
1.314 0.308260552466185
1.315 0.315435296275875
1.316 0.322622344710785
1.317 0.329809393145693
1.318 0.337091948760991
1.319 0.34455187485415
1.32 0.352011800947311
1.321 0.35947172704047
1.322 0.367112642495928
1.323 0.374817148808406
1.324 0.382521655120886
1.325 0.390254495555707
1.326 0.398176956655435
1.327 0.406099417755161
1.328 0.414021878854889
1.329 0.42204297745498
1.33 0.43015512605541
1.331 0.438267274655838
1.332 0.446379423256268
1.333 0.454638781048671
1.334 0.462912697991931
1.335 0.471186614935189
1.336 0.479491891627879
1.337 0.487870341069238
1.338 0.496248790510599
1.339 0.504627239951958
1.34 0.513015156435936
1.341 0.521407326228913
1.342 0.529799496021893
1.343 0.538185323357484
1.344 0.546498212433137
1.345 0.554811101508789
1.346 0.563123990584443
1.347 0.571362833597087
1.348 0.579518177857831
1.349 0.587673522118573
1.35 0.595828866379317
1.351 0.603817152421877
1.352 0.611778242940548
1.353 0.619739333459218
1.354 0.627644901361735
1.355 0.635383901415786
1.356 0.643122901469839
1.357 0.65086190152389
1.358 0.658443094816009
1.359 0.66593552180454
1.36 0.673427948793071
1.361 0.680913473202617
1.362 0.688175814224974
1.363 0.695438155247331
1.364 0.702700496269688
1.365 0.709880442378372
1.366 0.716946605034843
1.367 0.724012767691313
1.368 0.731078930347784
1.369 0.738015219531027
1.37 0.74492104456623
1.371 0.751826869601431
1.372 0.7587129011712
1.373 0.765519758879236
1.374 0.772326616587272
1.375 0.779133474295307
1.376 0.785935945261535
1.377 0.792735367813961
1.378 0.799534790366389
1.379 0.806334212918815
1.38 0.813217522566513
1.381 0.820102544195745
1.382 0.826987565824979
1.383 0.833937948928345
1.384 0.840999623190375
1.385 0.848061297452403
1.386 0.855122971714433
1.387 0.862381923304964
1.388 0.869703172999234
1.389 0.877024422693503
1.39 0.884397149622086
1.391 0.892061580878438
1.392 0.899726012134793
1.393 0.907390443391145
1.394 0.915280943651116
1.395 0.923364021210462
1.396 0.931447098769809
1.397 0.939530176329155
1.398 0.948035123890884
1.399 0.956571825108704
1.4 0.965108526326526
1.401 0.973794570763066
1.402 0.982797969539388
1.403 0.991801368315707
1.404 1.00080476709203
1.405 1.01014678972443
1.406 1.01962712350932
1.407 1.02910745729421
1.408 1.03862596189146
1.409 1.04848800379994
1.41 1.05835004570843
1.411 1.06821208761691
1.412 1.07815675807874
1.413 1.08818742968792
1.414 1.0982181012971
1.415 1.10824877290628
1.416 1.11823496746208
1.417 1.12821509696514
1.418 1.1381952264682
1.419 1.14811357867105
1.42 1.15786490335849
1.421 1.16761622804592
1.422 1.17736755273336
1.423 1.18692204901304
1.424 1.19637514884024
1.425 1.20582824866744
1.426 1.21526401890516
1.427 1.2243705269428
1.428 1.23347703498044
1.429 1.24258354301807
1.43 1.25151570752895
1.431 1.2602259802785
1.432 1.26893625302805
1.433 1.27764652577761
1.434 1.28599771172941
1.435 1.29427534978288
1.436 1.30255298783634
1.437 1.31074083389156
1.438 1.31861032649842
1.439 1.32647981910528
1.44 1.33434931171213
1.441 1.34200689980055
1.442 1.34952900795094
1.443 1.35705111610134
1.444 1.36457322425173
1.445 1.37180968186218
1.446 1.37904613947263
1.447 1.38628259708308
1.448 1.39343137516544
1.449 1.40044301347307
1.45 1.4074546517807
1.451 1.41446629008833
1.452 1.42135085502706
1.453 1.42819957875918
1.454 1.4350483024913
1.455 1.44187592464797
1.456 1.44860052146567
1.457 1.45532511828337
1.458 1.46204971510106
1.459 1.46869456048315
1.46 1.47527674402298
1.461 1.4818589275628
1.462 1.48844111110263
1.463 1.4948606868831
1.464 1.50127170436046
1.465 1.50768272183781
1.466 1.51402599947205
1.467 1.52023778211672
1.468 1.52644956476139
1.469 1.53266134740606
1.47 1.53870689988061
1.471 1.54469096996347
1.472 1.55067504004632
1.473 1.55662836985979
1.474 1.56235627103105
1.475 1.5680841722023
1.476 1.57381207337355
1.477 1.57939505981092
1.478 1.58483881444515
1.479 1.59028256907937
1.48 1.5957263237136
1.481 1.60088818438463
1.482 1.6060187235042
1.483 1.61114926262378
1.484 1.61618104915668
1.485 1.62097106211532
1.486 1.62576107507396
1.487 1.6305510880326
1.488 1.63508932534981
1.489 1.63950908001224
1.49 1.64392883467467
1.491 1.64832078345872
1.492 1.6523433112871
1.493 1.65636583911548
1.494 1.66038836694386
1.495 1.66421462988386
1.496 1.66781049491141
1.497 1.67140635993897
1.498 1.67500222496653
1.499 1.67821193252254
1.5 1.68135349464239
1.501 1.68449505676225
1.502 1.68752070973459
1.503 1.69017931707313
1.504 1.69283792441168
1.505 1.69549653175022
1.506 1.69783289944031
1.507 1.69998001527338
1.508 1.70212713110644
1.509 1.70426346425476
1.51 1.70587144585015
1.511 1.70747942744553
1.512 1.70908740904092
1.513 1.71046252222575
1.514 1.71150253208807
1.515 1.71254254195039
1.516 1.71358255181272
1.517 1.71416281581861
1.518 1.7146281433604
1.519 1.71509347090218
1.52 1.715451273233
1.521 1.71535067861181
1.522 1.71525008399062
1.523 1.71514948936943
1.524 1.71472871492943
1.525 1.71407608613788
1.526 1.71342345734633
1.527 1.71277082855479
1.528 1.71159276778644
1.529 1.71039845654458
1.53 1.70920414530272
1.531 1.70781941273999
1.532 1.70609615338459
1.533 1.70437289402919
1.534 1.70264963467379
1.535 1.70053825807
1.536 1.69829750905007
1.537 1.69605676003015
1.538 1.69374519689204
1.539 1.69099863274228
1.54 1.68825206859253
1.541 1.68550550444277
1.542 1.68249746807602
1.543 1.67925756012063
1.544 1.67601765216523
1.545 1.67277774420984
1.546 1.66909381185275
1.547 1.66537126867812
1.548 1.66164872550349
1.549 1.65778069404565
1.55 1.6535888338284
1.551 1.64939697361114
1.552 1.64520511339389
1.553 1.640691768346
1.554 1.63604064408498
1.555 1.63138951982396
1.556 1.62669827652317
1.557 1.62160138515357
1.558 1.61650449378398
1.559 1.61140760241439
1.56 1.60610184841667
1.561 1.60056982657183
1.562 1.59503780472698
1.563 1.58950578288214
1.564 1.58360612086768
1.565 1.57765152411524
1.566 1.5716969273628
1.567 1.56563545921361
1.568 1.55926981862754
1.569 1.55290417804147
1.57 1.5465385374554
1.571 1.53991332861251
1.572 1.5331483522467
1.573 1.52638337588089
1.574 1.51960291935033
1.575 1.51245093886563
1.576 1.50529895838093
1.577 1.49814697789623
1.578 1.49083329602979
1.579 1.48330526582012
1.58 1.47577723561044
1.581 1.46824920540077
1.582 1.46042346046393
1.583 1.45253236351382
1.584 1.4446412665637
1.585 1.43667659602495
1.586 1.42843514865275
1.587 1.42019370128055
1.588 1.41195225390835
1.589 1.40353798542787
1.59 1.39500850287521
1.591 1.38647902032254
1.592 1.37794953776988
1.593 1.36923879084806
1.594 1.36052621297302
1.595 1.35181363509798
1.596 1.34305366916996
1.597 1.33421638589237
1.598 1.32537910261478
1.599 1.31654181933719
1.6 1.30762726560075
1.601 1.2986896310779
1.602 1.28975199655506
1.603 1.2808198653812
1.604 1.27191662678951
1.605 1.26301338819781
1.606 1.25411014960612
1.607 1.24530905121137
1.608 1.23659152206865
1.609 1.22787399292594
1.61 1.21915646378322
1.611 1.21075718600156
1.612 1.20237822213655
1.613 1.19399925827154
1.614 1.18578096009359
1.615 1.17788886194691
1.616 1.16999676380023
1.617 1.16210466565356
1.618 1.15458867227985
1.619 1.14721894187341
1.62 1.13984921146697
1.621 1.13252835507725
1.622 1.1256029339137
1.623 1.11867751275015
1.624 1.1117520915866
1.625 1.10500911193845
1.626 1.09844857380568
1.627 1.09188803567292
1.628 1.08532749754015
1.629 1.07901944889256
1.63 1.07274260681054
1.631 1.06646576472853
1.632 1.06024586216382
1.633 1.05417237550074
1.634 1.04809888883766
1.635 1.04202540217458
1.636 1.03603416679914
1.637 1.03008344325195
1.638 1.02413271970475
1.639 1.01818452501055
1.64 1.01227594901316
1.641 1.00636737301577
1.642 1.00045879701838
1.643 0.994532900718228
1.644 0.988585835159126
1.645 0.982638769600027
1.646 0.976691704040926
1.647 0.970648391802132
1.648 0.964586746862443
1.649 0.958525101922755
1.65 0.952425142470103
1.651 0.946196912691447
1.652 0.939968682912789
1.653 0.933740453134133
1.654 0.927383166423941
1.655 0.9209467803041
1.656 0.914510394184257
1.657 0.908071520380572
1.658 0.90138636587631
1.659 0.89470121137205
1.66 0.888016056867789
1.661 0.881231969272751
1.662 0.874299482041544
1.663 0.867366994810339
1.664 0.860434507579132
1.665 0.853336602116869
1.666 0.846194724719768
1.667 0.839052847322665
1.668 0.831880379790918
1.669 0.824568557201338
1.67 0.81725673461176
1.671 0.80994491202218
1.672 0.802557659952635
1.673 0.795113504942061
1.674 0.787669349931488
1.675 0.780225194920913
1.676 0.772685502083294
1.677 0.765141828502879
1.678 0.757598154922466
1.679 0.750031100784982
1.68 0.742420625612941
1.681 0.734810150440898
1.682 0.727199675268857
1.683 0.719561821186961
1.684 0.711914347488091
1.685 0.70426687378922
1.686 0.69661666139722
1.687 0.688948120828118
1.688 0.681279580259017
1.689 0.673611039689914
1.69 0.665937100667043
1.691 0.658258178456075
1.692 0.650579256245109
1.693 0.64290033403414
1.694 0.635222842698406
1.695 0.627545492877803
1.696 0.619868143057202
1.697 0.612304568391639
1.698 0.605006469087841
1.699 0.597708369784041
1.7 0.590410270480242
1.701 0.583112171176442
1.702 0.575814071872644
1.703 0.568515972568844
1.704 0.561518428474993
1.705 0.554990983555677
1.706 0.548463538636361
1.707 0.541936093717045
1.708 0.535537213570419
1.709 0.529174595282755
1.71 0.522811976995092
1.711 0.516480483853369
1.712 0.510300954659476
1.713 0.504121425465582
1.714 0.497941896271689
1.715 0.491874394430262
1.716 0.485894914080061
1.717 0.479915433729859
1.718 0.473935953379658
1.719 0.468161014022164
1.72 0.462396839980078
1.721 0.456632665937991
1.722 0.450946199151718
1.723 0.445410575862023
1.724 0.43987495257233
1.725 0.434339329282635
1.726 0.428978581399196
1.727 0.423682513460533
1.728 0.418386445521872
1.729 0.41312015799699
1.73 0.408072260173165
1.731 0.403024362349339
1.732 0.397976464525514
1.733 0.393058267868292
1.734 0.388264686057416
1.735 0.383471104246539
1.736 0.378677522435664
1.737 0.374116123005831
1.738 0.369580521618338
1.739 0.365044920230844
1.74 0.360584490898459
1.741 0.356308103494099
1.742 0.352031716089739
1.743 0.347755328685379
1.744 0.343654468397818
1.745 0.339636209106398
1.746 0.335617949814979
1.747 0.331617532801383
1.748 0.327854163193171
1.749 0.324090793584957
1.75 0.320327423976745
1.751 0.3166789213893
1.752 0.313165262695803
1.753 0.309651604002304
1.754 0.306137945308806
1.755 0.302830699340957
1.756 0.299559879148223
1.757 0.296289058955489
1.758 0.293074529240337
1.759 0.290038252704195
1.76 0.287001976168053
1.761 0.28396569963191
1.762 0.281071244376637
1.763 0.27826008098473
1.764 0.275448917592824
1.765 0.272642051023428
1.766 0.270045728757025
1.767 0.267449406490621
1.768 0.264853084224218
1.769 0.262340411196335
1.77 0.25994811146291
1.771 0.257555811729484
1.772 0.255163511996058
1.773 0.252925572383089
1.774 0.250726222800234
1.775 0.248526873217379
1.776 0.246362087448672
1.777 0.244344652677117
1.778 0.242327217905562
1.779 0.240309783134007
1.78 0.238391648019427
1.781 0.236545419553002
1.782 0.234699191086577
1.783 0.232852962620151
1.784 0.231163015007698
1.785 0.229477900823717
1.786 0.227792786639737
1.787 0.226162366884174
1.788 0.224629181668017
1.789 0.223095996451861
1.79 0.221562811235705
1.791 0.220137582170355
1.792 0.218748338488608
1.793 0.21735909480686
1.794 0.21598909327981
1.795 0.214737293560193
1.796 0.213485493840574
1.797 0.212233694120956
1.798 0.211052240234553
1.799 0.209933168502134
1.8 0.208814096769714
1.801 0.207695025037295
1.802 0.206695395975009
1.803 0.205706153231867
1.804 0.204716910488724
1.805 0.203767231600868
1.806 0.202905614197362
1.807 0.202043996793856
1.808 0.20118237939035
1.809 0.20040857407312
1.81 0.19967240250715
1.811 0.198936230941181
1.812 0.198211153345401
1.813 0.197598248114869
1.814 0.196985342884337
1.815 0.196372437653805
1.816 0.195817654103274
1.817 0.195325835706079
1.818 0.194834017308884
1.819 0.194342198911689
1.82 0.193953829892671
1.821 0.193580918826714
1.822 0.193208007760756
1.823 0.192865445930375
1.824 0.192609262693555
1.825 0.192353079456736
1.826 0.192096896219916
1.827 0.191915169395671
1.828 0.191773534485889
1.829 0.191631899576107
1.83 0.191494759419322
1.831 0.191465493334479
1.832 0.191436227249635
1.833 0.191406961164792
1.834 0.191425076488769
1.835 0.191505999726763
1.836 0.191586922964758
1.837 0.191667846202753
1.838 0.191837380023554
1.839 0.192026364947899
1.84 0.192215349872243
1.841 0.192426643241531
1.842 0.192721858856085
1.843 0.193017074470638
1.844 0.193312290085192
1.845 0.193670208687479
1.846 0.19406992928159
1.847 0.1944696498757
1.848 0.194869370469811
1.849 0.195370842663938
1.85 0.195873342652005
1.851 0.196375842640072
1.852 0.196916743075314
1.853 0.197520296871737
1.854 0.198123850668161
1.855 0.198727404464585
1.856 0.199407440992531
1.857 0.20011032301171
1.858 0.20081320503089
1.859 0.201531703472015
1.86 0.20233218812835
1.861 0.203132672784686
1.862 0.203933157441021
1.863 0.204786374475712
1.864 0.205682736183604
1.865 0.206579097891495
1.866 0.207475459599387
1.867 0.208460323685276
1.868 0.209450836859123
1.869 0.21044135003297
1.87 0.211462363747334
1.871 0.212545302801536
1.872 0.213628241855738
1.873 0.21471118090994
1.874 0.215859424176366
1.875 0.217033063525324
1.876 0.218206702874281
1.877 0.219390129441245
1.878 0.220652743499358
1.879 0.22191535755747
1.88 0.223177971615582
1.881 0.224484210235471
1.882 0.225834073417138
1.883 0.227183936598805
1.884 0.228533799780472
1.885 0.229959778910918
1.886 0.23139516563054
1.887 0.232830552350161
1.888 0.234289402496442
1.889 0.235808587168418
1.89 0.237327771840394
1.891 0.238846956512369
1.892 0.24042112967007
1.893 0.242022386708799
1.894 0.243623643747529
1.895 0.245229721593127
1.896 0.246911325413011
1.897 0.248592929232894
1.898 0.250274533052777
1.899 0.25199151641066
1.9 0.253751741426097
1.901 0.255511966441533
1.902 0.25727219145697
1.903 0.259097008784768
1.904 0.260934129410159
1.905 0.262771250035549
1.906 0.264625659766541
1.907 0.266537950416284
1.908 0.268450241066028
1.909 0.270362531715771
1.91 0.272320357917541
1.911 0.274306093006037
1.912 0.276291828094533
1.913 0.278278280371561
1.914 0.28033573431321
1.915 0.282393188254859
1.916 0.284450642196509
1.917 0.286536093445178
1.918 0.28866354065438
1.919 0.290790987863581
1.92 0.292918435072783
1.921 0.295099813599966
1.922 0.297295528300283
1.923 0.299491243000601
1.924 0.301698928441056
1.925 0.303961147253246
1.926 0.306223366065435
1.927 0.308485584877625
1.928 0.310784658861568
1.929 0.313111535869819
1.93 0.315438412878069
1.931 0.317765289886319
1.932 0.320152456162086
1.933 0.322542134490667
1.934 0.324931812819247
1.935 0.327342821703438
1.936 0.329793444476619
1.937 0.332244067249799
1.938 0.33469469002298
1.939 0.337189037597124
1.94 0.339698747939174
1.941 0.342208458281225
1.942 0.344725608613384
1.943 0.347292549648574
1.944 0.349859490683763
1.945 0.352426431718954
1.946 0.355022165005919
1.947 0.357644475756061
1.948 0.360266786506203
1.949 0.362889097256345
1.95 0.365560031436376
1.951 0.368235774527056
1.952 0.370911517617735
1.953 0.373602688924781
1.954 0.376329859403349
1.955 0.379057029881918
1.956 0.381784200360486
1.957 0.384545470878422
1.958 0.387322061703899
1.959 0.390098652529377
1.96 0.392879039738241
1.961 0.395703085356051
1.962 0.398527130973861
1.963 0.401351176591671
1.964 0.404196643573362
1.965 0.407066266561133
1.966 0.409935889548902
1.967 0.412805512536673
1.968 0.415712727169217
1.969 0.418626061371841
1.97 0.421539395574465
1.971 0.424463191042026
1.972 0.427418370304397
1.973 0.430373549566769
1.974 0.43332872882914
1.975 0.436309494590481
1.976 0.439304652757492
1.977 0.442299810924503
1.978 0.445296112474
1.979 0.448329383390547
1.98 0.451362654307092
1.981 0.454395925223639
1.982 0.457444421342908
1.983 0.460513942742129
1.984 0.46358346414135
1.985 0.466652985540571
1.986 0.469750417185311
1.987 0.472854395677765
1.988 0.475958374170218
1.989 0.479068897221102
1.99 0.482205598505703
1.991 0.485342299790304
1.992 0.488479001074905
1.993 0.491633986699676
1.994 0.494801678391344
1.995 0.497969370083012
1.996 0.501137061774679
1.997 0.504333426327891
1.998 0.507530376041542
1.999 0.510727325755194
2 0.513934459954499
2.001 0.517158935305052
2.002 0.520383410655607
2.003 0.523607886006161
2.004 0.526851964228098
2.005 0.530102232830472
2.006 0.533352501432847
2.007 0.536606379165232
2.008 0.539880708634344
2.009 0.543155038103456
2.01 0.54642936757257
2.011 0.549715753002911
2.012 0.553012408326152
2.013 0.556309063649393
2.014 0.559605718972636
2.015 0.562921505129915
2.016 0.566238731242444
2.017 0.569555957354974
2.018 0.572879201542098
2.019 0.576215234137734
2.02 0.579551266733369
2.021 0.582887299329004
2.022 0.586235431835242
2.023 0.589588506558484
2.024 0.592941581281726
2.025 0.596296183782179
2.026 0.599664536277531
2.027 0.603032888772882
2.028 0.606401241268233
2.029 0.609776215337721
2.03 0.613158081249682
2.031 0.616539947161641
2.032 0.6199218130736
2.033 0.623314018159335
2.034 0.626707633132405
2.035 0.630101248105473
2.036 0.633497558949056
2.037 0.636901158627734
2.038 0.640304758306413
2.039 0.64370835798509
2.04 0.647117383094842
2.041 0.650529203123632
2.042 0.653941023152424
2.043 0.657353164392675
2.044 0.6607714086507
2.045 0.664189652908724
2.046 0.66760789716675
2.047 0.671028104813169
2.048 0.674450811317546
2.049 0.677873517821922
2.05 0.681296224326298
2.051 0.684720961264641
2.052 0.688146114074999
2.053 0.691571266885357
2.054 0.69499651436977
2.055 0.698422097516742
2.056 0.701847680663712
2.057 0.705273263810683
2.058 0.708697879721672
2.059 0.712121877235887
2.06 0.7155458747501
2.061 0.718969872264314
2.062 0.722390268176402
2.063 0.725810664088491
2.064 0.729231060000578
2.065 0.732649265006996
2.066 0.736064043212238
2.067 0.739478821417481
2.068 0.742893599622722
2.069 0.746302411018114
2.07 0.749709539467137
2.071 0.753116667916162
2.072 0.756522145232977
2.073 0.759919561139601
2.074 0.763316977046225
2.075 0.766714392952851
2.076 0.770105212715717
2.077 0.773490849794201
2.078 0.776876486872685
2.079 0.78026212395117
2.08 0.783634609847551
2.081 0.787006403576452
2.082 0.790378197305354
2.083 0.793744649882791
2.084 0.797100734342676
2.085 0.80045681880256
2.086 0.803812903262445
2.087 0.807156433746014
2.088 0.810495320978068
2.089 0.813834208210121
2.09 0.817170858303254
2.091 0.820491102710976
2.092 0.823811347118697
2.093 0.827131591526417
2.094 0.830441590839512
2.095 0.833741746826399
2.096 0.837041902813284
2.097 0.84034205880017
2.098 0.843622834171453
2.099 0.846901456141004
2.1 0.850180078110553
2.101 0.85345203599209
2.102 0.856707678347801
2.103 0.859963320703514
2.104 0.863218963059225
2.105 0.866457996271904
2.106 0.869689213417274
2.107 0.872920430562646
2.108 0.876149836751537
2.109 0.879355183090066
2.11 0.882560529428595
2.111 0.885765875767125
2.112 0.888958656560116
2.113 0.892136686495301
2.114 0.895314716430487
2.115 0.898492746365673
2.116 0.901646312876538
2.117 0.904795562312523
2.118 0.907944811748507
2.119 0.911086780888862
2.12 0.914205695759715
2.121 0.917324610630569
2.122 0.920443525501422
2.123 0.923542333328268
2.124 0.926629332256249
2.125 0.92971633118423
2.126 0.932802660166366
2.127 0.935856161802084
2.128 0.938909663437801
2.129 0.941963165073518
2.13 0.94500228467357
2.131 0.948020708173522
2.132 0.951039131673472
2.133 0.954057555173423
2.134 0.957046651796966
2.135 0.960028416701408
2.136 0.963010181605849
2.137 0.965984681454624
2.138 0.968928209223984
2.139 0.971871736993345
2.14 0.974815264762705
2.141 0.977735804366333
2.142 0.98063969736719
2.143 0.983543590368048
2.144 0.986447483368905
2.145 0.989311892234282
2.146 0.99217507994083
2.147 0.995038267647379
2.148 0.997886428445214
2.149 1.00070787473867
2.15 1.00352932103213
2.151 1.00635076732559
2.152 1.00914013047014
2.153 1.01191879923173
2.154 1.01469746799331
2.155 1.01747000284381
2.156 1.02020485795475
2.157 1.02293971306568
2.158 1.02567456817662
2.159 1.02838565290976
2.16 1.03107565825126
2.161 1.03376566359276
2.162 1.03645566893426
2.163 1.03910347775807
2.164 1.04174761731948
2.165 1.04439175688088
2.166 1.04702145025497
2.167 1.04961898921211
2.168 1.05221652816926
2.169 1.05481406712641
2.17 1.05737861605035
2.171 1.05992902638863
2.172 1.06247943672691
2.173 1.06502555839938
2.174 1.06752831689539
2.175 1.0700310753914
2.176 1.07253383388741
2.177 1.07501346835189
2.178 1.07746805178223
2.179 1.07992263521257
2.18 1.08237721864291
2.181 1.08478943456175
2.182 1.08719531970301
2.183 1.08960120484427
2.184 1.09199429239228
2.185 1.09435095602106
2.186 1.09670761964985
2.187 1.09906428327863
2.188 1.10138861282909
2.189 1.10369553172199
2.19 1.10600245061489
2.191 1.10830735878942
2.192 1.11056400972304
2.193 1.11282066065665
2.194 1.11507731159027
2.195 1.11731212303442
2.196 1.11951798445765
2.197 1.12172384588088
2.198 1.12392970730411
2.199 1.12609360425985
2.2 1.12824828950323
2.201 1.1304029747466
2.202 1.13254688046948
2.203 1.13465023466294
2.204 1.13675358885639
2.205 1.13885694304984
2.206 1.14092941940478
2.207 1.14298131053404
2.208 1.1450332016633
2.209 1.14708509279257
2.21 1.14908590479417
2.211 1.15108620084498
2.212 1.1530864968958
2.213 1.15506713665138
2.214 1.15701570560947
2.215 1.15896427456757
2.216 1.16091284352567
2.217 1.16282148097139
2.218 1.16471819082251
2.219 1.16661490067363
2.22 1.16850329194535
2.221 1.17034801067522
2.222 1.17219272940509
2.223 1.17403744813496
2.224 1.1758534991403
2.225 1.17764609473466
2.226 1.17943869032903
2.227 1.18123128592339
2.228 1.18297476167696
2.229 1.18471510212155
2.23 1.18645544256614
2.231 1.18817849524659
2.232 1.18986644852714
2.233 1.19155440180769
2.234 1.19324235508824
2.235 1.1948924945604
2.236 1.19652792866264
2.237 1.19816336276489
2.238 1.19979300523594
2.239 1.20137578814562
2.24 1.20295857105529
2.241 1.20454135396496
2.242 1.20609774527122
2.243 1.20762774497406
2.244 1.2091577446769
2.245 1.21068774437974
2.246 1.2121706495358
2.247 1.21364773401753
2.248 1.21512481849927
2.249 1.2165870497551
2.25 1.21801108700148
2.251 1.21943512424785
2.252 1.22085916149423
2.253 1.22224756864335
2.254 1.2236184266401
2.255 1.22498928463685
2.256 1.22635694395776
2.257 1.22767449069061
2.258 1.22899203742346
2.259 1.23030958415631
2.26 1.23160309632302
2.261 1.23286723290888
2.262 1.23413136949473
2.263 1.23539550608059
2.264 1.23661481261922
2.265 1.23782558010124
2.266 1.23903634758325
2.267 1.24023485810615
2.268 1.2413923344616
2.269 1.24254981081704
2.27 1.24370728717249
2.271 1.24483177137551
2.272 1.24593603458188
2.273 1.24704029778825
2.274 1.24814402964291
2.275 1.24919515767769
2.276 1.25024628571248
2.277 1.25129741374727
2.278 1.25232731890442
2.279 1.25332538974511
2.28 1.2543234605858
2.281 1.25532153142649
2.282 1.25627774868607
2.283 1.25722284031015
2.284 1.25816793193424
2.285 1.25910350133529
2.286 1.25999569172026
2.287 1.26088788210524
2.288 1.26178007249021
2.289 1.26264215361606
2.29 1.26348152073942
2.291 1.26432088786277
2.292 1.26516025498613
2.293 1.26594898663671
2.294 1.26673560847593
2.295 1.26752223031515
2.296 1.26829041859704
2.297 1.26902437312962
2.298 1.2697583276622
2.299 1.27049228219478
2.3 1.27118732062379
2.301 1.27186868582721
2.302 1.27255005103064
2.303 1.27322458975835
2.304 1.27385344361012
2.305 1.27448229746188
2.306 1.27511115131365
2.307 1.27571273981085
2.308 1.27628916028844
2.309 1.27686558076604
2.31 1.27744200124364
2.311 1.27797077831025
2.312 1.27849484339117
2.313 1.27901890847209
2.314 1.27952729032725
2.315 1.27999907798897
2.316 1.2804708656507
2.317 1.28094265331243
2.318 1.2813784244849
2.319 1.28179801433613
2.32 1.28221760418735
2.321 1.28263303233268
2.322 1.28300060086012
2.323 1.28336816938756
2.324 1.283735737915
2.325 1.28407900967746
2.326 1.28439488296025
2.327 1.28471075624304
2.328 1.28502662952583
2.329 1.28529833633594
2.33 1.28556285325515
2.331 1.28582737017435
2.332 1.28607913272293
2.333 1.28629263215963
2.334 1.28650613159632
2.335 1.28671963103301
2.336 1.28690069616478
2.337 1.28706351700002
2.338 1.28722633783527
2.339 1.28738764847891
2.34 1.28750012959378
2.341 1.28761261070865
2.342 1.28772509182352
2.343 1.28781657258589
2.344 1.28787905286145
2.345 1.28794153313701
2.346 1.28800401341257
2.347 1.28802626750196
2.348 1.28803908581928
2.349 1.2880519041366
2.35 1.28805485783849
2.351 1.28801835307864
2.352 1.2879818483188
2.353 1.28794534355895
2.354 1.28787994049601
2.355 1.28779445556142
2.356 1.28770897062684
2.357 1.28762348569225
2.358 1.28749055177094
2.359 1.28735664950295
2.36 1.28722274723497
2.361 1.28707126059731
2.362 1.28688983300587
2.363 1.28670840541444
2.364 1.286526977823
2.365 1.28631012942335
2.366 1.28608209550531
2.367 1.28585406158727
2.368 1.28561917456977
2.369 1.28534545332199
2.37 1.2850717320742
2.371 1.28479801082641
2.372 1.28450011467886
2.373 1.28418162509818
2.374 1.28386313551749
2.375 1.28354464593681
2.376 1.2831853764736
2.377 1.28282303755687
2.378 1.28246069864014
2.379 1.28208462201486
2.38 1.28167935275894
2.381 1.28127408350301
2.382 1.28086881424708
2.383 1.28043371693809
2.384 1.27998643633982
2.385 1.27953915574154
2.386 1.27908776590872
2.387 1.27859939296496
2.388 1.27811102002119
2.389 1.27762264707743
2.39 1.27711458919283
2.391 1.27658604290043
2.392 1.27605749660802
2.393 1.27552895031562
2.394 1.27496586019364
2.395 1.27439805954945
2.396 1.27383025890525
2.397 1.27325210771522
2.398 1.27264597171609
2.399 1.27203983571696
2.4 1.27143369971783
2.401 1.27080286892235
2.402 1.27015931656513
2.403 1.26951576420791
2.404 1.26887038698263
2.405 1.26819033726417
2.406 1.26751028754572
2.407 1.26683023782726
2.408 1.26613453362848
2.409 1.26541890554564
2.41 1.2647032774628
2.411 1.26398764937996
2.412 1.26324325402207
2.413 1.2624929665717
2.414 1.26174267912133
2.415 1.26098496878941
2.416 1.26020094096836
2.417 1.2594169131473
2.418 1.25863288532625
2.419 1.25782883646716
2.42 1.25701198727228
2.421 1.2561951380774
2.422 1.25537828888252
2.423 1.25452953731066
2.424 1.2536807857388
2.425 1.25283203416694
2.426 1.25197119907682
2.427 1.25109146412484
2.428 1.25021172917285
2.429 1.24933199422087
2.43 1.24842880904992
2.431 1.24751900971466
2.432 1.2466092103794
2.433 1.24569445632844
2.434 1.24475551160676
2.435 1.24381656688507
2.436 1.24287762216338
2.437 1.2419228706646
2.438 1.24095569955523
2.439 1.23998852844587
2.44 1.23902135733651
2.441 1.23802827475325
2.442 1.2370338284082
2.443 1.23603938206316
2.444 1.23503602426525
2.445 1.23401536776474
2.446 1.23299471126422
2.447 1.2319740547637
2.448 1.23093506077002
2.449 1.22988928441585
2.45 1.22884350806169
2.451 1.2277948481613
2.452 1.22672504225531
2.453 1.22565523634932
2.454 1.22458543044333
2.455 1.22350392551985
2.456 1.22241118036386
2.457 1.22131843520787
2.458 1.22022569005188
2.459 1.21911328084254
2.46 1.21799868673837
2.461 1.21688409263421
2.462 1.21576347852261
2.463 1.2146281257721
2.464 1.21349277302159
2.465 1.21235742027108
2.466 1.21120867503907
2.467 1.21005362746282
2.468 1.20889857988656
2.469 1.20774221002079
2.47 1.20656827259419
2.471 1.2053943351676
2.472 1.204220397741
2.473 1.20303807395695
2.474 1.20184590531848
2.475 1.20065373668001
2.476 1.19946156804155
2.477 1.19825446130578
2.478 1.19704471843519
2.479 1.19583497556461
2.48 1.19462117255345
2.481 1.19339451243048
2.482 1.19216785230752
2.483 1.19094119218456
2.484 1.18970428808983
2.485 1.18846136769424
2.486 1.18721844729864
2.487 1.18597521483719
2.488 1.18471669114871
2.489 1.18345816746023
2.49 1.18219964377175
2.491 1.18093499209489
2.492 1.17966152209327
2.493 1.17838805209165
2.494 1.17711458209003
2.495 1.1758296806217
2.496 1.1745419212867
2.497 1.17325416195169
2.498 1.17196381246949
2.499 1.17066242078083
2.5 1.16936102909218
2.501 1.16805963740352
2.502 1.16675071999801
2.503 1.16543635293545
2.504 1.1641219858729
2.505 1.16280761881035
2.506 1.16148130290547
2.507 1.16015461744876
2.508 1.15882793199206
2.509 1.15749704842617
2.51 1.15615870155506
2.511 1.15482035468395
2.512 1.15348200781284
2.513 1.15213540761573
2.514 1.15078605630996
2.515 1.14943670500419
2.516 1.14808590505473
2.517 1.14672620629405
2.518 1.14536650753337
2.519 1.14400680877268
2.52 1.14264197406016
2.521 1.14127258482431
2.522 1.13990319558845
2.523 1.1385338063526
2.524 1.13715610630096
2.525 1.13577768356969
2.526 1.13439926083842
2.527 1.13301824138729
2.528 1.13163144214034
2.529 1.13024464289339
2.53 1.12885784364644
2.531 1.12746564072435
2.532 1.12607112194148
2.533 1.1246766031586
2.534 1.12328144874567
2.535 1.12187986740662
2.536 1.12047828606756
2.537 1.1190767047285
2.538 1.11767204871275
2.539 1.11626406179726
2.54 1.11485607488177
2.541 1.11344808796628
2.542 1.11203509977167
2.543 1.11062136425949
2.544 1.10920762874731
2.545 1.10779256942064
2.546 1.10637374231429
2.547 1.10495491520793
2.548 1.10353608810158
2.549 1.10211442100531
2.55 1.10069122468369
2.551 1.09926802836207
2.552 1.09784469451414
2.553 1.09641806003466
2.554 1.09499142555519
2.555 1.09356479107571
2.556 1.0921370964081
2.557 1.09070799637483
2.558 1.08927889634156
2.559 1.08784979630829
2.56 1.08641947205624
2.561 1.08498887907324
2.562 1.08355828609024
2.563 1.08212758383465
2.564 1.08069647050599
2.565 1.07926535717732
2.566 1.07783424384866
2.567 1.07640340187503
2.568 1.07497274080477
2.569 1.07354207973451
2.57 1.07211141866425
2.571 1.07068216820784
2.572 1.06925293200005
2.573 1.06782369579226
2.574 1.06639537062176
2.575 1.06496853188051
2.576 1.06354169313926
2.577 1.06211485439801
2.578 1.06069061061112
2.579 1.05926714194047
2.58 1.05784367326982
2.581 1.0564208994216
2.582 1.05500177339114
2.583 1.05358264736068
2.584 1.05216352133022
2.585 1.05074728217452
2.586 1.04933340500728
2.587 1.04791952784003
2.588 1.04650565067278
2.589 1.04509736697657
2.59 1.04368944031042
2.591 1.04228151364427
2.592 1.04087576921214
2.593 1.03947445537634
2.594 1.03807314154054
2.595 1.03667182770474
2.596 1.03527575198386
2.597 1.03388171330767
2.598 1.03248767463148
2.599 1.03109450907906
2.6 1.02970840789174
2.601 1.02832230670442
2.602 1.02693620551709
2.603 1.02555440423883
2.604 1.02417690286963
2.605 1.02279940150042
2.606 1.02142190013122
2.607 1.02005264207319
2.608 1.01868440285136
2.609 1.01731616362954
2.61 1.01595070326118
2.611 1.01459238851599
2.612 1.0132340737708
2.613 1.01187575902561
2.614 1.01052453744037
2.615 1.00917680950107
2.616 1.00782908156178
2.617 1.00648202857059
2.618 1.00514554976644
2.619 1.0038090709623
2.62 1.00247259215815
2.621 1.00114147351299
2.622 0.999816906173244
2.623 0.998492338833502
2.624 0.997167771493759
2.625 0.995853766140694
2.626 0.994541772594615
2.627 0.993229779048536
2.628 0.991920828051866
2.629 0.990622062981482
2.63 0.989323297911098
2.631 0.988024532840713
2.632 0.986734224526545
2.633 0.985449099385541
2.634 0.984163974244538
2.635 0.982878986739114
2.636 0.981607625156105
2.637 0.980336263573096
2.638 0.979064901990087
2.639 0.977799088623365
2.64 0.976541597581075
2.641 0.975284106538785
2.642 0.974026615496495
2.643 0.972780166697724
2.644 0.971536653178876
2.645 0.970293139660028
2.646 0.96905216135229
2.647 0.967822732339607
2.648 0.966593303326926
2.649 0.965363874314244
2.65 0.964142534450229
2.651 0.962927296926436
2.652 0.961712059402644
2.653 0.960496821878852
2.654 0.959295310887808
2.655 0.958094371835629
2.656 0.95689343278345
2.657 0.955697535640289
2.658 0.954511002042448
2.659 0.953324468444605
2.66 0.952137934846764
2.661 0.950962140452347
2.662 0.949790119291566
2.663 0.948618098130785
2.664 0.947447977494576
2.665 0.94629057575358
2.666 0.945133174012584
2.667 0.943975772271587
2.668 0.942826028259895
2.669 0.941683352921407
2.67 0.940540677582919
2.671 0.939398002244431
2.672 0.938268825286504
2.673 0.937140983333248
2.674 0.936013141379991
2.675 0.934889781537122
2.676 0.933776879951822
2.677 0.932663978366521
2.678 0.931551076781221
2.679 0.930448557867889
2.68 0.929350703633268
2.681 0.928252849398647
2.682 0.927156207510698
2.683 0.92607350760948
2.684 0.924990807708262
2.685 0.923908107807044
2.686 0.922832580724406
2.687 0.921765142139315
2.688 0.920697703554224
2.689 0.919630264969133
2.69 0.918576043121053
2.691 0.917523972834813
2.692 0.916471902548572
2.693 0.915423701082726
2.694 0.914387106078059
2.695 0.913350511073393
2.696 0.912313916068727
2.697 0.911287293713211
2.698 0.910266280972843
2.699 0.909245268232475
2.7 0.908224726169516
2.701 0.90721940267617
2.702 0.906214079182824
2.703 0.905208755689478
2.704 0.904210066612624
2.705 0.903220539349023
2.706 0.902231012085422
2.707 0.901241484821821
2.708 0.900264839160319
2.709 0.899291215109187
2.71 0.898317591058055
2.711 0.897347168410852
2.712 0.896389551379364
2.713 0.895431934347877
2.714 0.894474317316389
2.715 0.89352613887502
2.716 0.892584519453902
2.717 0.891642900032785
2.718 0.890701280611668
2.719 0.889775191044108
2.72 0.888849418412336
2.721 0.887923645780564
2.722 0.887003677363268
2.723 0.886093591797647
2.724 0.885183506232026
2.725 0.884273420666406
2.726 0.883375135881434
2.727 0.882480577658773
2.728 0.881586019436111
2.729 0.880693766356414
2.73 0.879814575753519
2.731 0.878935385150623
2.732 0.878056194547727
2.733 0.877185216208981
2.734 0.876321233502658
2.735 0.875457250796335
2.736 0.874593268090012
2.737 0.873743280184933
2.738 0.87289434565199
2.739 0.872045411119046
2.74 0.871201240890163
2.741 0.870367194807407
2.742 0.869533148724651
2.743 0.868699102641895
2.744 0.867875513955305
2.745 0.867056196599542
2.746 0.86623687924378
2.747 0.865419018788398
2.748 0.864614270436436
2.749 0.863809522084475
2.75 0.863004773732513
2.751 0.86220708592805
2.752 0.861416746856695
2.753 0.860626407785341
2.754 0.859836068713987
2.755 0.859058269253159
2.756 0.858282179739219
2.757 0.85750609022528
2.758 0.856733804966581
2.759 0.855971805286864
2.76 0.855209805607147
2.761 0.85444780592743
2.762 0.853695000120991
2.763 0.852946930552302
2.764 0.852198860983613
2.765 0.851451479934316
2.766 0.850717180753463
2.767 0.84998288157261
2.768 0.849248582391757
2.769 0.848520271903346
2.77 0.847799583387136
2.771 0.847078894870925
2.772 0.846358206354715
2.773 0.845648682119908
2.774 0.844941444545147
2.775 0.844234206970386
2.776 0.843529893463642
2.777 0.842835947107137
2.778 0.842142000750633
2.779 0.841448054394129
2.78 0.840762118249613
2.781 0.840081303388173
2.782 0.839400488526732
2.783 0.838719673665292
2.784 0.838051830575721
2.785 0.837383987486151
2.786 0.836716144396581
2.787 0.836053298005995
2.788 0.835398266965102
2.789 0.834743235924209
2.79 0.834088204883316
2.791 0.833443042656302
2.792 0.832800663940893
2.793 0.832158285225485
2.794 0.831518030252466
2.795 0.830888144139349
2.796 0.830258258026232
2.797 0.829628371913115
2.798 0.829005392334616
2.799 0.828387839319029
2.8 0.827770286303443
2.801 0.827152733287856
2.802 0.826546826478116
2.803 0.825941532626578
2.804 0.825336238775039
2.805 0.824735161071197
2.806 0.824142267654061
2.807 0.823549374236924
2.808 0.822956480819787
2.809 0.822372767153714
2.81 0.821792448738036
2.811 0.821212130322357
2.812 0.8206333418549
2.813 0.820065773007736
2.814 0.819498204160572
2.815 0.818930635313408
2.816 0.818369657775385
2.817 0.817815013063792
2.818 0.8172603683522
2.819 0.816705723640607
2.82 0.81616286776138
2.821 0.815621321752415
2.822 0.815079775743451
2.823 0.814542078982695
2.824 0.814013806243415
2.825 0.813485533504135
2.826 0.812957260764855
2.827 0.81243813255456
2.828 0.811923307652022
2.829 0.811408482749483
2.83 0.810894611415211
2.831 0.810393408916471
2.832 0.80989220641773
2.833 0.80939100391899
2.834 0.808896128063108
2.835 0.808408679135798
2.836 0.807921230208489
2.837 0.807433781281179
2.838 0.806957987600177
2.839 0.806484250727346
2.84 0.806010513854515
2.841 0.805540047604114
2.842 0.805079938324741
2.843 0.804619829045368
2.844 0.804159719765995
2.845 0.803708142660057
2.846 0.803261576513121
2.847 0.802815010366185
2.848 0.802368713392678
2.849 0.801935605917157
2.85 0.801502498441637
2.851 0.801069390966116
2.852 0.800641766916858
2.853 0.800222033651732
2.854 0.799802300386607
2.855 0.799382567121482
2.856 0.798973465655856
2.857 0.798567022140104
2.858 0.798160578624353
2.859 0.797756644113388
2.86 0.79736340588599
2.861 0.796970167658592
2.862 0.796576929431193
2.863 0.796191301283648
2.864 0.795811183883581
2.865 0.795431066483515
2.866 0.795050949083449
2.867 0.794683476958704
2.868 0.794316395924949
2.869 0.793949314891193
2.87 0.793586896543343
2.871 0.793232767414878
2.872 0.792878638286413
2.873 0.792524509157948
2.874 0.792180030612685
2.875 0.791838768928489
2.876 0.791497507244294
2.877 0.791158035177752
2.878 0.790829556476805
2.879 0.790501077775857
2.88 0.790172599074909
2.881 0.789850850590742
2.882 0.789535070412022
2.883 0.789219290233302
2.884 0.788903510054582
2.885 0.788599334812171
2.886 0.788296168694657
2.887 0.787993002577144
2.888 0.787693720635687
2.889 0.787403084118359
2.89 0.787112447601031
2.891 0.786821811083703
2.892 0.786539886163789
2.893 0.786261694785625
2.894 0.785983503407461
2.895 0.78570642449033
2.896 0.78544059379031
2.897 0.78517476309029
2.898 0.784908932390269
2.899 0.784648994274468
2.9 0.78439543979157
2.901 0.784141885308672
2.902 0.783888330825774
2.903 0.783645383170684
2.904 0.783404020443888
2.905 0.783162657717092
2.906 0.782924442887017
2.907 0.782695187455302
2.908 0.782465932023586
2.909 0.78223667659187
2.91 0.782015236002294
2.911 0.781798003404638
2.912 0.781580770806982
2.913 0.781364015744248
2.914 0.781158721519631
2.915 0.780953427295014
2.916 0.780748133070397
2.917 0.780547936027947
2.918 0.780354495715348
2.919 0.780161055402749
2.92 0.77996761509015
2.921 0.779783825727368
2.922 0.779602154865766
2.923 0.779420484004164
2.924 0.779241266990456
2.925 0.77907128111883
2.926 0.778901295247204
2.927 0.778731309375578
2.928 0.778568283821324
2.929 0.778409898478653
2.93 0.778251513135982
2.931 0.778093127793311
2.932 0.777946143357894
2.933 0.777799274083157
2.934 0.777652404808419
2.935 0.777509879544309
2.936 0.777374441876484
2.937 0.77723900420866
2.938 0.777103566540836
2.939 0.776976866175348
2.94 0.776852775653416
2.941 0.776728685131484
2.942 0.776606396639131
2.943 0.77649356880207
2.944 0.776380740965009
2.945 0.776267913127949
2.946 0.776161233314005
2.947 0.776059583700795
2.948 0.775957934087584
2.949 0.775856284474374
2.95 0.775765062998222
2.951 0.775674507147841
2.952 0.77558395129746
2.953 0.775497028516675
2.954 0.775417481968102
2.955 0.775337935419529
2.956 0.775258388870956
2.957 0.77518670820775
2.958 0.775118086499965
2.959 0.775049464792179
2.96 0.774982035843803
2.961 0.774924257403377
2.962 0.77486647896295
2.963 0.774808700522524
2.964 0.774756310191601
2.965 0.77470930797018
2.966 0.774662305748759
2.967 0.774615303527338
2.968 0.774577836523595
2.969 0.774541548029902
2.97 0.774505259536209
2.971 0.774471953389175
2.972 0.774446316133548
2.973 0.774420678877921
2.974 0.774395041622294
2.975 0.774376498828098
2.976 0.774361450320876
2.977 0.774346401813654
2.978 0.774331984881956
2.979 0.774327462633477
2.98 0.774322940384998
2.981 0.774318418136519
2.982 0.774318604584126
2.983 0.774324546104728
2.984 0.77433048762533
2.985 0.774336429145932
2.986 0.774351107741246
2.987 0.774367450541268
2.988 0.774383793341289
2.989 0.774402514062955
2.99 0.774429195652735
2.991 0.774455877242515
2.992 0.774482558832295
2.993 0.774515611728134
2.994 0.77455256961801
2.995 0.774589527507886
2.996 0.774626587535866
2.997 0.774673759236177
2.998 0.774720930936487
2.999 0.774768102636798
3 0.774819334865418
3.001 0.774876657886501
3.002 0.774933980907585
3.003 0.774991303928668
3.004 0.77505659712633
3.005 0.775124008978525
3.006 0.77519142083072
3.007 0.775260637424376
3.008 0.775338075618021
3.009 0.775415513811666
3.01 0.775492952005311
3.011 0.775576069594475
3.012 0.775663471639908
3.013 0.775750873685341
3.014 0.775838275730774
3.015 0.775935183083848
3.016 0.776032486491407
3.017 0.776129789898966
3.018 0.776230536911888
3.019 0.776337679191913
3.02 0.776444821471937
3.021 0.776551963751961
3.022 0.776666340555259
3.023 0.776783259218086
3.024 0.776900177880913
3.025 0.777018359349849
3.026 0.777144991905818
3.027 0.777271624461786
3.028 0.777398257017755
3.029 0.777529908303533
3.03 0.777666192262982
3.031 0.777802476222431
3.032 0.77793876018188
3.033 0.778083770052903
3.034 0.77822964292617
3.035 0.778375515799436
3.036 0.77852424659995
3.037 0.778679645897373
3.038 0.778835045194797
3.039 0.77899044449222
3.04 0.779152373904445
3.041 0.779317237136363
3.042 0.779482100368281
3.043 0.779647715715786
3.044 0.779821980392538
3.045 0.779996245069289
3.046 0.780170509746041
3.047 0.780349163731723
3.048 0.780532767363646
3.049 0.780716370995569
3.05 0.780899974627492
3.051 0.781091556019754
3.052 0.781284436117187
3.053 0.78147731621462
3.054 0.781672499806015
3.055 0.781874593879297
3.056 0.782076687952578
3.057 0.78227878202586
3.058 0.7824867330503
3.059 0.782697978609768
3.06 0.782909224169236
3.061 0.7831207423986
3.062 0.783341076954593
3.063 0.783561411510586
3.064 0.783781746066579
3.065 0.784005871755455
3.066 0.784235232818311
3.067 0.784464593881168
3.068 0.784693954944024
3.069 0.784930576860814
3.07 0.785168901940872
3.071 0.78540722702093
3.072 0.785647332406497
3.073 0.785894559014095
3.074 0.786141785621693
3.075 0.786389012229291
3.076 0.786641453869237
3.077 0.786897519514714
3.078 0.787153585160191
3.079 0.787409650805668
3.08 0.787674317468397
3.081 0.78793915966209
3.082 0.788204001855784
3.083 0.788472068251143
3.084 0.788745624503391
3.085 0.78901918075564
3.086 0.789292737007888
3.087 0.789572868452496
3.088 0.789855076273638
3.089 0.790137284094779
3.09 0.790420780277806
3.091 0.79071157717818
3.092 0.791002374078554
3.093 0.791293170978928
3.094 0.79158857223767
3.095 0.791887895727614
3.096 0.792187219217558
3.097 0.792486542707502
3.098 0.792793737810361
3.099 0.793101525400214
3.1 0.793409312990066
3.101 0.793719789095198
3.102 0.794035978295297
3.103 0.794352167495397
3.104 0.794668356695496
3.105 0.794990466671211
3.106 0.795314994991895
3.107 0.79563952331258
3.108 0.795964879296357
3.109 0.796297684247965
3.11 0.796630489199573
3.111 0.796963294151182
3.112 0.797300124044034
3.113 0.797641143161447
3.114 0.79798216227886
3.115 0.798323181396274
3.116 0.798671377500343
3.117 0.799020552284411
3.118 0.799369727068479
3.119 0.799721090330607
3.12 0.800078370588973
3.121 0.800435650847339
3.122 0.800792931105705
3.123 0.801155528539535
3.124 0.801520865124361
3.125 0.801886201709187
3.126 0.802251938652943
3.127 0.802625282416391
3.128 0.802998626179839
3.129 0.803371969943286
3.13 0.803748815240279
3.131 0.804130117034511
3.132 0.804511418828743
3.133 0.804892720622976
3.134 0.805280586790053
3.135 0.805669797467231
3.136 0.806059008144408
3.137 0.80644994796331
3.138 0.806847018375596
3.139 0.807244088787882
3.14 0.807641159200168
3.141 0.808042994070688
3.142 0.808447875070245
3.143 0.808852756069801
3.144 0.809257637069357
3.145 0.809670279508345
3.146 0.810082921947333
3.147 0.810495564386321
3.148 0.810911214619031
3.149 0.811331569349614
3.15 0.811751924080196
3.151 0.812172278810779
3.152 0.812598610793491
3.153 0.81302662866783
3.154 0.813454646542169
3.155 0.813883958795814
3.156 0.814319590666071
3.157 0.814755222536328
3.158 0.815190854406585
3.159 0.815630722591767
3.16 0.816073919310105
3.161 0.816517116028442
3.162 0.81696031274678
3.163 0.817410649380348
3.164 0.817861361798928
3.165 0.818312074217507
3.166 0.818765325263905
3.167 0.819223504234889
3.168 0.819681683205873
3.169 0.820139862176857
3.17 0.820603455853175
3.171 0.821069052228726
3.172 0.821534648604277
3.173 0.822001129170636
3.174 0.822474093802915
3.175 0.822947058435194
3.176 0.823420023067473
3.177 0.823896720445287
3.178 0.824377004186456
3.179 0.824857287927626
3.18 0.825337571668796
3.181 0.825824398374913
3.182 0.826311952077135
3.183 0.826799505779357
3.184 0.827289153517412
3.185 0.827783928032849
3.186 0.828278702548286
3.187 0.828773477063723
3.188 0.829273128311616
3.189 0.82977507449243
3.19 0.830277020673244
3.191 0.830779465430286
3.192 0.831288534128638
3.193 0.831797602826991
3.194 0.832306671525344
3.195 0.832818993973759
3.196 0.833335136041812
3.197 0.833851278109865
3.198 0.834367420177918
3.199 0.834889532834555
3.2 0.835412699124471
3.201 0.835935865414387
3.202 0.836460705722069
3.203 0.83699084708601
3.204 0.837520988449951
3.205 0.838051129813892
3.206 0.838585634511331
3.207 0.839122701801458
3.208 0.839659769091586
3.209 0.840196973917281
3.21 0.840740917985758
3.211 0.841284862054234
3.212 0.841828806122712
3.213 0.842375549519698
3.214 0.842926321218686
3.215 0.843477092917673
3.216 0.844027864616661
3.217 0.844584059101788
3.218 0.845141609283449
3.219 0.84569915946511
3.22 0.846257988220389
3.221 0.846822267736885
3.222 0.847386547253381
3.223 0.847950826769877
3.224 0.848518980794831
3.225 0.849089940498324
3.226 0.849660900201817
3.227 0.85023185990531
3.228 0.850809251716788
3.229 0.85138684245944
3.23 0.851964433202092
3.231 0.85254439030559
3.232 0.853128554272814
3.233 0.853712718240039
3.234 0.854296882207263
3.235 0.854885880460697
3.236 0.855476490142868
3.237 0.856067099825039
3.238 0.856658589353267
3.239 0.85725548365013
3.24 0.857852377946993
3.241 0.858449272243855
3.242 0.859049411888921
3.243 0.859652429484278
3.244 0.860255447079637
3.245 0.860858464674994
3.246 0.861466967294066
3.247 0.862075946871722
3.248 0.862684926449379
3.249 0.863295704233526
3.25 0.863910484477282
3.251 0.864525264721039
3.252 0.865140044964795
3.253 0.865758772753484
3.254 0.866379192347145
3.255 0.866999611940805
3.256 0.867620524557499
3.257 0.868246422184866
3.258 0.868872319812233
3.259 0.8694982174396
3.26 0.870126667091372
3.261 0.870757881436249
3.262 0.871389095781126
3.263 0.872020310126003
3.264 0.872656009670022
3.265 0.873292379416211
3.266 0.8739287491624
3.267 0.874566417370719
3.268 0.875207781202024
3.269 0.875849145033329
3.27 0.876490508864633
3.271 0.877135013995735
3.272 0.877781210595958
3.273 0.878427407196182
3.274 0.879073790654514
3.275 0.879724658707458
3.276 0.880375526760403
3.277 0.881026394813348
3.278 0.881679202224998
3.279 0.882334580414467
3.28 0.882989958603936
3.281 0.883645336793405
3.282 0.884304281015542
3.283 0.884964008025338
3.284 0.885623735035134
3.285 0.886284341420797
3.286 0.886948255934723
3.287 0.887612170448649
3.288 0.888276084962576
3.289 0.888942415189262
3.29 0.889610355891121
3.291 0.89027829659298
3.292 0.89094623729484
3.293 0.891618004219718
3.294 0.892289809793313
3.295 0.892961615366909
3.296 0.893634828291609
3.297 0.894310337420744
3.298 0.894985846549878
3.299 0.895661355679012
3.3 0.89633959233244
3.301 0.897018643700916
3.302 0.897697695069392
3.303 0.898377287385571
3.304 0.899059719677193
3.305 0.899742151968814
3.306 0.900424584260435
3.307 0.901108787335877
3.308 0.901794439234446
3.309 0.902480091133015
3.31 0.903165743031584
3.311 0.903854269723458
3.312 0.904542979912778
3.313 0.905231690102097
3.314 0.905921356293019
3.315 0.906612963456892
3.316 0.907304570620766
3.317 0.907996177784639
3.318 0.908689754622529
3.319 0.909384097444758
3.32 0.910078440266988
3.321 0.910773066266855
3.322 0.911469983431244
3.323 0.912166900595633
3.324 0.912863817760023
3.325 0.913561941437393
3.326 0.914261271627745
3.327 0.914960601818096
3.328 0.915659932008448
3.329 0.916361266220491
3.33 0.917062848120609
3.331 0.917764430020726
3.332 0.918466598081251
3.333 0.919170273411396
3.334 0.91987394874154
3.335 0.920577624071685
3.336 0.921282632859111
3.337 0.921988298424003
3.338 0.922693963988895
3.339 0.923399745653419
3.34 0.924107346212184
3.341 0.92481494677095
3.342 0.925522547329715
3.343 0.926230994498164
3.344 0.926940476411784
3.345 0.927649958325403
3.346 0.928359440239022
3.347 0.929070457433942
3.348 0.929781767063396
3.349 0.93049307669285
3.35 0.931204794359971
3.351 0.93191787806624
3.352 0.932630961772509
3.353 0.933344045478778
3.354 0.93405819585648
3.355 0.934773000000545
3.356 0.93548780414461
3.357 0.936202624956664
3.358 0.936919095899505
3.359 0.937635566842347
3.36 0.938352037785189
3.361 0.939069153991934
3.362 0.939787238094533
3.363 0.940505322197132
3.364 0.941223406299731
3.365 0.941942722423714
3.366 0.942662366047051
3.367 0.943382009670388
3.368 0.944101924352435
3.369 0.944823073857491
3.37 0.945544223362548
3.371 0.946265372867604
3.372 0.946987350150999
3.373 0.947709951898755
3.374 0.94843255364651
3.375 0.949155155394266
3.376 0.949879099801555
3.377 0.950603100152991
3.378 0.951327100504427
3.379 0.952051571593494
3.38 0.952776916909591
3.381 0.953502262225688
3.382 0.954227607541785
3.383 0.954953908438857
3.384 0.955680545080595
3.385 0.956407181722334
3.386 0.957133979263334
3.387 0.957861853591695
3.388 0.958589727920056
3.389 0.959317602248418
3.39 0.960046092281533
3.391 0.960775150657497
3.392 0.961504209033461
3.393 0.962233267409425
3.394 0.962963354457201
3.395 0.963693543241749
3.396 0.964423732026296
3.397 0.965154243841714
3.398 0.965885509395826
3.399 0.966616774949939
3.4 0.967348040504051
3.401 0.96808001201824
3.402 0.968812300702898
3.403 0.969544589387556
3.404 0.970276955631536
3.405 0.97101021380772
3.406 0.971743471983903
3.407 0.972476730160087
3.408 0.973210418786948
3.409 0.973944592815639
3.41 0.974678766844329
3.411 0.975412940873019
3.412 0.976147854746895
3.413 0.976882889060685
3.414 0.977617923374474
3.415 0.978353134305021
3.416 0.979088875085841
3.417 0.97982461586666
3.418 0.98056035664748
3.419 0.98129635959046
3.42 0.982032509999656
3.421 0.982768660408852
3.422 0.983504813863341
3.423 0.984241065782294
3.424 0.984977317701247
3.425 0.9857135696202
3.426 0.986449734763431
3.427 0.987185780073523
3.428 0.987921825383614
3.429 0.988657870693706
3.43 0.989393499074538
3.431 0.990129029657149
3.432 0.99086456023976
3.433 0.991599926253151
3.434 0.992334633989662
3.435 0.993069341726173
3.436 0.993804049462684
3.437 0.994538089930011
3.438 0.995271666701804
3.439 0.996005243473596
3.44 0.996738820245389
3.441 0.997470986715511
3.442 0.998203124403966
3.443 0.998935262092421
3.444 0.999666753316153
3.445 1.00039714380265
3.446 1.00112753428915
3.447 1.00185792477565
3.448 1.00258675321851
3.449 1.00331508838443
3.45 1.00404342355036
3.451 1.0047714042004
3.452 1.00549737592713
3.453 1.00622334765386
3.454 1.00694931938058
3.455 1.00767385356074
3.456 1.0083971631642
3.457 1.00912047276765
3.458 1.0098437823711
3.459 1.01056442777309
3.46 1.01128487264379
3.461 1.01200531751449
3.462 1.01272479878194
3.463 1.01344223239251
3.464 1.01415966600308
3.465 1.01487709961365
3.466 1.01559229169355
3.467 1.01630656821867
3.468 1.0170208447438
3.469 1.01773479097785
3.47 1.01844576459221
3.471 1.01915673820657
3.472 1.01986771182093
3.473 1.02057699555462
3.474 1.0212845204329
3.475 1.02199204531118
3.476 1.02269957018947
3.477 1.02340393185372
3.478 1.02410786217061
3.479 1.0248117924875
3.48 1.02551471289998
3.481 1.02621490283015
3.482 1.02691509276033
3.483 1.0276152826905
3.484 1.02831290772074
3.485 1.02900921143888
3.486 1.02970551515703
3.487 1.03040161727331
3.488 1.03109388895411
3.489 1.03178616063492
3.49 1.03247843231572
3.491 1.03316886573695
3.492 1.03385695955509
3.493 1.03454505337323
3.494 1.03523314719137
3.495 1.03591765234849
3.496 1.03660142247865
3.497 1.03728519260881
3.498 1.03796797944605
3.499 1.03864728006292
3.5 1.03932658067978
3.501 1.04000588129665
3.502 1.04068236655697
3.503 1.04135705183522
3.504 1.04203173711348
3.505 1.04270642239173
3.506 1.04337634650606
3.507 1.04404627062038
3.508 1.04471619473471
3.509 1.04538420512323
3.51 1.04604922224831
3.511 1.04671423937339
3.512 1.04737925649847
3.513 1.0480403324282
3.514 1.04870029673872
3.515 1.04936026104924
3.516 1.05001934159098
3.517 1.05067410726162
3.518 1.05132887293226
3.519 1.05198363860291
3.52 1.05263541137304
3.521 1.05328483257849
3.522 1.05393425378393
3.523 1.05458367498938
3.524 1.05522788041884
3.525 1.05587181133378
3.526 1.05651574224871
3.527 1.05715775688427
3.528 1.05779605168337
3.529 1.05843434648248
3.53 1.05907264128159
3.531 1.05970671526366
3.532 1.06033922812162
3.533 1.06097174097958
3.534 1.06160354250557
3.535 1.06223012759707
3.536 1.06285671268858
3.537 1.06348329778008
3.538 1.06410678533978
3.539 1.0647272968395
3.54 1.06534780833922
3.541 1.06596831983895
3.542 1.06658323386329
3.543 1.06719752594591
3.544 1.06781181802854
3.545 1.06842426419087
3.546 1.06903219103109
3.547 1.06964011787131
3.548 1.07024804471153
3.549 1.07085154402569
3.55 1.07145295979818
3.551 1.07205437557067
3.552 1.07265532536065
3.553 1.0732500842401
3.554 1.07384484311954
3.555 1.07443960199899
3.556 1.07503123162799
3.557 1.07561918778908
3.558 1.07620714395016
3.559 1.07679510011125
3.56 1.07737715001021
3.561 1.07795815762761
3.562 1.07853916524502
3.563 1.07911847021387
3.564 1.07969238346228
3.565 1.08026629671069
3.566 1.08084020995911
3.567 1.0814095618851
3.568 1.08197623493921
3.569 1.08254290799331
3.57 1.08310943332702
3.571 1.0836687203615
3.572 1.08422800739597
3.573 1.08478729443045
3.574 1.085343500195
3.575 1.08589527193697
3.576 1.08644704367894
3.577 1.08699881542091
3.578 1.08754453042525
3.579 1.08808873124519
3.58 1.08863293206512
3.581 1.08917568773018
3.582 1.0897122824718
3.583 1.09024887721342
3.584 1.09078547195504
3.585 1.09131763478107
3.586 1.09184658828893
3.587 1.09237554179678
3.588 1.09290449530463
3.589 1.09342600271494
3.59 1.09394727983357
3.591 1.0944685569522
3.592 1.09498705791474
3.593 1.09550062348869
3.594 1.09601418906264
3.595 1.09652775463658
3.596 1.09703551018543
3.597 1.09754132905924
3.598 1.09804714793304
3.599 1.09855187734707
3.6 1.09904991436529
3.601 1.0995479513835
3.602 1.10004598840172
3.603 1.10053988240408
3.604 1.10103010241124
3.605 1.1015203224184
3.606 1.10201054242557
3.607 1.10249353843955
3.608 1.10297590628021
3.609 1.10345827412087
3.61 1.10393819689173
3.611 1.10441267741042
3.612 1.10488715792912
3.613 1.10536163844781
3.614 1.10583057323232
3.615 1.1062971312736
3.616 1.10676368931488
3.617 1.1072295311692
3.618 1.1076881315776
3.619 1.10814673198601
3.62 1.10860533239441
3.621 1.10906009626441
3.622 1.10951070388449
3.623 1.10996131150456
3.624 1.11041191912463
3.625 1.11085554243361
3.626 1.1112981221099
3.627 1.11174070178619
3.628 1.11218118505667
3.629 1.11261570163371
3.63 1.11305021821075
3.631 1.1134847347878
3.632 1.11391398749928
3.633 1.11434040582163
3.634 1.11476682414397
3.635 1.11519291712991
3.636 1.1156112020421
3.637 1.11602948695428
3.638 1.11644777186647
3.639 1.11686254429545
3.64 1.11727266064202
3.641 1.1176827769886
3.642 1.11809289333518
3.643 1.11849628263048
3.644 1.11889819525598
3.645 1.11930010788149
3.646 1.11970029034293
3.647 1.12009396409191
3.648 1.12048763784089
3.649 1.12088131158988
3.65 1.12127002091967
3.651 1.12165542063667
3.652 1.12204082035368
3.653 1.12242622007068
3.654 1.12280339369212
3.655 1.12318048422168
3.656 1.12355757475125
3.657 1.12393149443052
3.658 1.12430024061719
3.659 1.12466898680386
3.66 1.12503773299054
3.661 1.12540002696348
3.662 1.1257603936518
3.663 1.12612076034012
3.664 1.12647978068383
3.665 1.12683173271835
3.666 1.12718368475287
3.667 1.1275356367874
3.668 1.12788294142682
3.669 1.12822644365208
3.67 1.12856994587733
3.671 1.12891344810258
3.672 1.12924897446101
3.673 1.12958399172155
3.674 1.12991900898209
3.675 1.13025121460297
3.676 1.13057771174333
3.677 1.1309042088837
3.678 1.13123070602406
3.679 1.13155104336597
3.68 1.13186898523071
3.681 1.13218692709544
3.682 1.13250392401276
3.683 1.13281327544641
3.684 1.13312262688006
3.685 1.13343197831371
3.686 1.13373701695408
3.687 1.13403774280119
3.688 1.13433846864829
3.689 1.1346391944954
3.69 1.13493221228212
3.691 1.13522427738723
3.692 1.13551634249233
3.693 1.13580597274615
3.694 1.13608934195381
3.695 1.13637271116146
3.696 1.13665608036911
3.697 1.13693359977132
3.698 1.13720823792606
3.699 1.13748287608079
3.7 1.13775698826303
3.701 1.13802286020941
3.702 1.13828873215578
3.703 1.13855460410215
3.704 1.13881651543481
3.705 1.13907358601736
3.706 1.1393306565999
3.707 1.13958772718245
3.708 1.13983737508881
3.709 1.14008560915208
3.71 1.14033384321535
3.711 1.14058003680055
3.712 1.14081939922003
3.713 1.1410587616395
3.714 1.14129812405898
3.715 1.14153197937833
3.716 1.14176245937824
3.717 1.14199293937816
3.718 1.14222333112618
3.719 1.1424449859368
3.72 1.14266664074742
3.721 1.14288829555804
3.722 1.14310644789745
3.723 1.14331934653005
3.724 1.14353224516265
3.725 1.14374514379524
3.726 1.1439511795661
3.727 1.14415539103194
3.728 1.14435960249777
3.729 1.14456226269562
3.73 1.14475785600597
3.731 1.14495344931631
3.732 1.14514904262666
3.733 1.1453397629248
3.734 1.14552680709092
3.735 1.14571385125704
3.736 1.14590089542317
3.737 1.14607979866165
3.738 1.14625836269481
3.739 1.14643692672797
3.74 1.14661254686854
3.741 1.14678269978002
3.742 1.14695285269149
3.743 1.14712300560296
3.744 1.14728698535272
3.745 1.14744879615377
3.746 1.14761060695482
3.747 1.14777134225298
3.748 1.14792487995487
3.749 1.14807841765677
3.75 1.14823195535866
3.751 1.14838122693485
3.752 1.14852656054885
3.753 1.14867189416286
3.754 1.14881722777686
3.755 1.14895515847114
3.756 1.14909235700852
3.757 1.1492295555459
3.758 1.14936433426368
3.759 1.1494934667357
3.76 1.14962259920773
3.761 1.14975173167975
3.762 1.14987534618446
3.763 1.1499964816024
3.764 1.15011761702034
3.765 1.15023811819485
3.766 1.15035132556997
3.767 1.15046453294508
3.768 1.1505777403202
3.769 1.15068725395048
3.77 1.15079260229405
3.771 1.15089795063761
3.772 1.15100329898117
3.773 1.15110194790729
3.774 1.15119950623056
3.775 1.15129706455383
3.776 1.15139269262485
3.777 1.15148252993911
3.778 1.15157236725336
3.779 1.15166220456762
3.78 1.15174714460331
3.781 1.15182932991981
3.782 1.15191151523631
3.783 1.15199347306322
3.784 1.15206807539323
3.785 1.15214267772325
3.786 1.15221728005326
3.787 1.15228872651368
3.788 1.15235581486848
3.789 1.15242290322327
3.79 1.15248999157807
3.791 1.15255104951206
3.792 1.15261069290291
3.793 1.15267033629375
3.794 1.15272850449406
3.795 1.15278077193222
3.796 1.15283303937038
3.797 1.15288530680854
3.798 1.15293326315126
3.799 1.152978223648
3.8 1.15302318414474
3.801 1.15306814464149
3.802 1.15310601196668
3.803 1.15314373453326
3.804 1.15318145709985
3.805 1.15321652716645
3.806 1.15324708081416
3.807 1.15327763446186
3.808 1.15330818810957
3.809 1.15333334582749
3.81 1.15335679956758
3.811 1.15338025330766
3.812 1.1534026524133
3.813 1.15341907525704
3.814 1.15343549810077
3.815 1.15345192094451
3.816 1.1534645843703
3.817 1.15347404532896
3.818 1.15348350628762
3.819 1.15349296724627
3.82 1.15349601783228
3.821 1.15349858591712
3.822 1.15350115400196
3.823 1.15350153845078
3.824 1.15349728267307
3.825 1.15349302689536
3.826 1.15348877111766
3.827 1.15347971939554
3.828 1.15346870876654
3.829 1.15345769813755
3.83 1.15344601892456
3.831 1.15342832245555
3.832 1.15341062598655
3.833 1.15339292951754
3.834 1.15337199080245
3.835 1.15334767750469
3.836 1.15332336420694
3.837 1.15329905090918
3.838 1.15326897553205
3.839 1.15323811441681
3.84 1.15320725330158
3.841 1.15317464290867
3.842 1.15313730298722
3.843 1.15309996306577
3.844 1.15306262314432
3.845 1.15302105275821
3.846 1.15297730304181
3.847 1.15293355332542
3.848 1.15288948656984
3.849 1.15283939606976
3.85 1.15278930556969
3.851 1.15273921506961
3.852 1.15268636498968
3.853 1.15263000271719
3.854 1.1525736404447
3.855 1.15251727817221
3.856 1.1524557676286
3.857 1.15239320261983
3.858 1.15233063761105
3.859 1.15226672500059
3.86 1.15219803452962
3.861 1.15212934405865
3.862 1.15206065358768
3.863 1.15198828598939
3.864 1.15191356744085
3.865 1.15183884889231
3.866 1.15176413034377
3.867 1.15168348411351
3.868 1.15160283788325
3.869 1.151522191653
3.87 1.15143927278125
3.871 1.15135279926512
3.872 1.151266325749
3.873 1.15117985223287
3.874 1.15108891174252
3.875 1.15099671133637
3.876 1.15090451093022
3.877 1.15081135402007
3.878 1.15071352711975
3.879 1.15061570021943
3.88 1.15051787331911
3.881 1.15041695180373
3.882 1.15031359880509
3.883 1.15021024580644
3.884 1.1501068928078
3.885 1.14999838539181
3.886 1.14988960669069
3.887 1.14978082798958
3.888 1.14967023868421
3.889 1.14955613467647
3.89 1.14944203066872
3.891 1.14932792666098
3.892 1.14921000846837
3.893 1.14909067954986
3.894 1.14897135063134
3.895 1.14885140677104
3.896 1.14872695333759
3.897 1.14860249990414
3.898 1.1484780464707
3.899 1.14835103073652
3.9 1.148221553184
3.901 1.14809207563148
3.902 1.14796259807896
3.903 1.14782868917554
3.904 1.14769428789979
3.905 1.14755988662404
3.906 1.14742408658335
3.907 1.14728486198022
3.908 1.14714563737709
3.909 1.14700641277396
3.91 1.14686397657739
3.911 1.14672002904273
3.912 1.14657608150807
3.913 1.14643181039592
3.914 1.14628324032558
3.915 1.14613467025523
3.916 1.14598610018489
3.917 1.14583544993023
3.918 1.14568235772006
3.919 1.14552926550988
3.92 1.14537617329971
3.921 1.14521932260715
3.922 1.14506180865299
3.923 1.14490429469884
3.924 1.14474574362113
3.925 1.14458390831884
3.926 1.14442207301654
3.927 1.14426023771425
3.928 1.14409574321202
3.929 1.14392968695744
3.93 1.14376363070286
3.931 1.14359749203716
3.932 1.14342731522615
3.933 1.14325713841513
3.934 1.14308696160412
3.935 1.14291513652726
3.936 1.14274093955567
3.937 1.14256674258407
3.938 1.14239254561247
3.939 1.14221521282908
3.94 1.14203709609274
3.941 1.1418589793564
3.942 1.14168013693997
3.943 1.14149820083474
3.944 1.14131626472951
3.945 1.14113432862429
3.946 1.14095023551469
3.947 1.14076458043643
3.948 1.14057892535816
3.949 1.14039327027989
3.95 1.14020410518174
3.951 1.14001483152628
3.952 1.13982555787082
3.953 1.13963501767008
3.954 1.13944222583328
3.955 1.13924943399648
3.956 1.13905664215968
3.957 1.13886128698376
3.958 1.13866507736146
3.959 1.13846886773916
3.96 1.13827219368232
3.961 1.13807266667038
3.962 1.13787313965844
3.963 1.1376736126465
3.964 1.13747238062785
3.965 1.13726963662212
3.966 1.13706689261638
3.967 1.13686414861065
3.968 1.1366585373348
3.969 1.13645267673112
3.97 1.13624681612744
3.971 1.13604002050111
3.972 1.13583114369533
3.973 1.13562226688955
3.974 1.13541339008377
3.975 1.13520247221362
3.976 1.1349906796016
3.977 1.13477888698957
3.978 1.13456684099061
3.979 1.13435223296819
3.98 1.13413762494576
3.981 1.13392301692334
3.982 1.13370710569393
3.983 1.13348978265696
3.984 1.13327245961998
3.985 1.13305513658301
3.986 1.13283553882776
3.987 1.13261560117209
3.988 1.13239566351641
3.989 1.13217507216279
3.99 1.13195262028427
3.991 1.13173016840574
3.992 1.13150771652721
3.993 1.13128369566113
3.994 1.1310588299556
3.995 1.13083396425007
3.996 1.13060900600729
3.997 1.13038182687061
3.998 1.13015464773392
3.999 1.12992746859724
4 1.12969933782483
4.001 1.12946994558179
4.002 1.12924055333876
4.003 1.12901116109573
4.004 1.12878002609134
4.005 1.12854850852959
4.006 1.12831699096784
4.007 1.12808503989157
4.008 1.12785145797493
4.009 1.1276178760583
4.01 1.12738429414166
4.011 1.12714950811567
4.012 1.12691391935011
4.013 1.12667833058454
4.014 1.12644274181898
4.015 1.12620522320386
4.016 1.12596768509531
4.017 1.12573014698676
4.018 1.12549188998014
4.019 1.12525246003455
4.02 1.12501303008897
4.021 1.12477360014338
4.022 1.12453275776286
4.023 1.12429149348619
4.024 1.12405022920952
4.025 1.12380868064083
4.026 1.12356563953902
4.027 1.12332259843722
4.028 1.12307955733541
4.029 1.12283557060805
4.03 1.12259081018706
4.031 1.12234604976606
4.032 1.12210128934507
4.033 1.12185496681963
4.034 1.1216085445854
4.035 1.12136212235117
4.036 1.12111517069553
4.037 1.120867144154
4.038 1.12061911761247
4.039 1.12037109107095
4.04 1.12012195083246
4.041 1.11987237748959
4.042 1.11962280414673
4.043 1.11937306698137
4.044 1.11912200434311
4.045 1.11887094170485
4.046 1.11861987906659
4.047 1.11836810053361
4.048 1.1181156061059
4.049 1.1178631116782
4.05 1.1176106172505
4.051 1.11735689971049
4.052 1.11710303099929
4.053 1.11684916228809
4.054 1.11659492487918
4.055 1.11633973939044
4.056 1.11608455390169
4.057 1.11582936841295
4.058 1.11557333921223
4.059 1.11531689445189
4.06 1.11506044969155
4.061 1.11480393282527
4.062 1.11454628629928
4.063 1.11428863977329
4.064 1.1140309932473
4.065 1.11377283180445
4.066 1.11351404101876
4.067 1.11325525023307
4.068 1.11299645944738
4.069 1.11273675578854
4.07 1.1124768782491
4.071 1.11221700070966
4.072 1.11195688644322
4.073 1.11169597965598
4.074 1.11143507286874
4.075 1.11117416608149
4.076 1.1109126568143
4.077 1.11065077828521
4.078 1.11038889975611
4.079 1.11012701208466
4.08 1.10986421931966
4.081 1.10960142655466
4.082 1.10933863378966
4.083 1.10907549833268
4.084 1.10881184883772
4.085 1.10854819934277
4.086 1.10828454984781
4.087 1.10802026896589
4.088 1.10775582024693
4.089 1.10749137152797
4.09 1.10722678929976
4.091 1.10696159886273
4.092 1.10669640842571
4.093 1.10643121798869
4.094 1.10616563755077
4.095 1.10589976290164
4.096 1.10563388825251
4.097 1.10536801360338
4.098 1.10510153731634
4.099 1.10483503596106
4.1 1.10456853460577
4.101 1.1043018340304
4.102 1.1040347634749
4.103 1.1037676929194
4.104 1.1035006223639
4.105 1.10323317315465
4.106 1.10296559090488
4.107 1.10269800865512
4.108 1.10243036736088
4.109 1.10216233092281
4.11 1.10189429448473
4.111 1.10162625804666
4.112 1.10135801533375
4.113 1.10108958221331
4.114 1.10082114909287
4.115 1.10055271597243
4.116 1.10028397420145
4.117 1.1000152019046
4.118 1.09974642960774
4.119 1.09947757280974
4.12 1.09920851884242
4.121 1.09893946487509
4.122 1.09867041090777
4.123 1.09840120226693
4.124 1.09813192413509
4.125 1.09786264600324
4.126 1.09759335453872
4.127 1.09732390974831
4.128 1.0970544649579
4.129 1.09678502016749
4.13 1.09651552407535
4.131 1.09624597013232
4.132 1.09597641618928
4.133 1.09570686224625
4.134 1.09543726388708
4.135 1.09516765829738
4.136 1.09489805270768
4.137 1.09462844858279
4.138 1.09435884885237
4.139 1.09408924912195
4.14 1.09381964939152
4.141 1.09355009021484
4.142 1.09328055384964
4.143 1.09301101748444
4.144 1.09274148474324
4.145 1.09247206917784
4.146 1.09220265361244
4.147 1.09193323804704
4.148 1.09166389410612
4.149 1.0913946490752
4.15 1.09112540404428
4.151 1.09085615901336
4.152 1.09058708067538
4.153 1.09031804143823
4.154 1.09004900220107
4.155 1.0897800108549
4.156 1.08951121107263
4.157 1.08924241129036
4.158 1.08897361150809
4.159 1.08870497286426
4.16 1.088436446198
4.161 1.08816791953173
4.162 1.08789939286547
4.163 1.08763116684077
4.164 1.08736294695162
4.165 1.08709472706247
4.166 1.08682663313547
4.167 1.08655875368455
4.168 1.08629087423364
4.169 1.08602299478272
4.17 1.08575539964731
4.171 1.08548789429575
4.172 1.08522038894418
4.173 1.08495294475668
4.174 1.08468584716558
4.175 1.08441874957448
4.176 1.08415165198338
4.177 1.08388479275993
4.178 1.08361813659041
4.179 1.08335148042089
4.18 1.08308482425138
4.181 1.08281860990876
4.182 1.08255242882194
4.183 1.08228624773512
4.184 1.08202022944632
4.185 1.08175455710331
4.186 1.0814888847603
4.187 1.08122321241729
4.188 1.08095792518178
4.189 1.08069279524371
4.19 1.08042766530563
4.191 1.08016259297416
4.192 1.07989803910212
4.193 1.07963348523009
4.194 1.07936893135806
4.195 1.07910467625233
4.196 1.07884073210746
4.197 1.07857678796259
4.198 1.07831284381772
4.199 1.07804946585454
4.2 1.07778616509795
4.201 1.07752286434135
4.202 1.0772597463881
4.203 1.07699712268089
4.204 1.07673449897369
4.205 1.07647187526649
4.206 1.07620972062822
4.207 1.07594780763153
4.208 1.07568589463485
4.209 1.07542401885674
4.21 1.07516285023167
4.211 1.07490168160661
4.212 1.07464051298155
4.213 1.07437968669089
4.214 1.07411929609857
4.215 1.07385890550625
4.216 1.07359851491392
4.217 1.0733387980275
4.218 1.07307921912904
4.219 1.07281964023057
4.22 1.0725602473102
4.221 1.07230151376671
4.222 1.07204278022322
4.223 1.07178404667973
4.224 1.07152584933606
4.225 1.07126799480865
4.226 1.07101014028125
4.227 1.07075228575385
4.228 1.07049534390365
4.229 1.07023840205346
4.23 1.06998146020326
4.231 1.06972488742501
4.232 1.06946889191314
4.233 1.06921289640126
4.234 1.06895690088939
4.235 1.06870166977708
4.236 1.06844665426465
4.237 1.06819163875221
4.238 1.06793679556207
4.239 1.06768279371019
4.24 1.06742879185831
4.241 1.06717479000643
4.242 1.06692137465468
4.243 1.06666842012447
4.244 1.06641546559425
4.245 1.06616251106404
4.246 1.06591058346747
4.247 1.06565870992005
4.248 1.06540683637262
4.249 1.06515534180412
4.25 1.0649045829006
4.251 1.06465382399707
4.252 1.06440306509355
4.253 1.06415314445269
4.254 1.06390353385419
4.255 1.06365392325568
4.256 1.06340445449312
4.257 1.06315602586074
4.258 1.06290759722837
4.259 1.06265916859599
4.26 1.06241135993352
4.261 1.0621641469284
4.262 1.06191693392327
4.263 1.06166972091815
4.264 1.06142363227256
4.265 1.0611776685558
4.266 1.06093170483905
4.267 1.06068611317764
4.268 1.06044143241037
4.269 1.0601967516431
4.27 1.05995207087583
4.271 1.05970828540376
4.272 1.05946492124708
4.273 1.05922155709041
4.274 1.05897828745275
4.275 1.05873627356779
4.276 1.05849425968282
4.277 1.05825224579786
4.278 1.058010868522
4.279 1.05777023856987
4.28 1.05752960861774
4.281 1.05728897866561
4.282 1.05704955366833
4.283 1.05681034131015
4.284 1.05657112895196
4.285 1.05633226489499
4.286 1.05609450379187
4.287 1.05585674268874
4.288 1.05561898158562
4.289 1.05538215591262
4.29 1.05514587961922
4.291 1.05490960332581
4.292 1.05467335724606
4.293 1.05443859163522
4.294 1.05420382602437
4.295 1.05396906041352
4.296 1.05373491957616
4.297 1.0535016778031
4.298 1.05326843603004
4.299 1.05303519425698
4.3 1.05280318112269
4.301 1.05257147514809
4.302 1.05233976917349
4.303 1.05210835727313
4.304 1.05187819905766
4.305 1.05164804084219
4.306 1.05141788262673
4.307 1.05118862904875
4.308 1.05096003055308
4.309 1.05073143205742
4.31 1.05050283356176
4.311 1.05027575959616
4.312 1.05004873278098
4.313 1.0498217059658
4.314 1.04959524926143
4.315 1.0493698060874
4.316 1.04914436291337
4.317 1.04891891973934
4.318 1.04869467326667
4.319 1.04847082569447
4.32 1.04824697812226
4.321 1.0480233556088
4.322 1.04780111559909
4.323 1.04757887558938
4.324 1.04735663557966
4.325 1.04713525391723
4.326 1.04691463343069
4.327 1.04669401294415
4.328 1.0464733924576
4.329 1.0462542729362
4.33 1.0460352839335
4.331 1.0458162949308
4.332 1.0455978153959
4.333 1.04538046983772
4.334 1.04516312427953
4.335 1.04494577872135
4.336 1.04472959194679
4.337 1.04451390179379
4.338 1.0442982116408
4.339 1.04408267155073
4.34 1.04386864876359
4.341 1.04365462597646
4.342 1.04344060318932
4.343 1.04322738647892
4.344 1.04301504301832
4.345 1.04280269955771
4.346 1.04259035609711
4.347 1.04237948405638
4.348 1.04216883188298
4.349 1.04195817970958
4.35 1.04174797038063
4.351 1.04153902145511
4.352 1.04133007252959
4.353 1.04112112360407
4.354 1.04091328956411
4.355 1.04070605584714
4.356 1.04049882213018
4.357 1.04029165749998
4.358 1.04008615095224
4.359 1.0398806444045
4.36 1.03967513785675
4.361 1.03947037913487
4.362 1.03926661171702
4.363 1.03906284429917
4.364 1.03885907688132
4.365 1.03865674535774
4.366 1.03845472903047
4.367 1.03825271270319
4.368 1.03805106661667
4.369 1.03785081334064
4.37 1.03765056006461
4.371 1.03745030678857
4.372 1.03725111851969
4.373 1.03705264025557
4.374 1.03685416199145
4.375 1.03665568372733
4.376 1.03645897456607
4.377 1.03626228327454
4.378 1.03606559198301
4.379 1.03586958428612
4.38 1.03567469192785
4.381 1.03547979956957
4.382 1.0352849072113
4.383 1.03509140924136
4.384 1.03489832777702
4.385 1.03470524631268
4.386 1.03451245650508
4.387 1.03432119789535
4.388 1.03412993928562
4.389 1.03393868067589
4.39 1.03374843121456
4.391 1.03355900742011
4.392 1.03336958362566
4.393 1.03318015983121
4.394 1.03299247200615
4.395 1.03280489498765
4.396 1.03261731796915
4.397 1.03243035433373
4.398 1.03224463605186
4.399 1.03205891776998
4.4 1.03187319948811
4.401 1.03168882810828
4.402 1.0315049805237
4.403 1.03132113293913
4.404 1.03113749244692
4.405 1.03095552752031
4.406 1.0307735625937
4.407 1.03059159766709
4.408 1.03041058004981
4.409 1.03023050974184
4.41 1.03005043943387
4.411 1.02987036912591
4.412 1.02969199567353
4.413 1.02951383194488
4.414 1.02933566821623
4.415 1.02915804167877
4.416 1.02898179649011
4.417 1.02880555130145
4.418 1.02862930611279
4.419 1.02845435435957
4.42 1.02828003967157
4.421 1.02810572498356
4.422 1.02793152684324
4.423 1.02775915461657
4.424 1.0275867823899
4.425 1.02741441016324
4.426 1.02724291742647
4.427 1.02707249962181
4.428 1.02690208181715
4.429 1.02673166401249
4.43 1.02656289796927
4.431 1.02639444654729
4.432 1.02622599512531
4.433 1.02605799867591
4.434 1.02589152539558
4.435 1.02572505211526
4.436 1.02555857883493
4.437 1.02539333286695
4.438 1.02522883912267
4.439 1.02506434537839
4.44 1.02489987129202
4.441 1.02473734333945
4.442 1.02457481538687
4.443 1.0244122874343
4.444 1.02425053982078
4.445 1.02408996271587
4.446 1.02392938561096
4.447 1.02376880850604
4.448 1.02360976076499
4.449 1.0234511195637
4.45 1.02329247836242
4.451 1.02313418293385
4.452 1.02297746269216
4.453 1.02282074245046
4.454 1.02266402220876
4.455 1.02250838839593
4.456 1.02235357416978
4.457 1.02219875994364
4.458 1.0220439457175
4.459 1.02189094692
4.46 1.02173802376537
4.461 1.02158510061074
4.462 1.02143283410073
4.463 1.02128178707357
4.464 1.02113074004642
4.465 1.02097969301926
4.466 1.02083002326785
4.467 1.02068083742414
4.468 1.02053165158042
4.469 1.02038270574783
4.47 1.02023536614352
4.471 1.0200880265392
4.472 1.01994068693489
4.473 1.01979429960417
4.474 1.01964879129522
4.475 1.01950328298627
4.476 1.01935777467733
4.477 1.01921391924808
4.478 1.01907022729046
4.479 1.01892653533284
4.48 1.0187833837974
4.481 1.01864149324707
4.482 1.01849960269674
4.483 1.0183577121464
4.484 1.01821705425571
4.485 1.01807695016863
4.486 1.01793684608155
4.487 1.01779688371601
4.488 1.01765855114814
4.489 1.01752021858028
4.49 1.01738188601241
4.491 1.01724437903487
4.492 1.01710780304218
4.493 1.01697122704949
4.494 1.0168346510568
4.495 1.01669957286689
4.496 1.01656473850533
4.497 1.01642990414378
4.498 1.01629550145401
4.499 1.01616239377956
4.5 1.01602928610511
4.501 1.01589617843066
4.502 1.01576416627177
4.503 1.01563277034038
4.504 1.015501374409
4.505 1.01537002938158
4.506 1.01524033024922
4.507 1.01511063111686
4.508 1.01498093198451
4.509 1.01485193923124
4.51 1.01472392195387
4.511 1.0145959046765
4.512 1.01446788739913
4.513 1.01434122031963
4.514 1.01421486995321
4.515 1.01408851958679
4.516 1.01396249961376
4.517 1.01383780121425
4.518 1.01371310281474
4.519 1.01358840441524
4.52 1.01346467185923
4.521 1.0133416104826
4.522 1.01321854910597
4.523 1.01309548772934
4.524 1.01297401598998
4.525 1.01285257669219
4.526 1.0127311373944
4.527 1.01261029273648
4.528 1.0124904605735
4.529 1.01237062841051
4.53 1.01225079624752
4.531 1.01213217414951
4.532 1.01201393417728
4.533 1.01189569420505
4.534 1.01177769081984
4.535 1.01166102809434
4.536 1.01154436536884
4.537 1.01142770264334
4.538 1.01131188356129
4.539 1.01119678313848
4.54 1.01108168271567
4.541 1.01096658229286
4.542 1.01085292091359
4.543 1.01073936784943
4.544 1.01062581478527
4.545 1.01051275209379
4.546 1.01040073144424
4.547 1.01028871079469
4.548 1.01017669014515
4.549 1.01006574689971
4.55 1.00995524372074
4.551 1.00984474054177
4.552 1.00973438761546
4.553 1.00962538696302
4.554 1.00951638631059
4.555 1.00940738565816
4.556 1.00929911392115
4.557 1.00919160085122
4.558 1.00908408778129
4.559 1.00897657471136
4.56 1.00887035756328
4.561 1.00876431713181
4.562 1.00865827670034
4.563 1.00855262984637
4.564 1.00844804710933
4.565 1.00834346437229
4.566 1.00823888163524
4.567 1.00813525111346
4.568 1.0080321111268
4.569 1.00792897114015
4.57 1.00782590254381
4.571 1.00772419036351
4.572 1.00762247818321
4.573 1.00752076600291
4.574 1.00741967548202
4.575 1.00731937616404
4.576 1.00721907684605
4.577 1.00711877752806
4.578 1.00701963841591
4.579 1.00692073693628
4.58 1.00682183545665
4.581 1.00672323752277
4.582 1.00662571579655
4.583 1.00652819407032
4.584 1.0064306723441
4.585 1.00633397882604
4.586 1.00623781481811
4.587 1.00614165081019
4.588 1.00604548680227
4.589 1.00595065821618
4.59 1.00585582963008
4.591 1.00576100104399
4.592 1.00566668457678
4.593 1.00557316911605
4.594 1.00547965365531
4.595 1.00538613819457
4.596 1.00529362958036
4.597 1.00520140494851
4.598 1.00510918031665
4.599 1.0050171713353
4.6 1.00492621523585
4.601 1.00483525913641
4.602 1.00474430303696
4.603 1.00465404482963
4.604 1.00456433496612
4.605 1.0044746251026
4.606 1.00438491523909
4.607 1.00429636811806
4.608 1.004207882194
4.609 1.00411939626995
4.61 1.00403131890451
4.611 1.00394403462343
4.612 1.00385675034236
4.613 1.00376946606129
4.614 1.00368304270317
4.615 1.00359693776862
4.616 1.00351083283406
4.617 1.00342486674551
4.618 1.00333991886099
4.619 1.00325497097647
4.62 1.00317002309195
4.621 1.00308565393175
4.622 1.0030018408008
4.623 1.00291802766984
4.624 1.00283421453889
4.625 1.00275140261931
4.626 1.00266870194545
4.627 1.00258600127158
4.628 1.0025036167443
4.629 1.00242200623105
4.63 1.00234039571781
4.631 1.00225878520456
4.632 1.00217790083893
4.633 1.00209735818983
4.634 1.00201681554073
4.635 1.00193634608136
4.636 1.00185684899992
4.637 1.00177735191848
4.638 1.00169785483705
4.639 1.00161882846036
4.64 1.00154035465012
4.641 1.00146188083988
4.642 1.00138340702965
4.643 1.00130578404792
4.644 1.0012283112124
4.645 1.00115083837688
4.646 1.00107360042414
4.647 1.00099710626687
4.648 1.0009206121096
4.649 1.00084411795233
4.65 1.00076822631558
4.651 1.00069268854008
4.652 1.00061715076458
4.653 1.00054163167079
4.654 1.00046702798059
4.655 1.00039242429039
4.656 1.0003178206002
4.657 1.00024359074342
4.658 1.00016989884205
4.659 1.00009620694068
4.66 1.0000225150393
4.661 0.999949534731815
4.662 0.999876732322796
4.663 0.999803929913777
4.664 0.999731292271974
4.665 0.999659357058833
4.666 0.999587421845692
4.667 0.999515486632551
4.668 0.999444041461065
4.669 0.999372951147328
4.67 0.999301860833592
4.671 0.999230770519855
4.672 0.999160478130961
4.673 0.999090210420156
4.674 0.99901994270935
4.675 0.998949963108868
4.676 0.998880495704519
4.677 0.99881102830017
4.678 0.99874156089582
4.679 0.998672676998958
4.68 0.998603987604592
4.681 0.998535298210226
4.682 0.998466714615751
4.683 0.998398780934894
4.684 0.998330847254037
4.685 0.99826291357318
4.686 0.998195368603351
4.687 0.998128168339529
4.688 0.998060968075708
4.689 0.997993767811886
4.69 0.99792722177898
4.691 0.99786073263572
4.692 0.997794243492459
4.693 0.997727967884665
4.694 0.997662167565493
4.695 0.99759636724632
4.696 0.997530566927147
4.697 0.997465233177304
4.698 0.997400099385744
4.699 0.997334965594185
4.7 0.997269889783428
4.701 0.997205400223009
4.702 0.997140910662589
4.703 0.99707642110217
4.704 0.99701223007039
4.705 0.996948362444637
4.706 0.996884494818883
4.707 0.99682062719313
4.708 0.996757281252604
4.709 0.996694013265042
4.71 0.996630745277481
4.711 0.996567627398767
4.712 0.996504936752924
4.713 0.99644224610708
4.714 0.996379555461237
4.715 0.996317225594803
4.716 0.996255089994205
4.717 0.996192954393606
4.718 0.996130840102959
4.719 0.996069237251131
4.72 0.996007634399303
4.721 0.995946031547475
4.722 0.995884648167458
4.723 0.995823555715191
4.724 0.995762463262924
4.725 0.995701370810657
4.726 0.995640677281879
4.727 0.995580071321672
4.728 0.995519465361466
4.729 0.995458956170555
4.73 0.995398811016519
4.731 0.995338665862484
4.732 0.995278520708449
4.733 0.995218636568387
4.734 0.99515892643764
4.735 0.995099216306893
4.736 0.995039506176146
4.737 0.994980201193399
4.738 0.994920900303057
4.739 0.994861599412714
4.74 0.99480244423623
4.741 0.994743526803408
4.742 0.994684609370586
4.743 0.994625691937764
4.744 0.994567049914413
4.745 0.994508490156228
4.746 0.994449930398043
4.747 0.994391423742539
4.748 0.994333195876107
4.749 0.994274968009675
4.75 0.994216740143243
4.751 0.99415868063669
4.752 0.994100758879127
4.753 0.994042837121564
4.754 0.993984915364002
4.755 0.993927257112866
4.756 0.993869615681289
4.757 0.993811974249712
4.758 0.993754416817358
4.759 0.993697029928883
4.76 0.993639643040408
4.761 0.993582256151933
4.762 0.993525033970815
4.763 0.993467875842558
4.764 0.993410717714302
4.765 0.993353581913551
4.766 0.993296626762629
4.767 0.993239671611706
4.768 0.993182716460783
4.769 0.993125849907086
4.77 0.993069071950614
4.771 0.993012293994142
4.772 0.99295551603767
4.773 0.992898872837492
4.774 0.992842246292586
4.775 0.992785619747681
4.776 0.992729028378807
4.777 0.992672527462585
4.778 0.992616026546362
4.779 0.99255952563014
4.78 0.992503091610603
4.781 0.99244669054018
4.782 0.992390289469757
4.783 0.992333892843108
4.784 0.992277565835601
4.785 0.992221238828094
4.786 0.992164911820586
4.787 0.992108606539093
4.788 0.992052327811617
4.789 0.991996049084141
4.79 0.991939770356665
4.791 0.991883510526793
4.792 0.991827254296466
4.793 0.991770998066138
4.794 0.99171474108009
4.795 0.991658481564027
4.796 0.991602222047963
4.797 0.991545962531899
4.798 0.991489684993291
4.799 0.991433396408608
4.8 0.991377107823925
4.801 0.991320818690726
4.802 0.99126447525454
4.803 0.991208131818353
4.804 0.991151788382167
4.805 0.991095412692226
4.806 0.991038988621652
4.807 0.990982564551078
4.808 0.990926140480504
4.809 0.990869632340287
4.81 0.990813101852442
4.811 0.990756571364598
4.812 0.990700017080725
4.813 0.990643354392726
4.814 0.990586691704727
4.815 0.990530029016728
4.816 0.990473276278397
4.817 0.990416455607359
4.818 0.990359634936321
4.819 0.990302814265284
4.82 0.990245817178961
4.821 0.990188812742001
4.822 0.990131808305041
4.823 0.990074730525999
4.824 0.990017516540233
4.825 0.989960302554468
4.826 0.989903088568702
4.827 0.989845700437486
4.828 0.989788251120031
4.829 0.989730801802576
4.83 0.989673318540226
4.831 0.989615608108197
4.832 0.989557897676169
4.833 0.98950018724414
4.834 0.989442327625433
4.835 0.989384330295947
4.836 0.989326332966461
4.837 0.989268335636975
4.838 0.989210053768378
4.839 0.989151743758552
4.84 0.989093433748725
4.841 0.98903502219993
4.842 0.988976373726879
4.843 0.988917725253827
4.844 0.988859076780775
4.845 0.988800176977909
4.846 0.988741164258748
4.847 0.988682151539588
4.848 0.988623107618109
4.849 0.988563704869956
4.85 0.988504302121804
4.851 0.988444899373651
4.852 0.988385301193917
4.853 0.988325482633888
4.854 0.98826566407386
4.855 0.988205845513832
4.856 0.98814564718231
4.857 0.988085387027522
4.858 0.988025126872733
4.859 0.987964749873534
4.86 0.987904022341102
4.861 0.98784329480867
4.862 0.987782567276238
4.863 0.987721524121069
4.864 0.98766030342811
4.865 0.987599082735151
4.866 0.987537846497643
4.867 0.98747610765305
4.868 0.987414368808456
4.869 0.987352629963863
4.87 0.987290670783492
4.871 0.987228407329905
4.872 0.987166143876318
4.873 0.987103880422731
4.874 0.987041201964481
4.875 0.986978426159458
4.876 0.986915650354435
4.877 0.98685277469624
4.878 0.986789499625353
4.879 0.986726224554466
4.88 0.986662949483579
4.881 0.986599387566319
4.882 0.986535626315139
4.883 0.986471865063959
4.884 0.986408103812779
4.885 0.98634387892877
4.886 0.986279644582868
4.887 0.986215410236965
4.888 0.986151005687676
4.889 0.986086311332622
4.89 0.986021616977569
4.891 0.985956922622515
4.892 0.98589188860554
4.893 0.985826747326906
4.894 0.985761606048272
4.895 0.985696399693937
4.896 0.985630824577293
4.897 0.985565249460649
4.898 0.985499674344006
4.899 0.985433872021046
4.9 0.985367876151964
4.901 0.985301880282882
4.902 0.985235884413801
4.903 0.985169509414532
4.904 0.985103105878583
4.905 0.985036702342634
4.906 0.984970172540671
4.907 0.984903374423425
4.908 0.98483657630618
4.909 0.984769778188934
4.91 0.984702709209724
4.911 0.984635529596753
4.912 0.984568349983783
4.913 0.984501133529796
4.914 0.984433585506671
4.915 0.984366037483546
4.916 0.984298489460421
4.917 0.98423076732825
4.918 0.984162863980542
4.919 0.984094960632833
4.92 0.984027057285125
4.921 0.983958852767086
4.922 0.983890607180365
4.923 0.983822361593645
4.924 0.983754027135495
4.925 0.983685452395333
4.926 0.983616877655171
4.927 0.983548302915009
4.928 0.983479519570053
4.929 0.98341062876202
4.93 0.983341737953988
4.931 0.98327283199684
4.932 0.983203638206509
4.933 0.983134444416177
4.934 0.983065250625846
4.935 0.982995929280954
4.936 0.982926445593894
4.937 0.982856961906834
4.938 0.982787478219774
4.939 0.982717764779454
4.94 0.982648004281236
4.941 0.982578243783019
4.942 0.982508425265173
4.943 0.982438401041369
4.944 0.982368376817566
4.945 0.982298352593762
4.946 0.982228175479549
4.947 0.98215790061573
4.948 0.982087625751911
4.949 0.982017350888092
4.95 0.981946838469829
4.951 0.981876326051566
4.952 0.981805813633303
4.953 0.981735213672179
4.954 0.981664476785042
4.955 0.981593739897906
4.956 0.981523003010769
4.957 0.981452101244657
4.958 0.981381152974218
4.959 0.981310204703779
4.96 0.981239222722726
4.961 0.981168076154556
4.962 0.981096929586385
4.963 0.981025783018215
4.964 0.980954532731235
4.965 0.980883200950905
4.966 0.980811869170574
4.967 0.980740537390244
4.968 0.980669042089653
4.969 0.980597538182733
4.97 0.980526034275813
4.971 0.980454476294947
4.972 0.980382813347009
4.973 0.98031115039907
4.974 0.980239487451132
4.975 0.980167717955717
4.976 0.980095909052332
4.977 0.980024100148946
4.978 0.979952275301176
4.979 0.979880333527914
4.98 0.979808391754652
4.981 0.97973644998139
4.982 0.979664447118133
4.983 0.979592385560565
4.984 0.979520324002998
4.985 0.979448262445431
4.986 0.979376104859003
4.987 0.979303936602701
4.988 0.9792317683464
4.989 0.979159572942281
4.99 0.979087311072816
4.991 0.979015049203351
4.992 0.978942787333887
4.993 0.978870470705659
4.994 0.978798128308602
4.995 0.978725785911544
4.996 0.978653438793545
4.997 0.978581028954467
4.998 0.978508619115388
4.999 0.978436209276309
5 0.978363774433264
5.001 0.978291310237735
5.002 0.978218846042206
5.003 0.978146381846677
5.004 0.978073882570901
5.005 0.978001377104493
5.006 0.977928871638084
5.007 0.977856359407202
5.008 0.977783825755485
5.009 0.977711292103769
5.01 0.977638758452052
5.011 0.977566215635115
5.012 0.977493667435429
5.013 0.977421119235742
5.014 0.977348571226779
5.015 0.977276032563235
5.016 0.977203493899692
5.017 0.977130955236148
5.018 0.977058434183869
5.019 0.976985938474629
5.02 0.976913442765389
5.021 0.97684094705615
5.022 0.976768512707553
5.023 0.976696093699117
5.024 0.976623674690681
5.025 0.976551276667233
5.026 0.976478968106101
5.027 0.976406659544969
5.028 0.976334350983837
5.029 0.976262126055112
5.03 0.976189961687783
5.031 0.976117797320455
5.032 0.976045632953127
5.033 0.975973641187893
5.034 0.975901654760868
5.035 0.975829668333844
5.036 0.975757758114068
5.037 0.975685983373847
5.038 0.975614208633626
5.039 0.975542433893405
5.04 0.975470843228161
5.041 0.975399313921243
5.042 0.975327784614325
5.043 0.97525629439258
5.044 0.975185044265465
5.045 0.975113794138351
5.046 0.975042544011236
5.047 0.974971459735062
5.048 0.974900522534251
5.049 0.974829585333439
5.05 0.974758648132628
5.051 0.974688029870795
5.052 0.974617439342787
5.053 0.974546848814779
5.054 0.974476376216754
5.055 0.974406166108048
5.056 0.974335955999343
5.057 0.974265745890637
5.058 0.974195825697993
5.059 0.97412602975509
5.06 0.974056233812188
5.061 0.973986478181392
5.062 0.973917130150792
5.063 0.973847782120191
5.064 0.973778434089591
5.065 0.973709317255216
5.066 0.973640450883418
5.067 0.973571584511621
5.068 0.973502718139823
5.069 0.973434300170638
5.07 0.973365949204143
5.071 0.973297598237647
5.072 0.973229390050621
5.073 0.973161588235928
5.074 0.973093786421235
5.075 0.973025984606542
5.076 0.972958561675745
5.077 0.972891342759354
5.078 0.972824123842963
5.079 0.972756929592364
5.08 0.972690327320776
5.081 0.972623725049187
5.082 0.972557122777598
5.083 0.972490800174269
5.084 0.972424848293982
5.085 0.972358896413695
5.086 0.972292944533409
5.087 0.972227553646119
5.088 0.972162285903634
5.089 0.972097018161148
5.09 0.972031901174366
5.091 0.971967351316183
5.092 0.971902801458
5.093 0.971838251599816
5.094 0.971774152720114
5.095 0.971710354492732
5.096 0.97164655626535
5.097 0.971582758037968
5.098 0.971519737334114
5.099 0.971456724484034
5.1 0.971393711633954
5.101 0.971331010050918
5.102 0.971268816324639
5.103 0.971206622598359
5.104 0.97114442887208
5.105 0.971082891855933
5.106 0.971021550999955
5.107 0.970960210143977
5.108 0.970899011146688
5.109 0.970838556907511
5.11 0.970778102668334
5.111 0.970717648429157
5.112 0.970657700389795
5.113 0.97059816651392
5.114 0.970538632638044
5.115 0.970479098762169
5.116 0.970420461749505
5.117 0.97036188198343
5.118 0.970303302217355
5.119 0.97024504844386
5.12 0.970187456534085
5.121 0.970129864624311
5.122 0.970072272714537
5.123 0.970015416358779
5.124 0.969958846051805
5.125 0.969902275744831
5.126 0.96984582152628
5.127 0.969790306568607
5.128 0.969734791610934
5.129 0.969679276653261
5.13 0.969624306243488
5.131 0.969569880381615
5.132 0.969515454519742
5.133 0.969461028657869
5.134 0.969407602125643
5.135 0.969354299106071
5.136 0.969300996086498
5.137 0.96924801691179
5.138 0.969195870481017
5.139 0.969143724050245
5.14 0.969091577619472
5.141 0.969040228713351
5.142 0.968989272617878
5.143 0.968938316522406
5.144 0.968887433871842
5.145 0.968837701858169
5.146 0.968787969844496
5.147 0.968738237830824
5.148 0.968689071839886
5.149 0.968640597654513
5.15 0.96859212346914
5.151 0.968543649283768
5.152 0.968496260021227
5.153 0.968449077410653
5.154 0.96840189480008
5.155 0.968355016726388
5.156 0.968309158189211
5.157 0.968263299652033
5.158 0.968217441114856
5.159 0.968172411605586
5.16 0.968127890210195
5.161 0.968083368814805
5.162 0.968038860767968
5.163 0.967995674228008
5.164 0.967952487688048
5.165 0.967909301148087
5.166 0.967866647468305
5.167 0.967824793078791
5.168 0.967782938689276
5.169 0.967741084299762
5.17 0.967700280172163
5.171 0.967659755228111
5.172 0.967619230284059
5.173 0.967578944153294
5.174 0.96753974594972
5.175 0.967500547746146
5.176 0.967461349542573
5.177 0.967422906039231
5.178 0.967385031871151
5.179 0.967347157703072
5.18 0.967309283534992
5.181 0.967272677844203
5.182 0.967236125006634
5.183 0.967199572169065
5.184 0.96716348085043
5.185 0.967128246638387
5.186 0.967093012426345
5.187 0.967057778214302
5.188 0.967023517783461
5.189 0.96698959949196
5.19 0.966955681200459
5.191 0.966921933626982
5.192 0.966889328551039
5.193 0.966856723475097
5.194 0.966824118399155
5.195 0.966792194788712
5.196 0.966760900223344
5.197 0.966729605657977
5.198 0.966698311092609
5.199 0.966668206630329
5.2 0.966638219870551
5.201 0.966608233110774
5.202 0.966578637881179
5.203 0.966549956222008
5.204 0.966521274562837
5.205 0.966492592903666
5.206 0.966464809897475
5.207 0.966437430633926
5.208 0.966410051370378
5.209 0.96638277608208
5.21 0.96635669650917
5.211 0.96633061693626
5.212 0.96630453736335
5.213 0.966279067373698
5.214 0.966254284786442
5.215 0.966229502199186
5.216 0.966204719611931
5.217 0.966181050106052
5.218 0.966157561799467
5.219 0.966134073492882
5.22 0.966110908080218
5.221 0.96608871134932
5.222 0.966066514618421
5.223 0.966044317887523
5.224 0.966022946033874
5.225 0.966002038173677
5.226 0.965981130313481
5.227 0.965960261038257
5.228 0.965940639343779
5.229 0.965921017649302
5.23 0.965901395954824
5.231 0.965882313313855
5.232 0.965863975080112
5.233 0.965845636846369
5.234 0.965827298612626
5.235 0.965809997791041
5.236 0.965792940313049
5.237 0.965775882835056
5.238 0.965759080967217
5.239 0.965743301539991
5.24 0.965727522112765
5.241 0.96571174268554
5.242 0.965696715712325
5.243 0.965682211630882
5.244 0.965667707549438
5.245 0.965653203467995
5.246 0.965639946574534
5.247 0.96562671513389
5.248 0.965613483693245
5.249 0.965600722128852
5.25 0.965588760624022
5.251 0.965576799119192
5.252 0.965564837614362
5.253 0.965553839204964
5.254 0.965543144930964
5.255 0.965532450656965
5.256 0.965521946061843
5.257 0.96551251631369
5.258 0.965503086565537
5.259 0.965493656817384
5.26 0.965484908452497
5.261 0.965476740525207
5.262 0.965468572597917
5.263 0.965460404670627
5.264 0.965453407721105
5.265 0.965446498909694
5.266 0.965439590098283
5.267 0.965433083338358
5.268 0.965427430937841
5.269 0.965421778537324
5.27 0.965416126136808
5.271 0.965411363867488
5.272 0.965406965172882
5.273 0.965402566478276
5.274 0.965398292883763
5.275 0.965395145190084
5.276 0.965391997496405
5.277 0.965388849802726
5.278 0.965386313774059
5.279 0.965384414376323
5.28 0.965382514978587
5.281 0.96538061558085
5.282 0.965379812303158
5.283 0.96537915849638
5.284 0.965378504689603
5.285 0.965378186462038
5.286 0.965378775541236
5.287 0.965379364620433
5.288 0.96537995369963
5.289 0.965381361298281
5.29 0.96538319055847
5.291 0.965385019818658
5.292 0.965386910952647
5.293 0.965389977688842
5.294 0.965393044425037
5.295 0.965396111161232
5.296 0.965399721196677
5.297 0.965404022703894
5.298 0.965408324211112
5.299 0.96541262571833
5.3 0.965417949178116
5.301 0.965423481953489
5.302 0.965429014728861
5.303 0.965434815334794
5.304 0.965441565521802
5.305 0.96544831570881
5.306 0.965455065895819
5.307 0.965462545841033
5.308 0.965470492352969
5.309 0.965478438864906
5.31 0.965486385376842
5.311 0.965495506979165
5.312 0.965504628581488
5.313 0.965513750183812
5.314 0.965523321789915
5.315 0.965533597248086
5.316 0.965543872706256
5.317 0.965554148164427
5.318 0.965565307067215
5.319 0.965576715146692
5.32 0.965588123226168
5.321 0.965599720241394
5.322 0.965612239707636
5.323 0.965624759173877
5.324 0.965637278640119
5.325 0.965650408591606
5.326 0.965664018210073
5.327 0.96567762782854
5.328 0.965691237447007
5.329 0.965705862537273
5.33 0.965720541073424
5.331 0.965735219609575
5.332 0.965750254357994
5.333 0.965765980577288
5.334 0.965781706796582
5.335 0.965797433015877
5.336 0.965813908542651
5.337 0.965830661210548
5.338 0.965847413878445
5.339 0.96586428717203
5.34 0.96588204505399
5.341 0.965899802935949
5.342 0.965917560817909
5.343 0.965935820529425
5.344 0.965954562390906
5.345 0.965973304252387
5.346 0.965992046113869
5.347 0.966011654445833
5.348 0.966031359052295
5.349 0.966051063658758
5.35 0.966071041303248
5.351 0.966091687420151
5.352 0.966112333537053
5.353 0.966132979653956
5.354 0.966154251558471
5.355 0.966175817951274
5.356 0.966197384344076
5.357 0.966219013669774
5.358 0.966241479103936
5.359 0.966263944538098
5.36 0.96628640997226
5.361 0.966309279197559
5.362 0.96633262243854
5.363 0.96635596567952
5.364 0.966379308920501
5.365 0.966403380247918
5.366 0.966427580061177
5.367 0.966451779874435
5.368 0.966476180168751
5.369 0.966501215319747
5.37 0.966526250470743
5.371 0.966551285621739
5.372 0.966576833657749
5.373 0.966602682911942
5.374 0.966628532166134
5.375 0.9666543972777
5.376 0.966681039400549
5.377 0.966707681523398
5.378 0.966734323646247
5.379 0.966761282139083
5.38 0.966788695896048
5.381 0.966816109653012
5.382 0.966843523409976
5.383 0.966871537486601
5.384 0.96689970164314
5.385 0.96692786579968
5.386 0.966956168497576
5.387 0.96698506181915
5.388 0.967013955140723
5.389 0.967042848462297
5.39 0.967072152383557
5.391 0.967101753635624
5.392 0.967131354887691
5.393 0.967160956139758
5.394 0.9671912234869
5.395 0.96722151143492
5.396 0.967251799382941
5.397 0.96728232689707
5.398 0.967313280306502
5.399 0.967344233715935
5.4 0.967375187125368
5.401 0.967406623704955
5.402 0.967438221341259
5.403 0.967469818977564
5.404 0.967501503832795
5.405 0.967533724461431
5.406 0.967565945090066
5.407 0.967598165718702
5.408 0.967630705278967
5.409 0.967663527665393
5.41 0.96769635005182
5.411 0.967729172438246
5.412 0.967762528906062
5.413 0.967795931815738
5.414 0.967829334725414
5.415 0.967862911014591
5.416 0.967896873212976
5.417 0.967930835411362
5.418 0.967964797609747
5.419 0.967999136446051
5.42 0.968033636698606
5.421 0.96806813695116
5.422 0.968102683717481
5.423 0.968137700789664
5.424 0.968172717861846
5.425 0.968207734934028
5.426 0.968242989887052
5.427 0.968278502544322
5.428 0.968314015201592
5.429 0.968349527858862
5.43 0.968385453201108
5.431 0.968421440208925
5.432 0.968457427216742
5.433 0.96849353203472
5.434 0.968529972158543
5.435 0.968566412282365
5.436 0.968602852406188
5.437 0.968639573252964
5.438 0.968676445258252
5.439 0.968713317263541
5.44 0.968750205694706
5.441 0.96878748834692
5.442 0.968824770999134
5.443 0.968862053651347
5.444 0.96889950411525
5.445 0.968937177027206
5.446 0.968974849939163
5.447 0.969012522851119
5.448 0.969050506654114
5.449 0.969088558701484
5.45 0.969126610748854
5.451 0.969164741277298
5.452 0.969203167044071
5.453 0.969241592810844
5.454 0.969280018577617
5.455 0.969318665376707
5.456 0.969357459530676
5.457 0.969396253684645
5.458 0.969435047838614
5.459 0.969474201417022
5.46 0.969513358625979
5.461 0.969552515834936
5.462 0.969591808978551
5.463 0.969631323910289
5.464 0.969670838842028
5.465 0.969710353773767
5.466 0.969750140046248
5.467 0.96979000736856
5.468 0.969829874690873
5.469 0.969869797542524
5.47 0.969910011923203
5.471 0.969950226303882
5.472 0.969990440684561
5.473 0.970030843014627
5.474 0.970071399121466
5.475 0.970111955228304
5.476 0.970152511335143
5.477 0.970193383652296
5.478 0.970234276153086
5.479 0.970275168653876
5.48 0.970316170405041
5.481 0.970357393967576
5.482 0.970398617530111
5.483 0.970439841092646
5.484 0.970481299180448
5.485 0.97052284847252
5.486 0.970564397764592
5.487 0.97060598230037
5.488 0.970647851989772
5.489 0.970689721679174
5.49 0.970731591368576
5.491 0.970773618590539
5.492 0.970815803345064
5.493 0.970857988099589
5.494 0.970900172854113
5.495 0.970942633270932
5.496 0.970985127758372
5.497 0.971027622245812
5.498 0.97107020196545
5.499 0.971113000853598
5.5 0.971155799741746
5.501 0.971198598629893
5.502 0.971241597893936
5.503 0.971284695850585
5.504 0.971327793807233
5.505 0.971370909388059
5.506 0.971414301081001
5.507 0.971457692773943
5.508 0.971501084466884
5.509 0.971544605941664
5.51 0.971588286038692
5.511 0.97163196613572
5.512 0.971675646232748
5.513 0.971719564110153
5.514 0.971763527279059
5.515 0.971807490447965
5.516 0.971851517496996
5.517 0.971895758405573
5.518 0.971939999314151
5.519 0.971984240222729
5.52 0.972028650023934
5.521 0.972073163339975
5.522 0.972117676656017
5.523 0.972162192642811
5.524 0.972206973034109
5.525 0.972251753425407
5.526 0.972296533816705
5.527 0.972341418905223
5.528 0.97238646103957
5.529 0.972431503173918
5.53 0.972476545308265
5.531 0.972521790007178
5.532 0.972567088552367
5.533 0.972612387097557
5.534 0.9726577308369
5.535 0.972703280460724
5.536 0.972748830084548
5.537 0.972794379708373
5.538 0.97284006940766
5.539 0.972885864777912
5.54 0.972931660148163
5.541 0.972977455518414
5.542 0.973023481686317
5.543 0.973069517470788
5.544 0.97311555325526
5.545 0.973161671318435
5.546 0.973207942184919
5.547 0.973254213051403
5.548 0.973300483917887
5.549 0.973346924799227
5.55 0.973393425415517
5.551 0.973439926031806
5.552 0.973486455822383
5.553 0.973533180856271
5.554 0.973579905890158
5.555 0.973626630924045
5.556 0.973673469882336
5.557 0.973720414001614
5.558 0.973767358120892
5.559 0.97381430224017
5.56 0.973861440874845
5.561 0.973908598747306
5.562 0.973955756619768
5.563 0.974002977018522
5.564 0.97405034331196
5.565 0.974097709605397
5.566 0.974145075898834
5.567 0.974192582323522
5.568 0.974240151705728
5.569 0.974287721087934
5.57 0.974335306290665
5.571 0.974383073429433
5.572 0.9744308405682
5.573 0.974478607706967
5.574 0.974526465285181
5.575 0.974574424848303
5.576 0.974622384411424
5.577 0.974670343974546
5.578 0.974718464436914
5.579 0.974766611092182
5.58 0.97481475774745
5.581 0.974862949842703
5.582 0.97491127825791
5.583 0.974959606673118
5.584 0.975007935088325
5.585 0.975056376417281
5.586 0.975104881260221
5.587 0.97515338610316
5.588 0.975201896079782
5.589 0.975250572045464
5.59 0.975299248011145
5.591 0.975347923976827
5.592 0.975396669692146
5.593 0.975445511728395
5.594 0.975494353764643
5.595 0.975543195800892
5.596 0.975592168373207
5.597 0.975641171565094
5.598 0.975690174756981
5.599 0.975739209197282
5.6 0.975788368631242
5.601 0.975837528065202
5.602 0.975886687499162
5.603 0.975935936216942
5.604 0.97598524697941
5.605 0.976034557741878
5.606 0.976083868504346
5.607 0.976133322753458
5.608 0.976182779930869
5.609 0.97623223710828
5.61 0.976281746641201
5.611 0.976331345319989
5.612 0.976380943998778
5.613 0.976430542677567
5.614 0.976480245163093
5.615 0.976529980429694
5.616 0.976579715696296
5.617 0.976629470714034
5.618 0.976679337654883
5.619 0.976729204595732
5.62 0.976779071536581
5.621 0.976829006928198
5.622 0.976879000629728
5.623 0.976928994331259
5.624 0.97697898803279
5.625 0.97702909505214
5.626 0.977079210600788
5.627 0.977129326149435
5.628 0.97717947911682
5.629 0.97722971159902
5.63 0.977279944081219
5.631 0.977330176563419
5.632 0.97738048857981
5.633 0.977430833081996
5.634 0.977481177584183
5.635 0.977531532797012
5.636 0.977581984405619
5.637 0.977632436014227
5.638 0.977682887622835
5.639 0.977733389305943
5.64 0.977783943107407
5.641 0.977834496908872
5.642 0.977885050710336
5.643 0.977935690117577
5.644 0.977986341198332
5.645 0.978036992279088
5.646 0.978087668298589
5.647 0.978138411745071
5.648 0.978189155191552
5.649 0.978239898638034
5.65 0.978290699802942
5.651 0.978341530701584
5.652 0.978392361600227
5.653 0.978443196625799
5.654 0.978494110063037
5.655 0.978545023500275
5.656 0.978595936937513
5.657 0.978646884529764
5.658 0.978697875592032
5.659 0.978748866654301
5.66 0.978799857716569
5.661 0.978850909129354
5.662 0.978901972903088
5.663 0.978953036676822
5.664 0.979004115366093
5.665 0.979055246937728
5.666 0.979106378509362
5.667 0.979157510080996
5.668 0.979208680012074
5.669 0.979259874468043
5.67 0.979311068924012
5.671 0.979362263379981
5.672 0.97941351580672
5.673 0.979464768233459
5.674 0.979516020660197
5.675 0.979567293779246
5.676 0.979618599263189
5.677 0.979669904747133
5.678 0.979721210231076
5.679 0.979772553267059
5.68 0.979823906894641
5.681 0.979875260522224
5.682 0.97992662149892
5.683 0.979978018356577
5.684 0.980029415214234
5.685 0.980080812071891
5.686 0.980132230386793
5.687 0.980183665560959
5.688 0.980235100735126
5.689 0.980286535909292
5.69 0.980338002816254
5.691 0.980389471393365
5.692 0.980440939970474
5.693 0.980492418233973
5.694 0.980543915300462
5.695 0.980595412366951
5.696 0.98064690943344
5.697 0.980698423710273
5.698 0.980749944352576
5.699 0.980801464994879
5.7 0.980852987876651
5.701 0.980904527181202
5.702 0.980956066485753
5.703 0.981007605790303
5.704 0.981059152106682
5.705 0.981110705159917
5.706 0.981162258213151
5.707 0.981213811266386
5.708 0.981265372271226
5.709 0.981316934159578
5.71 0.98136849604793
5.711 0.981420059073532
5.712 0.981471624883438
5.713 0.981523190693343
5.714 0.981574756503248
5.715 0.981626321638585
5.716 0.981677886456478
5.717 0.981729451274371
5.718 0.981781015678873
5.719 0.981832574591189
5.72 0.981884133503504
5.721 0.98193569241582
5.722 0.98198724635133
5.723 0.982038794444502
5.724 0.982090342537675
5.725 0.982141890630848
5.726 0.982193425351219
5.727 0.982244957711684
5.728 0.982296490072149
5.729 0.982348017477508
5.73 0.9823995291917
5.731 0.982451040905893
5.732 0.982502552620085
5.733 0.982554048592143
5.734 0.98260553531882
5.735 0.982657022045498
5.736 0.982708508276575
5.737 0.982759970223227
5.738 0.982811432169878
5.739 0.98286289411653
5.74 0.982914346878383
5.741 0.982965786423086
5.742 0.98301722596779
5.743 0.983068665512493
5.744 0.983120089048824
5.745 0.983171508583061
5.746 0.983222928117299
5.747 0.983274344303929
5.748 0.983325746219182
5.749 0.983377148134435
5.75 0.983428550049688
5.751 0.983479943132989
5.752 0.98353132982074
5.753 0.98358271650849
5.754 0.983634103196241
5.755 0.983685477433051
5.756 0.98373685128478
5.757 0.98378822513651
5.758 0.983839595228205
5.759 0.983890958635396
5.76 0.983942322042586
5.761 0.983993685449776
5.762 0.984045042817174
5.763 0.984096398171307
5.764 0.98414775352544
5.765 0.984199108086953
5.766 0.98425045777951
5.767 0.984301807472068
5.768 0.984353157164625
5.769 0.984404505124033
5.77 0.984455851546497
5.771 0.98450719796896
5.772 0.984558544391424
5.773 0.984609890005564
5.774 0.984661235549416
5.775 0.984712581093268
5.776 0.984763927106109
5.777 0.98481527416283
5.778 0.984866621219551
5.779 0.984917968276273
5.78 0.98496931806604
5.781 0.985020669027112
5.782 0.985072019988185
5.783 0.985123371515883
5.784 0.985174728772789
5.785 0.985226086029695
5.786 0.985277443286601
5.787 0.985328804713418
5.788 0.985380170657639
5.789 0.98543153660186
5.79 0.98548290254608
5.791 0.985534278128854
5.792 0.985585655151872
5.793 0.985637032174889
5.794 0.985688412700179
5.795 0.985739803193475
5.796 0.985791193686771
5.797 0.985842584180067
5.798 0.985893984983508
5.799 0.985945391338564
5.8 0.985996797693621
5.801 0.986048204778807
5.802 0.986099629387105
5.803 0.986151053995404
5.804 0.986202478603702
5.805 0.986253912089232
5.806 0.986305357342254
5.807 0.986356802595276
5.808 0.986408247848298
5.809 0.986459711991009
5.81 0.986511180280236
5.811 0.986562648569464
5.812 0.986614122198506
5.813 0.986665615915421
5.814 0.986717109632336
5.815 0.986768603349251
5.816 0.986820113757667
5.817 0.986871635293751
5.818 0.986923156829835
5.819 0.986974678365919
5.82 0.987026229810548
5.821 0.987077781557283
5.822 0.987129333304017
5.823 0.987180897439563
5.824 0.98723248178843
5.825 0.987284066137297
5.826 0.987335650486165
5.827 0.987387261780115
5.828 0.987438881122597
5.829 0.987490500465078
5.83 0.987542125789175
5.831 0.987593782516753
5.832 0.987645439244331
5.833 0.987697095971909
5.834 0.987748774576604
5.835 0.98780047108076
5.836 0.987852167584915
5.837 0.987903864089071
5.838 0.987955600231203
5.839 0.988007338903418
5.84 0.988059077575634
5.841 0.988110830952498
5.842 0.988162614184254
5.843 0.988214397416011
5.844 0.988266180647767
5.845 0.98831799768426
5.846 0.98836982786704
5.847 0.98842165804982
5.848 0.988473493660275
5.849 0.98852537318556
5.85 0.988577252710845
5.851 0.98862913223613
5.852 0.988681037628408
5.853 0.988732968887679
5.854 0.98878490014695
5.855 0.988836831406221
5.856 0.98888881083716
5.857 0.988940796221899
5.858 0.988992781606639
5.859 0.989044782816125
5.86 0.989096824717815
5.861 0.989148866619505
5.862 0.989200908521194
5.863 0.989252989891534
5.864 0.989305090701656
5.865 0.989357191511777
5.866 0.989409295999894
5.867 0.98946145810993
5.868 0.989513620219965
5.869 0.98956578233
5.87 0.989617973101164
5.871 0.989670198902595
5.872 0.989722424704026
5.873 0.989774650505457
5.874 0.989826931816505
5.875 0.989879223700813
5.876 0.989931515585122
5.877 0.989983822951946
5.878 0.99003618215154
5.879 0.990088541351134
5.88 0.990140900550728
5.881 0.990193297336287
5.882 0.990245717158405
5.883 0.990298136980522
5.884 0.990350557308779
5.885 0.990403027744793
5.886 0.990455498180808
5.887 0.990507968616822
5.888 0.990560455290466
5.889 0.990612966320553
5.89 0.99066547735064
5.891 0.990717988380727
5.892 0.99077052356447
5.893 0.990823065168806
5.894 0.990875606773142
5.895 0.990928152077275
5.896 0.990980714236037
5.897 0.991033276394798
5.898 0.991085838553559
5.899 0.991138406717044
5.9 0.991190979410407
5.901 0.99124355210377
5.902 0.991296124797132
5.903 0.991348697984682
5.904 0.991401271192822
5.905 0.991453844400963
5.906 0.991506414282337
5.907 0.991558977985432
5.908 0.991611541688526
5.909 0.99166410539162
5.91 0.991716654646311
5.911 0.991769198824535
5.912 0.99182174300276
5.913 0.991874283340174
5.914 0.991926797973705
5.915 0.991979312607236
5.916 0.992031827240767
5.917 0.992084321300749
5.918 0.992136796369763
5.919 0.992189271438776
5.92 0.99224174650779
5.921 0.992294176455053
5.922 0.992346601939725
5.923 0.992399027424397
5.924 0.99245143502782
5.925 0.992503800908328
5.926 0.992556166788835
5.927 0.992608532669343
5.928 0.992660850509298
5.929 0.992713146765817
5.93 0.992765443022336
5.931 0.992817732907349
5.932 0.992869949520056
5.933 0.992922166132762
5.934 0.992974382745468
5.935 0.993026557216265
5.936 0.993078684165335
5.937 0.993130811114405
5.938 0.993182938063475
5.939 0.993234979284769
5.94 0.993287006550379
5.941 0.993339033815989
5.942 0.993391033655778
5.943 0.993442951218104
5.944 0.99349486878043
5.945 0.993546786342757
5.946 0.993598627282294
5.947 0.993650425121512
5.948 0.993702222960731
5.949 0.993754016907662
5.95 0.993805685003949
5.951 0.993857353100236
5.952 0.993909021196523
5.953 0.993960630592453
5.954 0.994012158925986
5.955 0.994063687259518
5.956 0.99411521559305
5.957 0.994166622602693
5.958 0.994218001153646
5.959 0.994269379704599
5.96 0.994320726295072
5.961 0.994371945043622
5.962 0.994423163792173
5.963 0.994474382540723
5.964 0.99452550109416
5.965 0.994576550020485
5.966 0.994627598946809
5.967 0.994678647873134
5.968 0.994729520554249
5.969 0.994780389638523
5.97 0.994831258722796
5.971 0.994882057558177
5.972 0.994932736780577
5.973 0.994983416002977
5.974 0.995034095225377
5.975 0.995084622537687
5.976 0.995135101878389
5.977 0.995185581219091
5.978 0.995236029074565
5.979 0.995286298513746
5.98 0.995336567952927
5.981 0.995386837392108
5.982 0.995436988073762
5.983 0.995487037591597
5.984 0.995537087109432
5.985 0.995587136627268
5.986 0.995636972299816
5.987 0.995686791876482
5.988 0.995736611453149
5.989 0.995786354242298
5.99 0.995835933857971
5.991 0.995885513473645
5.992 0.995935093089319
5.993 0.995984495218612
5.994 0.996033824853469
5.995 0.996083154488326
5.996 0.996132458123119
5.997 0.996181527757335
5.998 0.996230597391552
5.999 0.996279667025769
6 0.996328604349958
6.001 0.99637740396371
6.002 0.996426203577462
6.003 0.996475003191215
6.004 0.996523556369514
6.005 0.996572075942978
6.006 0.996620595516443
6.007 0.996669036773677
6.008 0.99671726628703
6.009 0.996765495800383
6.01 0.996813725313736
6.011 0.996861756774332
6.012 0.996909686207749
6.013 0.996957615641166
6.014 0.997005529569596
6.015 0.997053148903254
6.016 0.997100768236912
6.017 0.99714838757057
6.018 0.997195866051612
6.019 0.997243165265687
6.02 0.997290464479762
6.021 0.997337763693837
6.022 0.997384789070958
6.023 0.997431758360991
6.024 0.997478727651025
6.025 0.997525622480649
6.026 0.997572253314279
6.027 0.997618884147908
6.028 0.997665514981537
6.029 0.997711934435915
6.03 0.997758218746182
6.031 0.997804503056448
6.032 0.997850787366715
6.033 0.997896717087356
6.034 0.997942646807996
6.035 0.997988576528637
6.036 0.998034364813481
6.037 0.998079931878232
6.038 0.998125498942983
6.039 0.998171066007734
6.04 0.998216343909204
6.041 0.998261540251801
6.042 0.998306736594398
6.043 0.998351868542963
6.044 0.998396686097143
6.045 0.998441503651322
6.046 0.998486321205501
6.047 0.998530922121058
6.048 0.998575352820556
6.049 0.998619783520053
6.05 0.99866421421955
6.051 0.998708269744149
6.052 0.998752305522701
6.053 0.998796341301253
6.054 0.998840240064153
6.055 0.998883872855496
6.056 0.998927505646838
6.057 0.998971138438181
6.058 0.999014471160487
6.059 0.999057692898356
6.06 0.999100914636225
6.061 0.999144086079726
6.062 0.999186888697857
6.063 0.999229691315989
6.064 0.99927249393412
6.065 0.999315078687392
6.066 0.999357454119522
6.067 0.999399829551653
6.068 0.999442204983784
6.069 0.999484188688876
6.07 0.999526128868741
6.071 0.999568069048607
6.072 0.999609880666099
6.073 0.999651377527435
6.074 0.999692874388772
6.075 0.999734371250108
6.076 0.999775561169786
6.077 0.99981660664633
6.078 0.999857652122874
6.079 0.999898665437844
6.08 0.999939251463332
6.081 0.999979837488819
6.082 1.00002042351431
6.083 1.00006079448183
6.084 1.00010091298999
6.085 1.00014103149816
6.086 1.00018115000633
6.087 1.00022086426844
6.088 1.00026050719303
6.089 1.00030015011761
6.09 1.00033967696623
6.091 1.00037883624096
6.092 1.00041799551569
6.093 1.00045715479043
6.094 1.00049600428401
6.095 1.00053467184263
6.096 1.00057333940125
6.097 1.00061199696423
6.098 1.00065016474047
6.099 1.00068833251672
6.1 1.00072650029296
6.101 1.00076445985127
6.102 1.00080211977888
6.103 1.00083977970648
6.104 1.00087743963409
6.105 1.00091468682977
6.106 1.00095183084247
6.107 1.00098897485517
6.108 1.00102601931145
6.109 1.00106263934298
6.11 1.00109925937451
6.111 1.00113587940605
6.112 1.00117219085007
6.113 1.00120827883417
6.114 1.00124436681827
6.115 1.00128045480238
6.116 1.00131601887619
6.117 1.0013515667466
6.118 1.00138711461701
6.119 1.00142246514263
6.12 1.00145746483308
6.121 1.00149246452352
6.122 1.00152746421397
6.123 1.00156204671975
6.124 1.00159649016397
6.125 1.0016309336082
6.126 1.00166529804867
6.127 1.00169917718041
6.128 1.00173305631215
6.129 1.00176693544388
6.13 1.00180051121488
6.131 1.00183381796786
6.132 1.00186712472085
6.133 1.00190043147383
6.134 1.0019332042174
6.135 1.00196593052538
6.136 1.00199865683335
6.137 1.00203120070282
6.138 1.00206333849951
6.139 1.0020954762962
6.14 1.00212761409289
6.141 1.0021593342853
6.142 1.00219087550445
6.143 1.0022224167236
6.144 1.00225390352481
6.145 1.00228484010015
6.146 1.00231577667549
6.147 1.00234671325083
6.148 1.00237735572534
6.149 1.00240767959061
6.15 1.00243800345588
6.151 1.00246832732115
6.152 1.00249811111101
6.153 1.00252781419995
6.154 1.00255751728889
6.155 1.00258705687875
6.156 1.00261613112509
6.157 1.00264520537143
6.158 1.00267427961777
6.159 1.00270293987335
6.16 1.00273137721083
6.161 1.0027598145483
6.162 1.00278822608677
6.163 1.00281601844912
6.164 1.00284381081147
6.165 1.00287160317382
6.166 1.00289911577182
6.167 1.00292625751941
6.168 1.002953399267
6.169 1.00298054101459
6.17 1.00300715481705
6.171 1.00303365272912
6.172 1.00306015064119
6.173 1.00308651560351
6.174 1.00311238042155
6.175 1.0031382452396
6.176 1.00316411005764
6.177 1.0031896014652
6.178 1.00321484393245
6.179 1.00324008639969
6.18 1.00326532886693
6.181 1.00328996584266
6.182 1.00331459670232
6.183 1.00333922756197
6.184 1.00336363009317
6.185 1.00338766008845
6.186 1.00341169008374
6.187 1.00343572007902
6.188 1.00345929568102
6.189 1.00348273555516
6.19 1.00350617542929
6.191 1.00352952260295
6.192 1.00355238309915
6.193 1.00357524359535
6.194 1.00359810409155
6.195 1.00362065183866
6.196 1.00364294370014
6.197 1.00366523556163
6.198 1.00368752742311
6.199 1.00370929486659
6.2 1.00373102883657
6.201 1.00375276280656
6.202 1.00377431621761
6.203 1.00379550303932
6.204 1.00381668986102
6.205 1.00383787668272
6.206 1.00385867729278
6.207 1.00387932770942
6.208 1.00389997812606
6.209 1.0039205707199
6.21 1.00394069547469
6.211 1.00396082022948
6.212 1.00398094498427
6.213 1.00400081227975
6.214 1.00402042211592
6.215 1.00404003195209
6.216 1.00405964178825
6.217 1.0040788029083
6.218 1.00409790856906
6.219 1.00411701422982
6.22 1.00413598172956
6.221 1.00415459395812
6.222 1.00417320618668
6.223 1.00419181841524
6.224 1.00421010724218
6.225 1.00422823678177
6.226 1.00424636632136
6.227 1.0042644675442
6.228 1.00428212513802
6.229 1.00429978273185
6.23 1.00431744032568
6.231 1.00433489037836
6.232 1.00435208676965
6.233 1.00436928316094
6.234 1.00438647955222
6.235 1.00440329755768
6.236 1.00442004348964
6.237 1.00443678942161
6.238 1.00445343421887
6.239 1.00446974043472
6.24 1.00448604665058
6.241 1.00450235286643
6.242 1.0045183931191
6.243 1.00453427036207
6.244 1.00455014760504
6.245 1.00456602066571
6.246 1.00458147967901
6.247 1.00459693869232
6.248 1.00461239770562
6.249 1.00462769372434
6.25 1.00464274525118
6.251 1.00465779677803
6.252 1.00467284830487
6.253 1.00468758640456
6.254 1.00470224118818
6.255 1.00471689597179
6.256 1.0047314812754
6.257 1.00474575005899
6.258 1.00476001884258
6.259 1.00477428762618
6.26 1.00478834251339
6.261 1.00480223604019
6.262 1.00481612956698
6.263 1.00483002309378
6.264 1.00484356668753
6.265 1.00485709570074
6.266 1.00487062471395
6.267 1.00488402990754
6.268 1.00489720515038
6.269 1.00491038039323
6.27 1.00492355563608
6.271 1.00493647703884
6.272 1.00494930925453
6.273 1.00496214147023
6.274 1.00497493048902
6.275 1.00498743042079
6.276 1.00499993035256
6.277 1.00501243028433
6.278 1.00502476301493
6.279 1.00503694140598
6.28 1.00504911979704
6.281 1.00506129818809
6.282 1.00507319375343
6.283 1.00508506134699
6.284 1.00509692894056
6.285 1.00510870651784
6.286 1.00512027405712
6.287 1.00513184159641
6.288 1.00514340913569
6.289 1.00515477705034
6.29 1.00516605527857
6.291 1.00517733350679
6.292 1.00518858944959
6.293 1.00519958910997
6.294 1.00521058877036
6.295 1.00522158843074
6.296 1.00523246221355
6.297 1.00524319404931
6.298 1.00525392588506
6.299 1.00526465772082
6.3 1.00527516846657
6.301 1.00528564322092
6.302 1.00529611797528
6.303 1.00530653114508
6.304 1.00531675956124
6.305 1.00532698797741
6.306 1.00533721639357
6.307 1.00534729402895
6.308 1.00535728685014
6.309 1.00536727967133
6.31 1.00537726572179
6.311 1.00538703285177
6.312 1.00539679998175
6.313 1.00540656711172
6.314 1.00541624204468
6.315 1.00542578965795
6.316 1.00543533727121
6.317 1.00544488488448
6.318 1.00545425885203
6.319 1.00546359208787
6.32 1.00547292532372
6.321 1.00548221671192
6.322 1.00549134070959
6.323 1.00550046470726
6.324 1.00550958870493
6.325 1.00551859228423
6.326 1.00552751218297
6.327 1.00553643208171
6.328 1.00554535198045
6.329 1.0055540768987
6.33 1.00556279783776
6.331 1.00557151877682
6.332 1.00558016800232
6.333 1.00558869512096
6.334 1.00559722223959
6.335 1.00560574935822
6.336 1.00561413307915
6.337 1.0056224715166
6.338 1.00563080995405
6.339 1.00563912086021
6.34 1.00564727575572
6.341 1.00565543065124
6.342 1.00566358554675
6.343 1.00567164410482
6.344 1.00567962059765
6.345 1.00568759709047
6.346 1.0056955735833
6.347 1.00570338894113
6.348 1.00571119217052
6.349 1.00571899539991
6.35 1.00572674482956
6.351 1.00573437993476
6.352 1.00574201503996
6.353 1.00574965014516
6.354 1.00575716953105
6.355 1.00576464165132
6.356 1.00577211377158
6.357 1.00577957010727
6.358 1.00578688438183
6.359 1.0057941986564
6.36 1.00580151293097
6.361 1.00580875237938
6.362 1.0058159139475
6.363 1.00582307551562
6.364 1.00583023708375
6.365 1.00583726879273
6.366 1.00584428279365
6.367 1.00585129679458
6.368 1.00585827233995
6.369 1.00586514391293
6.37 1.00587201548591
6.371 1.00587888705889
6.372 1.00588566802132
6.373 1.0058924023056
6.374 1.00589913658987
6.375 1.00590586426667
6.376 1.00591246640149
6.377 1.00591906853632
6.378 1.00592567067114
6.379 1.00593221692147
6.38 1.00593869204609
6.381 1.00594516717071
6.382 1.00595164229533
6.383 1.00595801626706
6.384 1.00596436952073
6.385 1.00597072277439
6.386 1.00597705034708
6.387 1.00598328686904
6.388 1.00598952339099
6.389 1.00599575991295
6.39 1.0060019283635
6.391 1.006008053293
6.392 1.00601417822249
6.393 1.00602030315199
6.394 1.00602632162828
6.395 1.00603234010456
6.396 1.00603835858085
6.397 1.00604433754469
6.398 1.00605025470701
6.399 1.00605617186933
6.4 1.00606208903165
6.401 1.00606793117769
6.402 1.0060737521653
6.403 1.00607957315291
6.404 1.00608537866448
6.405 1.00609110861663
6.406 1.00609683856877
6.407 1.00610256852091
6.408 1.00610825037117
6.409 1.00611389442709
6.41 1.00611953848301
6.411 1.00612518253893
6.412 1.00613074987573
6.413 1.00613631317468
6.414 1.00614187647363
6.415 1.00614741406256
6.416 1.00615290174379
6.417 1.00615838942502
6.418 1.00616387710625
6.419 1.00616931333819
6.42 1.00617473054095
6.421 1.0061801477437
6.422 1.00618555710575
6.423 1.00619090896928
6.424 1.00619626083281
6.425 1.00620161269634
6.426 1.00620693385788
6.427 1.00621222552144
6.428 1.00621751718499
6.429 1.00622280884854
6.43 1.00622805095744
6.431 1.00623328756026
6.432 1.00623852416309
6.433 1.00624374628868
6.434 1.00624893297002
6.435 1.00625411965136
6.436 1.0062593063327
6.437 1.00626446256212
6.438 1.00626960446123
6.439 1.00627474636034
6.44 1.00627988548444
6.441 1.00628498774056
6.442 1.00629008999669
6.443 1.00629519225281
6.444 1.00630027863722
6.445 1.00630534638961
6.446 1.00631041414199
6.447 1.00631548189438
6.448 1.00632052468696
6.449 1.00632556307486
6.45 1.00633060146276
6.451 1.0063356340366
6.452 1.00634064819925
6.453 1.00634566236191
6.454 1.00635067652457
6.455 1.00635567782737
6.456 1.00636067157756
6.457 1.00636566532775
6.458 1.00637065864356
6.459 1.00637563067473
6.46 1.00638060270589
6.461 1.00638557473705
6.462 1.00639053682145
6.463 1.00639548459221
6.464 1.00640043236296
6.465 1.00640538013372
6.466 1.00641030646304
6.467 1.00641522743201
6.468 1.00642014840097
6.469 1.00642506379473
6.47 1.00642995542052
6.471 1.00643484704632
6.472 1.00643973867211
6.473 1.00644461180486
6.474 1.00644947154609
6.475 1.00645433128732
6.476 1.00645919102855
6.477 1.00646401737662
6.478 1.00646884269192
6.479 1.00647366800721
6.48 1.00647848001427
6.481 1.00648326836224
6.482 1.00648805671021
6.483 1.00649284505818
6.484 1.00649760377462
6.485 1.00650235261388
6.486 1.00650710145314
6.487 1.00651184440539
6.488 1.00651655119457
6.489 1.00652125798374
6.49 1.00652596477292
6.491 1.00653064792861
6.492 1.00653531012632
6.493 1.00653997232402
6.494 1.00654463452172
6.495 1.0065492533572
6.496 1.00655386842205
6.497 1.0065584834869
6.498 1.00656308315273
6.499 1.00656764854334
6.5 1.00657221393395
6.501 1.00657677932456
6.502 1.00658130816423
6.503 1.00658582133922
6.504 1.0065903345142
6.505 1.00659484276106
6.506 1.00659930117904
6.507 1.00660375959703
6.508 1.00660821801502
6.509 1.00661264892978
6.51 1.00661705004937
6.511 1.00662145116897
6.512 1.00662585228856
6.513 1.00663020134756
6.514 1.00663454262739
6.515 1.00663888390722
6.516 1.00664320896794
6.517 1.00664748786662
6.518 1.00665176676529
6.519 1.00665604566396
6.52 1.00666028236299
6.521 1.00666449633913
6.522 1.00666871031527
6.523 1.00667292159285
6.524 1.00667706810507
6.525 1.00668121461729
6.526 1.00668536112951
6.527 1.00668947753944
6.528 1.00669355404636
6.529 1.00669763055328
6.53 1.00670170706019
6.531 1.00670572407883
6.532 1.00670972803906
6.533 1.0067137319993
6.534 1.00671772019103
6.535 1.0067216490632
6.536 1.00672557793537
6.537 1.00672950680753
6.538 1.00673338910203
6.539 1.00673724034474
6.54 1.00674109158745
6.541 1.00674494283016
6.542 1.00674871470375
6.543 1.00675248577563
6.544 1.00675625684751
6.545 1.00675999648875
6.546 1.00676368484842
6.547 1.00676737320808
6.548 1.00677106156775
6.549 1.00677468428214
6.55 1.0067782873882
6.551 1.00678189049426
6.552 1.00678547955312
6.553 1.00678899486421
6.554 1.00679251017529
6.555 1.00679602548637
6.556 1.00679949111245
6.557 1.00680291608717
6.558 1.00680634106188
6.559 1.0068097660366
6.56 1.00681310370623
6.561 1.0068164358032
6.562 1.00681976790016
6.563 1.00682306850882
6.564 1.00682630518665
6.565 1.00682954186448
6.566 1.00683277854232
6.567 1.00683594468858
6.568 1.0068390834059
6.569 1.00684222212322
6.57 1.00684534978533
6.571 1.00684838800075
6.572 1.00685142621617
6.573 1.0068544644316
6.574 1.00685745112538
6.575 1.00686038629752
6.576 1.00686332146966
6.577 1.0068662566418
6.578 1.0068690978436
6.579 1.00687192743108
6.58 1.00687475701855
6.581 1.00687755633074
6.582 1.00688027779217
6.583 1.00688299925361
6.584 1.00688572071504
6.585 1.00688836802929
6.586 1.00689097882329
6.587 1.00689358961729
6.588 1.00689619361876
6.589 1.00689869120395
6.59 1.00690118878914
6.591 1.00690368637433
6.592 1.00690613187194
6.593 1.00690851370693
6.594 1.00691089554193
6.595 1.00691327737692
6.596 1.00691555984723
6.597 1.00691782339094
6.598 1.00692008693465
6.599 1.00692232307674
6.6 1.00692446748298
6.601 1.00692661188923
6.602 1.00692875629548
6.603 1.00693082983761
6.604 1.00693285994691
6.605 1.00693489005621
6.606 1.00693691908285
6.607 1.00693884092702
6.608 1.00694076277118
6.609 1.00694268461535
6.61 1.00694456556619
6.611 1.00694638517703
6.612 1.00694820478788
6.613 1.00695002439872
6.614 1.00695176801038
6.615 1.00695349141972
6.616 1.00695521482907
6.617 1.00695692200787
6.618 1.00695855524752
6.619 1.00696018848718
6.62 1.00696182172683
6.621 1.00696340700789
6.622 1.00696495610967
6.623 1.00696650521145
6.624 1.00696805431323
6.625 1.00696952843319
6.626 1.00697099942892
6.627 1.00697247042464
6.628 1.00697391619438
6.629 1.00697531511585
6.63 1.00697671403733
6.631 1.00697811295881
6.632 1.00697946300888
6.633 1.00698079588793
6.634 1.00698212876698
6.635 1.00698345384465
6.636 1.00698472671308
6.637 1.00698599958152
6.638 1.00698727244995
6.639 1.00698851724941
6.64 1.00698973613904
6.641 1.00699095502868
6.642 1.00699217391831
6.643 1.00699334917619
6.644 1.00699452011884
6.645 1.00699569106149
6.646 1.00699684942959
6.647 1.00699797845707
6.648 1.00699910748455
6.649 1.00700023651203
6.65 1.00700134078
6.651 1.00700243392413
6.652 1.00700352706825
6.653 1.00700461782426
6.654 1.00700568111684
6.655 1.00700674440943
6.656 1.00700780770202
6.657 1.00700885979933
6.658 1.0070098992722
6.659 1.00701093874506
6.66 1.00701197821792
6.661 1.00701300239318
6.662 1.00701402407813
6.663 1.00701504576308
6.664 1.007016064509
6.665 1.00701707443786
6.666 1.00701808436672
6.667 1.00701909429557
6.668 1.00702010056089
6.669 1.00702110476547
6.67 1.00702210897005
6.671 1.00702311318385
6.672 1.00702411769596
6.673 1.00702512220808
6.674 1.00702612672019
6.675 1.00702713389482
6.676 1.00702814474628
6.677 1.00702915559774
6.678 1.0070301664492
6.679 1.00703118732131
6.68 1.00703221054393
6.681 1.00703323376656
6.682 1.00703426066978
6.683 1.00703530229538
6.684 1.00703634392099
6.685 1.00703738554659
6.686 1.00703844158873
6.687 1.00703950764912
6.688 1.00704057370952
6.689 1.00704163976992
6.69 1.0070427356876
6.691 1.00704383221461
6.692 1.00704492874161
6.693 1.00704603877304
6.694 1.00704717179847
6.695 1.0070483048239
6.696 1.00704943784934
6.697 1.00705060319775
6.698 1.00705177875342
6.699 1.0070529543091
6.7 1.00705413714908
6.701 1.0070553612668
6.702 1.00705658538452
6.703 1.00705780950225
6.704 1.00705906310066
6.705 1.00706034181226
6.706 1.00706162052385
6.707 1.00706289923545
6.708 1.00706423432893
6.709 1.0070655736662
6.71 1.00706691300348
6.711 1.00706827367116
6.712 1.00706967966593
6.713 1.00707108566071
6.714 1.00707249165548
6.715 1.00707394925967
6.716 1.00707542794377
6.717 1.00707690662786
6.718 1.00707839318406
6.719 1.00707995058928
6.72 1.00708150799449
6.721 1.00708306539971
6.722 1.00708466433387
6.723 1.00708630649203
6.724 1.00708794865019
6.725 1.00708959080835
6.726 1.0070913128571
6.727 1.00709304580002
6.728 1.00709477874294
6.729 1.00709653782633
6.73 1.00709836758583
6.731 1.00710019734532
6.732 1.00710202710481
6.733 1.00710392474424
6.734 1.00710585735212
6.735 1.00710778996
6.736 1.00710972801189
6.737 1.00711176949998
6.738 1.00711381098806
6.739 1.00711585247614
6.74 1.00711794452493
6.741 1.00712010092369
6.742 1.00712225732246
6.743 1.00712441372123
6.744 1.0071266692394
6.745 1.00712894505914
6.746 1.00713122087888
6.747 1.00713352298612
6.748 1.00713591829454
6.749 1.00713831360296
6.75 1.00714070891138
6.751 1.0071431766568
6.752 1.0071456907144
6.753 1.007148204772
6.754 1.0071507188296
6.755 1.0071533508969
6.756 1.00715598296419
6.757 1.00715861503149
6.758 1.00716129283416
6.759 1.00716404217165
6.76 1.00716679150914
6.761 1.00716954084663
6.762 1.00717238107807
6.763 1.00717524694626
6.764 1.00717811281444
6.765 1.00718099836714
6.766 1.00718398002653
6.767 1.00718696168592
6.768 1.00718994334532
6.769 1.00719298943367
6.77 1.00719608614477
6.771 1.00719918285587
6.772 1.00720227956698
6.773 1.00720548487468
6.774 1.007208695898
6.775 1.00721190692132
6.776 1.00721515655936
6.777 1.00721848115539
6.778 1.00722180575143
6.779 1.00722513034746
6.78 1.00722853731175
6.781 1.007231974741
6.782 1.00723541217026
6.783 1.00723886305076
6.784 1.00724241257374
6.785 1.00724596209672
6.786 1.00724951161971
6.787 1.00725311793335
6.788 1.00725677881056
6.789 1.00726043968778
6.79 1.00726410056499
6.791 1.00726786099547
6.792 1.00727163248742
6.793 1.00727540397937
6.794 1.00727920733514
6.795 1.00728308870233
6.796 1.00728697006952
6.797 1.00729085143671
6.798 1.0072948070162
6.799 1.00729879751914
6.8 1.00730278802207
6.801 1.00730678611274
6.802 1.00731088501193
6.803 1.00731498391111
6.804 1.00731908281029
6.805 1.00732323123158
6.806 1.00732743778752
6.807 1.00733164434346
6.808 1.0073358508994
6.809 1.007340148335
6.81 1.0073444618082
6.811 1.00734877528139
6.812 1.00735311423725
6.813 1.00735753388821
6.814 1.00736195353917
6.815 1.00736637319013
6.816 1.00737085926719
6.817 1.00737538435642
6.818 1.00737990944564
6.819 1.00738443662884
6.82 1.00738906641684
6.821 1.00739369620483
6.822 1.00739832599283
6.823 1.00740299840413
6.824 1.0074077321514
6.825 1.00741246589867
6.826 1.00741719964595
6.827 1.00742201596904
6.828 1.0074268529361
6.829 1.00743168990316
6.83 1.00743654634146
6.831 1.0074414857888
6.832 1.00744642523614
6.833 1.00745136468348
6.834 1.00745636314047
6.835 1.0074614043286
6.836 1.00746644551673
6.837 1.00747148670486
6.838 1.00747662586424
6.839 1.00748176805366
6.84 1.00748691024308
6.841 1.00749208852675
6.842 1.00749733097797
6.843 1.00750257342919
6.844 1.00750781588041
6.845 1.00751313297336
6.846 1.00751847494689
6.847 1.00752381692041
6.848 1.00752917272353
6.849 1.00753461347986
6.85 1.00754005423619
6.851 1.00754549499252
6.852 1.0075509877118
6.853 1.00755652651144
6.854 1.00756206531109
6.855 1.00756760411073
6.856 1.00757323242988
6.857 1.00757886853334
6.858 1.0075845046368
6.859 1.0075901706752
6.86 1.00759590334298
6.861 1.00760163601076
6.862 1.00760736867855
6.863 1.0076131684237
6.864 1.00761899691631
6.865 1.00762482540892
6.866 1.0076306624592
6.867 1.00763658603714
6.868 1.00764250961507
6.869 1.007648433193
6.87 1.00765440205694
6.871 1.00766041998071
6.872 1.00766643790448
6.873 1.00767245582825
6.874 1.00767855518954
6.875 1.00768466671965
6.876 1.00769077824976
6.877 1.00769691392525
6.878 1.0077031183222
6.879 1.00770932271915
6.88 1.0077155271161
6.881 1.00772179139583
6.882 1.00772808792013
6.883 1.00773438444443
6.884 1.00774068462416
6.885 1.00774707253403
6.886 1.00775346044391
6.887 1.00775984835378
6.888 1.00776627482246
6.889 1.00777275240399
6.89 1.00777922998551
6.891 1.00778570756704
6.892 1.00779225523955
6.893 1.00779881829789
6.894 1.00780538135623
6.895 1.00781196140188
6.896 1.00781860535219
6.897 1.00782524930249
6.898 1.0078318932528
6.899 1.00783858298736
6.9 1.00784530324477
6.901 1.00785202350218
6.902 1.00785874375959
6.903 1.00786553502201
6.904 1.00787232700167
6.905 1.00787911898132
6.906 1.00788593647317
6.907 1.00789279559021
6.908 1.00789965470725
6.909 1.00790651382428
6.91 1.00791342110676
6.911 1.00792034277633
6.912 1.00792726444589
6.913 1.00793419539028
6.914 1.00794117502751
6.915 1.00794815466474
6.916 1.00795513430198
6.917 1.00796214329975
6.918 1.00796917631979
6.919 1.00797620933984
6.92 1.00798324235988
6.921 1.00799032124999
6.922 1.00799740306798
6.923 1.00800448488598
6.924 1.00801158129429
6.925 1.00801870732537
6.926 1.00802583335645
6.927 1.00803295938754
6.928 1.00804011395095
6.929 1.00804727961026
6.93 1.00805444526958
6.931 1.00806161478367
6.932 1.00806881548636
6.933 1.00807601618905
6.934 1.00808321689174
6.935 1.0080904328237
6.936 1.00809766398491
6.937 1.00810489514612
6.938 1.00811212630733
6.939 1.00811938049609
6.94 1.00812663753095
6.941 1.00813389456582
6.942 1.00814115756155
6.943 1.00814843588521
6.944 1.00815571420888
6.945 1.00816299253254
6.946 1.00817028204785
6.947 1.00817757707545
6.948 1.00818487210306
6.949 1.00819216785781
6.95 1.0081994750045
6.951 1.00820678215119
6.952 1.00821408929787
6.953 1.00822139983496
6.954 1.00822871451587
6.955 1.00823602919678
6.956 1.00824334387768
6.957 1.00825066103606
6.958 1.00825797866633
6.959 1.00826529629661
6.96 1.00827261355072
6.961 1.0082799295455
6.962 1.00828724554028
6.963 1.00829456153506
6.964 1.00830187367322
6.965 1.00830918344765
6.966 1.00831649322208
6.967 1.00832380288845
6.968 1.00833110185767
6.969 1.00833840082688
6.97 1.00834569979609
6.971 1.00835299260928
6.972 1.00836027618842
6.973 1.00836755976757
6.974 1.00837484334671
6.975 1.00838211114566
6.976 1.00838937474988
6.977 1.00839663835409
6.978 1.00840389753755
6.979 1.00841113658197
6.98 1.0084183756264
6.981 1.00842561467083
6.982 1.00843283710281
6.983 1.00844004700259
6.984 1.00844725690237
6.985 1.00845446680215
6.986 1.00846164432161
6.987 1.00846882049188
6.988 1.00847599666216
6.989 1.00848315942241
6.99 1.00849029727832
6.991 1.00849743513423
6.992 1.00850457299014
6.993 1.00851167910063
6.994 1.00851877405732
6.995 1.00852586901402
6.996 1.00853295779778
6.997 1.00854000527039
6.998 1.00854705274299
6.999 1.0085541002156
7 1.00856112061236
7.001 1.00856811601603
7.002 1.0085751114197
7.003 1.00858210682337
7.004 1.00858905067208
7.005 1.00859598942196
7.006 1.00860292817183
7.007 1.0086098485501
7.008 1.00861672606132
7.009 1.00862360357253
7.01 1.00863048108374
7.011 1.00863731317673
7.012 1.00864412486443
7.013 1.00865093655213
7.014 1.00865774260716
7.015 1.00866448388648
7.016 1.0086712251658
7.017 1.00867796644513
7.018 1.00868467247763
7.019 1.00869133876372
7.02 1.00869800504982
7.021 1.00870467133591
7.022 1.00871126918484
7.023 1.00871785589284
7.024 1.00872444260084
7.025 1.0087310082681
7.026 1.00873751081315
7.027 1.0087440133582
7.028 1.00875051590325
7.029 1.00875696165466
7.03 1.00876337545964
7.031 1.00876978926463
7.032 1.00877620031969
7.033 1.0087825224608
7.034 1.0087888446019
7.035 1.008795166743
7.036 1.00880145070894
7.037 1.00880768195681
7.038 1.00881391320467
7.039 1.00882014445254
7.04 1.00882630310673
7.041 1.00883244473277
7.042 1.00883858635881
7.043 1.00884471031478
7.044 1.00885076359043
7.045 1.00885681686608
7.046 1.00886287014172
7.047 1.00886887204077
7.048 1.00887483823744
7.049 1.0088808044341
7.05 1.00888677063077
7.051 1.00889265273602
7.052 1.00889853312513
7.053 1.00890441351423
7.054 1.00891026262497
7.055 1.00891605847793
7.056 1.00892185433089
7.057 1.00892765018385
7.058 1.00893338275562
7.059 1.00893909534386
7.06 1.0089448079321
7.061 1.00895050822134
7.062 1.00895613881627
7.063 1.00896176941121
7.064 1.00896740000614
7.065 1.00897298701126
7.066 1.00897853688431
7.067 1.00898408675736
7.068 1.00898963663041
7.069 1.00899511261452
7.07 1.0090005830371
7.071 1.00900605345968
7.072 1.00901149886497
7.073 1.00901689110851
7.074 1.00902228335204
7.075 1.00902767559557
7.076 1.00903301323469
7.077 1.0090383285706
7.078 1.0090436439065
7.079 1.00904895167879
7.08 1.00905419137848
7.081 1.00905943107818
7.082 1.00906467077788
7.083 1.00906987403882
7.084 1.00907503937373
7.085 1.00908020470864
7.086 1.00908537004354
7.087 1.00909047105628
7.088 1.00909556329782
7.089 1.00910065553935
7.09 1.00910572838896
7.091 1.00911074880854
7.092 1.00911576922812
7.093 1.0091207896477
7.094 1.00912576350393
7.095 1.00913071337298
7.096 1.00913566324203
7.097 1.00914060964713
7.098 1.00914549023706
7.099 1.00915037082699
7.1 1.00915525141693
7.101 1.00916010208347
7.102 1.00916491466571
7.103 1.00916972724795
7.104 1.00917453983019
7.105 1.00917929702132
7.106 1.00918404286728
7.107 1.00918878871324
7.108 1.00919352015693
7.109 1.00919820053804
7.11 1.00920288091914
7.111 1.00920756130025
7.112 1.00921220252336
7.113 1.00921681871102
7.114 1.00922143489869
7.115 1.00922605108636
7.116 1.00923060435201
7.117 1.00923515761765
7.118 1.0092397108833
7.119 1.00924424010521
7.12 1.00924873172026
7.121 1.0092532233353
7.122 1.00925771495035
7.123 1.00926215946963
7.124 1.0092665907055
7.125 1.00927102194136
7.126 1.00927544312891
7.127 1.00927981525701
7.128 1.00928418738511
7.129 1.00928855951321
7.13 1.00929289925297
7.131 1.00929721354472
7.132 1.00930152783648
7.133 1.00930584212824
7.134 1.00931010268332
7.135 1.00931436041016
7.136 1.00931861813699
7.137 1.00932285706403
7.138 1.00932705949736
7.139 1.00933126193069
7.14 1.00933546436402
7.141 1.00933962736123
7.142 1.00934377577247
7.143 1.00934792418372
7.144 1.00935206626488
7.145 1.00935616192546
7.146 1.00936025758603
7.147 1.00936435324661
7.148 1.00936842265277
7.149 1.00937246683409
7.15 1.00937651101542
7.151 1.00938055519675
7.152 1.00938455419103
7.153 1.00938854816453
7.154 1.00939254213803
7.155 1.00939652191996
7.156 1.00940046695705
7.157 1.00940441199414
7.158 1.00940835703122
7.159 1.00941226965612
7.16 1.00941616702821
7.161 1.00942006440031
7.162 1.00942395852486
7.163 1.00942780950338
7.164 1.0094316604819
7.165 1.00943551146043
7.166 1.00943934168276
7.167 1.00944314753913
7.168 1.0094469533955
7.169 1.00945075925186
7.17 1.00945452783511
7.171 1.00945828984075
7.172 1.00946205184639
7.173 1.00946580363025
7.174 1.00946952304518
7.175 1.0094732424601
7.176 1.00947696187503
7.177 1.00948065435052
7.178 1.00948433100445
7.179 1.00948800765837
7.18 1.00949168339755
7.181 1.00949531431409
7.182 1.00949894523062
7.183 1.00950257614715
7.184 1.00950618695723
7.185 1.00950976883361
7.186 1.00951335071
7.187 1.00951693258638
7.188 1.00952047258844
7.189 1.00952400212191
7.19 1.00952753165539
7.191 1.00953105061618
7.192 1.00953452450398
7.193 1.00953799839178
7.194 1.00954147227958
7.195 1.0095449119773
7.196 1.00954832691667
7.197 1.00955174185604
7.198 1.00955515679541
7.199 1.00955851135112
7.2 1.00956186403929
7.201 1.00956521672746
7.202 1.00956854581621
7.203 1.00957183295043
7.204 1.00957512008465
7.205 1.00957840721887
7.206 1.00958164271056
7.207 1.00958486098806
7.208 1.00958807926556
7.209 1.00959128744073
7.21 1.00959443355876
7.211 1.00959757967678
7.212 1.00960072579481
7.213 1.00960383191785
7.214 1.00960690257364
7.215 1.00960997322943
7.216 1.00961304388522
7.217 1.0096160420772
7.218 1.00961903396799
7.219 1.00962202585878
7.22 1.00962499230856
7.221 1.00962790213159
7.222 1.00963081195461
7.223 1.00963372177764
7.224 1.0096365718413
7.225 1.00963939629381
7.226 1.00964222074632
7.227 1.00964503721823
7.228 1.00964777299745
7.229 1.00965050877668
7.23 1.0096532445559
7.231 1.00965593618663
7.232 1.00965857998981
7.233 1.00966122379299
7.234 1.00966386759617
7.235 1.00966642850679
7.236 1.00966897703116
7.237 1.00967152555554
7.238 1.00967404844871
7.239 1.00967649839152
7.24 1.00967894833433
7.241 1.00968139827715
7.242 1.00968378199515
7.243 1.00968613005363
7.244 1.00968847811211
7.245 1.00969082196312
7.246 1.00969306483451
7.247 1.00969530770591
7.248 1.0096975505773
7.249 1.00969974679807
7.25 1.00970188117961
7.251 1.00970401556116
7.252 1.00970614994271
7.253 1.00970819265432
7.254 1.00971021524326
7.255 1.0097122378322
7.256 1.00971423625111
7.257 1.00971614374468
7.258 1.00971805123825
7.259 1.00971995873182
7.26 1.00972179518651
7.261 1.00972358428195
7.262 1.00972537337739
7.263 1.00972716247283
7.264 1.00972883108438
7.265 1.00973049847892
7.266 1.00973216587346
7.267 1.00973378576662
7.268 1.00973532815751
7.269 1.0097368705484
7.27 1.00973841293929
7.271 1.00973985653425
7.272 1.00974127061872
7.273 1.0097426847032
7.274 1.00974407773021
7.275 1.00974536020551
7.276 1.00974664268081
7.277 1.00974792515611
7.278 1.00974913342985
7.279 1.00975028099322
7.28 1.00975142855658
7.281 1.00975257611995
7.282 1.0097535937615
7.283 1.00975460311017
7.284 1.00975561245883
7.285 1.00975657510674
7.286 1.00975744293795
7.287 1.00975831076915
7.288 1.00975917860036
7.289 1.00975994216101
7.29 1.009760665172
7.291 1.00976138818299
7.292 1.00976209490045
7.293 1.00976266978846
7.294 1.00976324467647
7.295 1.00976381956448
7.296 1.00976431873961
7.297 1.00976474220188
7.298 1.00976516566415
7.299 1.00976558912642
7.3 1.00976587488032
7.301 1.00976614361408
7.302 1.00976641234784
7.303 1.00976663683285
7.304 1.00976674753535
7.305 1.00976685823785
7.306 1.00976696894035
7.307 1.00976697154906
7.308 1.00976692091754
7.309 1.00976687028601
7.31 1.00976680977628
7.311 1.00976659450797
7.312 1.00976637923966
7.313 1.00976616397135
7.314 1.00976587313024
7.315 1.00976548992239
7.316 1.00976510671453
7.317 1.00976472350668
7.318 1.00976419646768
7.319 1.00976364203227
7.32 1.00976308759686
7.321 1.00976249330056
7.322 1.00976176555691
7.323 1.00976103781326
7.324 1.00976031006962
7.325 1.00975947487715
7.326 1.00975857382895
7.327 1.00975767278075
7.328 1.00975677000161
7.329 1.0097556958593
7.33 1.00975462171699
7.331 1.00975354757468
7.332 1.0097524042789
7.333 1.00975115725291
7.334 1.00974991022692
7.335 1.00974866320094
7.336 1.0097472797631
7.337 1.00974586006388
7.338 1.00974444036466
7.339 1.00974298962214
7.34 1.00974139746012
7.341 1.00973980529811
7.342 1.0097382131361
7.343 1.00973652279024
7.344 1.00973475837587
7.345 1.0097329939615
7.346 1.00973122954712
7.347 1.00972929997251
7.348 1.00972736351622
7.349 1.00972542705993
7.35 1.00972343046262
7.351 1.00972132217485
7.352 1.00971921388708
7.353 1.00971710559931
7.354 1.00971487031197
7.355 1.00971259040316
7.356 1.00971031049435
7.357 1.00970800830217
7.358 1.00970555698275
7.359 1.00970310566334
7.36 1.00970065434393
7.361 1.00969811400043
7.362 1.00969549148085
7.363 1.00969286896128
7.364 1.0096902464417
7.365 1.00968746832148
7.366 1.00968467481217
7.367 1.00968188130287
7.368 1.00967903655978
7.369 1.0096760722712
7.37 1.00967310798262
7.371 1.00967014369403
7.372 1.00966706171294
7.373 1.0096639268555
7.374 1.00966079199807
7.375 1.00965764351196
7.376 1.00965433829612
7.377 1.00965103308028
7.378 1.00964772786444
7.379 1.00964434267905
7.38 1.00964086731524
7.381 1.00963739195143
7.382 1.00963391658761
7.383 1.00963029507752
7.384 1.00962664977618
7.385 1.00962300447484
7.386 1.00961931674172
7.387 1.00961550171329
7.388 1.00961168668485
7.389 1.00960787165642
7.39 1.00960394813732
7.391 1.00959996359223
7.392 1.00959597904715
7.393 1.00959198942287
7.394 1.00958783557157
7.395 1.00958368172026
7.396 1.00957952786896
7.397 1.00957530299743
7.398 1.00957098005035
7.399 1.00956665710327
7.4 1.00956233415619
7.401 1.00955787441198
7.402 1.00955338257957
7.403 1.00954889074715
7.404 1.00954436517976
7.405 1.00953970467244
7.406 1.00953504416512
7.407 1.0095303836578
7.408 1.00952562375645
7.409 1.00952079478468
7.41 1.0095159658129
7.411 1.00951113684113
7.412 1.00950614298041
7.413 1.00950114575461
7.414 1.00949614852881
7.415 1.00949108912689
7.416 1.00948592385751
7.417 1.00948075858813
7.418 1.00947559331875
7.419 1.00947030049618
7.42 1.00946496739366
7.421 1.00945963429114
7.422 1.00945427604521
7.423 1.00944877531998
7.424 1.00944327459475
7.425 1.00943777386952
7.426 1.00943218274166
7.427 1.00942651460417
7.428 1.00942084646667
7.429 1.00941517832917
7.43 1.00940935469398
7.431 1.00940351935465
7.432 1.00939768401533
7.433 1.00939179523876
7.434 1.00938579290805
7.435 1.00937979057734
7.436 1.00937378824663
7.437 1.00936766750144
7.438 1.00936149838978
7.439 1.00935532927812
7.44 1.0093491435094
7.441 1.00934280782723
7.442 1.00933647214505
7.443 1.00933013646288
7.444 1.00932371926427
7.445 1.00931721722202
7.446 1.00931071517978
7.447 1.00930421313753
7.448 1.0092975648836
7.449 1.00929089669172
7.45 1.00928422849984
7.451 1.00927751550438
7.452 1.00927068137331
7.453 1.00926384724223
7.454 1.00925701311116
7.455 1.0092500695991
7.456 1.00924306973927
7.457 1.00923606987943
7.458 1.00922906174368
7.459 1.00922189636553
7.46 1.00921473098738
7.461 1.00920756560923
7.462 1.00920032749472
7.463 1.00919299680666
7.464 1.00918566611861
7.465 1.00917833543056
7.466 1.00917086761218
7.467 1.00916337170686
7.468 1.00915587580155
7.469 1.00914834353004
7.47 1.00914068232387
7.471 1.0091330211177
7.472 1.00912535991154
7.473 1.00911759781182
7.474 1.00910977120641
7.475 1.00910194460099
7.476 1.00909411799557
7.477 1.00908612589252
7.478 1.00907813378946
7.479 1.00907014168641
7.48 1.00906208500091
7.481 1.00905392730184
7.482 1.00904576960276
7.483 1.00903761190369
7.484 1.00902932496297
7.485 1.00902100156947
7.486 1.00901267817598
7.487 1.00900432659771
7.488 1.00899583741142
7.489 1.00898734822512
7.49 1.00897885903883
7.491 1.00897027695347
7.492 1.00896162187598
7.493 1.00895296679849
7.494 1.008944311721
7.495 1.00893549895341
7.496 1.00892667788634
7.497 1.00891785681927
7.498 1.00890897928229
7.499 1.00889999212724
7.5 1.0088910049722
7.501 1.00888201781716
7.502 1.00887290934607
7.503 1.00886375600467
7.504 1.00885460266327
7.505 1.00884542936769
7.506 1.00883610974154
7.507 1.00882679011538
7.508 1.00881747048923
7.509 1.00880806600767
7.51 1.00879857999837
7.511 1.00878909398908
7.512 1.00877960797978
7.513 1.00876997213711
7.514 1.00876031964628
7.515 1.00875066715546
7.516 1.00874096635645
7.517 1.00873114728571
7.518 1.00872132821496
7.519 1.00871150914422
7.52 1.00870157673222
7.521 1.00869159098317
7.522 1.00868160523412
7.523 1.0086716078107
7.524 1.00866145528495
7.525 1.0086513027592
7.526 1.00864115023345
7.527 1.00863092094515
7.528 1.00862060154431
7.529 1.00861028214348
7.53 1.00859996274264
7.531 1.00858950141434
7.532 1.00857901504003
7.533 1.00856852866571
7.534 1.00855800219415
7.535 1.00854734874796
7.536 1.00853669530178
7.537 1.0085260418556
7.538 1.00851528309215
7.539 1.00850446247572
7.54 1.00849364185928
7.541 1.00848281789747
7.542 1.00847183001238
7.543 1.0084608421273
7.544 1.00844985424221
7.545 1.00843879773664
7.546 1.00842764248453
7.547 1.00841648723241
7.548 1.00840533198029
7.549 1.00839404275584
7.55 1.00838272003829
7.551 1.00837139732075
7.552 1.00836004276608
7.553 1.00834855248472
7.554 1.00833706220337
7.555 1.00832557192201
7.556 1.00831398439658
7.557 1.00830232645302
7.558 1.00829066850946
7.559 1.0082790105659
7.56 1.00826718989456
7.561 1.00825536419041
7.562 1.00824353848626
7.563 1.00823165235287
7.564 1.00821965878974
7.565 1.00820766522661
7.566 1.00819567166347
7.567 1.00818355213231
7.568 1.0081713906118
7.569 1.0081592290913
7.57 1.00814704404298
7.571 1.00813471446672
7.572 1.00812238489045
7.573 1.00811005531418
7.574 1.00809763661622
7.575 1.0080851388858
7.576 1.00807264115539
7.577 1.00806014342497
7.578 1.00804749090222
7.579 1.00803482491926
7.58 1.0080221589363
7.581 1.00800944076456
7.582 1.00799660643067
7.583 1.00798377209679
7.584 1.00797093776291
7.585 1.0079579855145
7.586 1.00794498273129
7.587 1.00793197994809
7.588 1.00791896199559
7.589 1.00790579066468
7.59 1.00789261933377
7.591 1.00787944800285
7.592 1.00786619572181
7.593 1.0078528557448
7.594 1.00783951576779
7.595 1.00782617579078
7.596 1.00781268900607
7.597 1.00779918028457
7.598 1.00778567156308
7.599 1.00777211894243
7.6 1.00775844137806
7.601 1.00774476381368
7.602 1.00773108624931
7.603 1.00771729887311
7.604 1.00770345236747
7.605 1.00768960586183
7.606 1.00767575259855
7.607 1.00766173715182
7.608 1.00764772170509
7.609 1.00763370625836
7.61 1.00761961994899
7.611 1.00760543970544
7.612 1.00759125946189
7.613 1.00757707921834
7.614 1.00756277180833
7.615 1.00754843648373
7.616 1.00753410115913
7.617 1.00751973539013
7.618 1.00750525509215
7.619 1.00749077479418
7.62 1.0074762944962
7.621 1.0074617332788
7.622 1.00744711811512
7.623 1.00743250295143
7.624 1.00741788778775
7.625 1.0074031491136
7.626 1.00738840919187
7.627 1.00737366927014
7.628 1.00735888578127
7.629 1.00734403120917
7.63 1.00732917663707
7.631 1.00731432206497
7.632 1.00729938699499
7.633 1.00728442788018
7.634 1.00726946876538
7.635 1.00725449454097
7.636 1.00723944099112
7.637 1.00722438744128
7.638 1.00720933389144
7.639 1.00719423396155
7.64 1.00717909608434
7.641 1.00716395820713
7.642 1.00714882032992
7.643 1.0071336126862
7.644 1.00711840058929
7.645 1.00710318849238
7.646 1.0070879552385
7.647 1.00707267902956
7.648 1.00705740282062
7.649 1.00704212661168
7.65 1.0070268115196
7.651 1.0070114813063
7.652 1.006996151093
7.653 1.00698081605106
7.654 1.00696544194107
7.655 1.00695006783107
7.656 1.00693469372108
7.657 1.00691930271657
7.658 1.00690389481755
7.659 1.00688848691853
7.66 1.00687307901951
7.661 1.00685765004409
7.662 1.00684221846371
7.663 1.00682678688334
7.664 1.00681135150233
7.665 1.00679590634827
7.666 1.0067804611942
7.667 1.00676501604014
7.668 1.00674956856384
7.669 1.00673411994376
7.67 1.00671867132368
7.671 1.00670322310209
7.672 1.00668778112366
7.673 1.00667233914522
7.674 1.00665689716679
7.675 1.00664146272555
7.676 1.00662603749643
7.677 1.00661061226731
7.678 1.00659518703819
7.679 1.00657978436894
7.68 1.00656438599681
7.681 1.00654898762468
7.682 1.00653359775442
7.683 1.00651823634694
7.684 1.00650287493947
7.685 1.00648751353199
7.686 1.00647218130936
7.687 1.0064568669742
7.688 1.00644155263905
7.689 1.0064262388757
7.69 1.00641098172053
7.691 1.00639572456537
7.692 1.00638046741021
7.693 1.00636523717011
7.694 1.00635004730261
7.695 1.00633485743511
7.696 1.00631966756761
7.697 1.00630453884241
7.698 1.00628942637024
7.699 1.00627431389807
7.7 1.00625921717644
7.701 1.00624419220726
7.702 1.00622916723808
7.703 1.00621414226891
7.704 1.00619917293781
7.705 1.0061842455793
7.706 1.00616931822079
7.707 1.00615439086228
7.708 1.00613956691337
7.709 1.00612474727319
7.71 1.00610992763302
7.711 1.00609514923194
7.712 1.00608044741776
7.713 1.00606574560359
7.714 1.00605104378942
7.715 1.00603643664616
7.716 1.00602186276566
7.717 1.00600728888516
7.718 1.00599273295003
7.719 1.00597829711087
7.72 1.0059638612717
7.721 1.00594942543254
7.722 1.00593506663086
7.723 1.0059207789407
7.724 1.00590649125055
7.725 1.00589220356039
7.726 1.00587805988381
7.727 1.00586393045033
7.728 1.00584980101686
7.729 1.00583572209268
7.73 1.00582176102355
7.731 1.00580779995441
7.732 1.00579383888528
7.733 1.00578000096184
7.734 1.00576621836471
7.735 1.00575243576759
7.736 1.00573866825684
7.737 1.00572507423941
7.738 1.00571148022197
7.739 1.00569788620453
7.74 1.00568438557015
7.741 1.00567099024006
7.742 1.00565759490998
7.743 1.00564419957989
7.744 1.00563098381352
7.745 1.00561779727846
7.746 1.00560461074339
7.747 1.00559147893399
7.748 1.00557851130161
7.749 1.00556554366923
7.75 1.00555257603685
7.751 1.0055397547962
7.752 1.0055270159009
7.753 1.0055142770056
7.754 1.00550154500427
7.755 1.00548903590807
7.756 1.00547652681188
7.757 1.00546401771568
7.758 1.0054516012017
7.759 1.00543931253936
7.76 1.00542702387702
7.761 1.00541473521467
7.762 1.00540261702596
7.763 1.00539053882488
7.764 1.00537846062381
7.765 1.00536642252047
7.766 1.00535454480807
7.767 1.00534266709567
7.768 1.00533078938327
7.769 1.00531902407536
7.77 1.00530733687904
7.771 1.00529564968273
7.772 1.00528396248641
7.773 1.00527245222271
7.774 1.00526094556988
7.775 1.00524943891705
7.776 1.00523799537545
7.777 1.00522665929352
7.778 1.00521532321159
7.779 1.00520398712965
7.78 1.00519277310243
7.781 1.0051815976188
7.782 1.00517042213517
7.783 1.0051592692454
7.784 1.00514824438748
7.785 1.00513721952956
7.786 1.00512619467164
7.787 1.00511524576641
7.788 1.00510436156161
7.789 1.00509347735681
7.79 1.00508259315202
7.791 1.0050718304801
7.792 1.00506107695583
7.793 1.00505032343156
7.794 1.00503960853382
7.795 1.00502897571748
7.796 1.00501834290114
7.797 1.0050077100848
7.798 1.00499715589055
7.799 1.00498663380955
7.8 1.00497611172856
7.801 1.00496559972384
7.802 1.00495517840559
7.803 1.00494475708734
7.804 1.00493433576909
7.805 1.00492395893801
7.806 1.00491362840992
7.807 1.00490329788182
7.808 1.00489296735372
7.809 1.00488270794508
7.81 1.00487245823456
7.811 1.00486220852403
7.812 1.00485197794164
7.813 1.00484179907608
7.814 1.00483162021051
7.815 1.00482144134495
7.816 1.00481130265516
7.817 1.00480118466198
7.818 1.00479106666879
7.819 1.0047809512206
7.82 1.0047708841272
7.821 1.00476081703381
7.822 1.00475074994041
7.823 1.00474070085498
7.824 1.00473067468878
7.825 1.00472064852258
7.826 1.00471062235637
7.827 1.00470062188249
7.828 1.00469062667088
7.829 1.00468063145928
7.83 1.00467064086372
7.831 1.00466066663412
7.832 1.00465069240453
7.833 1.00464071817493
7.834 1.00463075066108
7.835 1.0046207874409
7.836 1.00461082422072
7.837 1.00460086100054
7.838 1.00459089881718
7.839 1.00458093663383
7.84 1.00457097445047
7.841 1.00456100878216
7.842 1.00455103766303
7.843 1.00454106654391
7.844 1.00453109542478
7.845 1.00452110955713
7.846 1.00451111952964
7.847 1.00450112950215
7.848 1.00449113456489
7.849 1.00448111565645
7.85 1.004471096748
7.851 1.00446107783956
7.852 1.00445103717312
7.853 1.00444097941113
7.854 1.00443092164914
7.855 1.00442086388715
7.856 1.00441075974032
7.857 1.00440065315219
7.858 1.00439054656406
7.859 1.00438041998436
7.86 1.00437025459749
7.861 1.00436008921063
7.862 1.00434992382376
7.863 1.00433970823383
7.864 1.00432947407564
7.865 1.00431923991745
7.866 1.00430899630999
7.867 1.00429868340788
7.868 1.00428837050577
7.869 1.00427805760366
7.87 1.00426769945613
7.871 1.00425729783752
7.872 1.0042468962189
7.873 1.00423649460028
7.874 1.00422600416147
7.875 1.00421550385375
7.876 1.00420500354602
7.877 1.00419447172641
7.878 1.00418386275699
7.879 1.00417325378757
7.88 1.00416264481815
7.881 1.00415195517742
7.882 1.00414122757372
7.883 1.00413049997001
7.884 1.00411976336383
7.885 1.00410890715324
7.886 1.00409805094265
7.887 1.00408719473207
7.888 1.00407627477492
7.889 1.00406527998487
7.89 1.00405428519481
7.891 1.00404329040475
7.892 1.00403216934543
7.893 1.00402102600331
7.894 1.00400988266118
7.895 1.00399870134031
7.896 1.0039873997534
7.897 1.00397609816649
7.898 1.00396479657959
7.899 1.00395339363971
7.9 1.00394193117507
7.901 1.00393046871043
7.902 1.00391900312406
7.903 1.0039073845728
7.904 1.00389576602153
7.905 1.00388414747026
7.906 1.00387246703246
7.907 1.00386069753845
7.908 1.00384892804444
7.909 1.00383715855042
7.91 1.00382527241732
7.911 1.00381335712445
7.912 1.00380144183158
7.913 1.00378949981426
7.914 1.00377744386642
7.915 1.00376538791858
7.916 1.00375333197073
7.917 1.00374119742646
7.918 1.00372900596754
7.919 1.00371681450861
7.92 1.00370462304969
7.921 1.00369230513458
7.922 1.00367998330845
7.923 1.00366766148233
7.924 1.00365529457581
7.925 1.00364284752638
7.926 1.00363040047695
7.927 1.00361795342752
7.928 1.00360541631852
7.929 1.00359284918966
7.93 1.0035802820608
7.931 1.00356769884096
7.932 1.00355501677657
7.933 1.00354233471217
7.934 1.00352965264778
7.935 1.00351691239381
7.936 1.00350412053776
7.937 1.00349132868172
7.938 1.00347853682567
7.939 1.00346564869369
7.94 1.00345275218988
7.941 1.00343985568607
7.942 1.00342692833606
7.943 1.00341393232837
7.944 1.00340093632069
7.945 1.00338794031301
7.946 1.00337487825333
7.947 1.00336178788565
7.948 1.00334869751798
7.949 1.00333559912085
7.95 1.00332241953707
7.951 1.00330923995329
7.952 1.00329606036951
7.953 1.00328284043107
7.954 1.00326957677508
7.955 1.00325631311908
7.956 1.00324304946309
7.957 1.00322971713945
7.958 1.00321637455512
7.959 1.0032030319708
7.96 1.00318967020252
7.961 1.00317625383375
7.962 1.00316283746499
7.963 1.00314942109622
7.964 1.00313596011109
7.965 1.00312247510177
7.966 1.00310899009245
7.967 1.00309550254326
7.968 1.00308195403727
7.969 1.00306840553128
7.97 1.00305485702529
7.971 1.0030412834276
7.972 1.00302767656882
7.973 1.00301406971005
7.974 1.00300046285127
7.975 1.0029868123612
7.976 1.00297315229354
7.977 1.00295949222587
7.978 1.00294582206455
7.979 1.00293211393187
7.98 1.00291840579919
7.981 1.00290469766651
7.982 1.00289096378116
7.983 1.00287721272736
7.984 1.00286346167356
7.985 1.00284971061976
7.986 1.00283592216649
7.987 1.00282213333546
7.988 1.00280834450442
7.989 1.00279454327271
7.99 1.00278072180833
7.991 1.00276690034394
7.992 1.00275307887956
7.993 1.00273923624829
7.994 1.00272538729444
7.995 1.0027115383406
7.996 1.00269768581146
7.997 1.00268381451204
7.998 1.00266994321262
7.999 1.0026560719132
8 1.00264219115285
8.001 1.00262830265174
8.002 1.00261441415063
8.003 1.00260052564953
8.004 1.00258662581408
8.005 1.00257272525517
8.006 1.00255882469626
8.007 1.00254492185576
8.008 1.00253101438293
8.009 1.00251710691011
8.01 1.00250319943728
8.011 1.00248929069004
8.012 1.00247538144719
8.013 1.00246147220434
8.014 1.00244756333261
8.015 1.00243365746362
8.016 1.00241975159462
8.017 1.00240584572563
8.018 1.00239194411551
8.019 1.00237804676426
8.02 1.00236414941301
8.021 1.00235025206177
8.022 1.00233636686937
8.023 1.00232248317976
8.024 1.00230859949014
8.025 1.00229472106607
8.026 1.00228085618198
8.027 1.00226699129789
8.028 1.00225312641379
8.029 1.0022392775758
8.03 1.00222543664111
8.031 1.00221159570642
8.032 1.00219775651733
8.033 1.00218394467593
8.034 1.00217013283453
8.035 1.00215632099314
8.036 1.00214252455847
8.037 1.00212874695426
8.038 1.00211496935004
8.039 1.00210119174582
8.04 1.00208744709703
8.041 1.00207370872545
8.042 1.00205997035387
8.043 1.00204624146268
8.044 1.00203254431015
8.045 1.00201884715762
8.046 1.00200515000509
8.047 1.00199147790393
8.048 1.00197782115685
8.049 1.00196416440976
8.05 1.00195050805752
8.051 1.00193689079572
8.052 1.00192327353391
8.053 1.0019096562721
8.054 1.00189605443635
8.055 1.00188247573967
8.056 1.00186889704299
8.057 1.00185531834631
8.058 1.00184176938916
8.059 1.00182822833744
8.06 1.00181468728573
8.061 1.00180115284448
8.062 1.00178764851757
8.063 1.00177414419067
8.064 1.00176063986376
8.065 1.00174715594551
8.066 1.00173368742325
8.067 1.001720218901
8.068 1.00170675037875
8.069 1.00169331534561
8.07 1.00167988170785
8.071 1.00166644807009
8.072 1.00165302631985
8.073 1.00163962664643
8.074 1.001626226973
8.075 1.00161282729958
8.076 1.00159945207885
8.077 1.00158608544961
8.078 1.00157271882036
8.079 1.00155935636724
8.08 1.00154602186202
8.081 1.00153268735679
8.082 1.00151935285157
8.083 1.00150603457235
8.084 1.00149273127099
8.085 1.00147942796963
8.086 1.00146612466826
8.087 1.00145284892507
8.088 1.00143957590742
8.089 1.00142630288976
8.09 1.00141303868117
8.091 1.00139979502706
8.092 1.00138655137295
8.093 1.00137330771884
8.094 1.00136008369067
8.095 1.00134686847995
8.096 1.00133365326923
8.097 1.00132044026037
8.098 1.00130725257288
8.099 1.0012940648854
8.1 1.00128087719791
8.101 1.00126770201387
8.102 1.00125454092945
8.103 1.00124137984504
8.104 1.00122821876063
8.105 1.00121507976352
8.106 1.00120194436202
8.107 1.00118880896052
8.108 1.00117567974972
8.109 1.00116256911098
8.11 1.00114945847224
8.111 1.0011363478335
8.112 1.00112325245402
8.113 1.00111016565788
8.114 1.00109707886174
8.115 1.00108399275328
8.116 1.00107092887958
8.117 1.00105786500589
8.118 1.00104480113219
8.119 1.00103174649946
8.12 1.00101870462805
8.121 1.00100566275664
8.122 1.00099262088523
8.123 1.00097959609034
8.124 1.00096657530106
8.125 1.00095355451178
8.126 1.00094053775489
8.127 1.00092753712757
8.128 1.00091453650026
8.129 1.00090153587295
8.13 1.00088854659831
8.131 1.00087556521281
8.132 1.00086258382731
8.133 1.00084960244181
8.134 1.00083663901153
8.135 1.00082367594768
8.136 1.00081071288383
8.137 1.00079775625854
8.138 1.00078481059619
8.139 1.00077186493384
8.14 1.00075891927149
8.141 1.00074598613496
8.142 1.00073305695395
8.143 1.00072012777293
8.144 1.0007072009261
8.145 1.00069428730627
8.146 1.00068137368644
8.147 1.00066846006661
8.148 1.00065555435293
8.149 1.00064265537412
8.15 1.00062975639532
8.151 1.00061685741651
8.152 1.0006039711981
8.153 1.00059108594016
8.154 1.00057820068222
8.155 1.00056531952051
8.156 1.00055244706327
8.157 1.00053957460604
8.158 1.00052670214881
8.159 1.00051383812676
8.16 1.00050097755008
8.161 1.0004881169734
8.162 1.00047525749275
8.163 1.00046240787646
8.164 1.00044955826017
8.165 1.00043670864388
8.166 1.0004238639473
8.167 1.00041102437124
8.168 1.00039818479519
8.169 1.00038534521913
8.17 1.00037251366874
8.171 1.00035968321276
8.172 1.00034685275678
8.173 1.00033402451477
8.174 1.00032120225871
8.175 1.00030838000265
8.176 1.00029555774659
8.177 1.00028274029517
8.178 1.00026992531887
8.179 1.00025711034257
8.18 1.00024429568425
8.181 1.00023148706755
8.182 1.00021867845085
8.183 1.00020586983416
8.184 1.0001930635739
8.185 1.00018026031274
8.186 1.00016745705158
8.187 1.00015465379043
8.188 1.00014185298582
8.189 1.00012905268436
8.19 1.0001162523829
8.191 1.00010345195344
8.192 1.00009065107016
8.193 1.00007785018688
8.194 1.0000650493036
8.195 1.00005224588428
8.196 1.00003944084357
8.197 1.00002663580285
8.198 1.00001383076214
8.199 1.00000101798837
8.2 0.999988205214606
8.201 0.999975392440839
8.202 0.99996257525669
8.203 0.999949751174252
8.204 0.999936927091814
8.205 0.999924103009376
8.206 0.999911267317194
8.207 0.999898428350468
8.208 0.999885589383742
8.209 0.999872747278833
8.21 0.999859889852202
8.211 0.999847032425571
8.212 0.99983417499894
8.213 0.999821305232416
8.214 0.999808425770262
8.215 0.999795546308108
8.216 0.999782666845955
8.217 0.999769763053218
8.218 0.999756857979924
8.219 0.99974395290663
8.22 0.999731037909839
8.221 0.999718103649787
8.222 0.999705169389736
8.223 0.999692235129685
8.224 0.9996792769531
8.225 0.999666309930674
8.226 0.999653342908248
8.227 0.999640371525263
8.228 0.999627368164844
8.229 0.999614364804426
8.23 0.999601361444007
8.231 0.999588337727648
8.232 0.99957529445362
8.233 0.999562251179592
8.234 0.999549207905564
8.235 0.999536125491231
8.236 0.999523038727976
8.237 0.999509951964721
8.238 0.999496851552661
8.239 0.999483717724561
8.24 0.999470583896462
8.241 0.999457450068362
8.242 0.999444281804748
8.243 0.999431097336187
8.244 0.999417912867626
8.245 0.999404724603939
8.246 0.999391485919298
8.247 0.999378247234658
8.248 0.999365008550017
8.249 0.999351743281196
8.25 0.999338446804858
8.251 0.999325150328521
8.252 0.999311853852184
8.253 0.99929850521363
8.254 0.999285147369978
8.255 0.999271789526327
8.256 0.999258416096372
8.257 0.99924499330979
8.258 0.999231570523207
8.259 0.999218147736625
8.26 0.999204681783356
8.261 0.999191190478225
8.262 0.999177699173093
8.263 0.999164206426078
8.264 0.99915064302678
8.265 0.999137079627482
8.266 0.999123516228185
8.267 0.999109921804276
8.268 0.999096282735195
8.269 0.999082643666113
8.27 0.999069004597032
8.271 0.99905530213163
8.272 0.999041583817148
8.273 0.999027865502666
8.274 0.99901413145219
8.275 0.999000330316689
8.276 0.998986529181188
8.277 0.998972728045687
8.278 0.998958876800138
8.279 0.998944989268002
8.28 0.998931101735865
8.281 0.998917214203729
8.282 0.998903239398507
8.283 0.998889261894118
8.284 0.998875284389728
8.285 0.998861273208105
8.286 0.998847202155845
8.287 0.998833131103584
8.288 0.998819060051324
8.289 0.998804916156448
8.29 0.9987907479807
8.291 0.998776579804952
8.292 0.998762397531329
8.293 0.998748128656476
8.294 0.998733859781622
8.295 0.998719590906768
8.296 0.998705266766312
8.297 0.998690893616735
8.298 0.998676520467159
8.299 0.998662147317583
8.3 0.998647674945694
8.301 0.998633193945778
8.302 0.998618712945861
8.303 0.998604197403898
8.304 0.998589604978024
8.305 0.99857501255215
8.306 0.998560420126276
8.307 0.9985457471993
8.308 0.998531039771851
8.309 0.998516332344402
8.31 0.998501614245006
8.311 0.998486788240365
8.312 0.998471962235724
8.313 0.998457136231082
8.314 0.998442251593093
8.315 0.998427303435642
8.316 0.998412355278191
8.317 0.99839740712074
8.318 0.998382349579557
8.319 0.998367275693679
8.32 0.998352201807802
8.321 0.998337094302872
8.322 0.99832189111295
8.323 0.998306687923027
8.324 0.998291484733105
8.325 0.998276195171402
8.326 0.998260859101818
8.327 0.998245523032233
8.328 0.998230181527109
8.329 0.998214709569021
8.33 0.998199237610934
8.331 0.998183765652847
8.332 0.998168237324171
8.333 0.998152634271691
8.334 0.998137031219212
8.335 0.998121428166732
8.336 0.998105726203944
8.337 0.998090002529137
8.338 0.99807427885433
8.339 0.998058532074904
8.34 0.9980426983781
8.341 0.998026864681295
8.342 0.998011030984491
8.343 0.997995137634686
8.344 0.997979204516215
8.345 0.997963271397743
8.346 0.997947338279272
8.347 0.997931317227677
8.348 0.997915295287869
8.349 0.997899273348061
8.35 0.997883221684271
8.351 0.997867121523457
8.352 0.997851021362643
8.353 0.997834921201829
8.354 0.997818768973095
8.355 0.997802601191605
8.356 0.997786433410115
8.357 0.997770256505369
8.358 0.997754031703534
8.359 0.997737806901699
8.36 0.997721582099864
8.361 0.99770533176702
8.362 0.99768906054517
8.363 0.99767278932332
8.364 0.99765651810147
8.365 0.997640213209116
8.366 0.997623906167581
8.367 0.997607599126046
8.368 0.997591283762125
8.369 0.997574951501236
8.37 0.997558619240347
8.371 0.997542286979458
8.372 0.997525944192872
8.373 0.997509597312959
8.374 0.997493250433046
8.375 0.997476903111077
8.376 0.997460552212471
8.377 0.997444201313865
8.378 0.997427850415258
8.379 0.99741150280747
8.38 0.997395158490501
8.381 0.997378814173532
8.382 0.997362469856563
8.383 0.997346140831544
8.384 0.997329813696542
8.385 0.99731348656154
8.386 0.997297167205582
8.387 0.997280867852877
8.388 0.997264568500173
8.389 0.997248269147469
8.39 0.997231995511125
8.391 0.997215734541049
8.392 0.997199473570973
8.393 0.997183215539874
8.394 0.997167003552756
8.395 0.997150791565638
8.396 0.997134579578521
8.397 0.997118394403883
8.398 0.997102242000055
8.399 0.997086089596226
8.4 0.997069937192398
8.401 0.997053843742809
8.402 0.997037761522599
8.403 0.997021679302389
8.404 0.997005615662488
8.405 0.996989614226228
8.406 0.996973612789969
8.407 0.996957611353709
8.408 0.996941666575702
8.409 0.996925756523723
8.41 0.996909846471743
8.411 0.996893937439609
8.412 0.99687812937224
8.413 0.996862321304871
8.414 0.996846513237502
8.415 0.996830750204109
8.416 0.99681505472168
8.417 0.996799359239252
8.418 0.996783663756823
8.419 0.996768065590759
8.42 0.996752493293601
8.421 0.996736920996444
8.422 0.996721372780695
8.423 0.996705934269139
8.424 0.996690495757583
8.425 0.996675057246027
8.426 0.996659701034453
8.427 0.996644406908829
8.428 0.996629112783205
8.429 0.996613818657582
8.43 0.99659867331877
8.431 0.996583534179408
8.432 0.996568395040047
8.433 0.996553313855993
8.434 0.996538340303225
8.435 0.996523366750456
8.436 0.996508393197688
8.437 0.996493550023242
8.438 0.996478752657396
8.439 0.996463955291551
8.44 0.996449182208048
8.441 0.996434571629456
8.442 0.996419961050865
8.443 0.996405350472273
8.444 0.996390842535225
8.445 0.996376429344217
8.446 0.996362016153209
8.447 0.996347602962201
8.448 0.996333379040195
8.449 0.996319173837101
8.45 0.996304968634008
8.451 0.996290829007387
8.452 0.996276842392538
8.453 0.996262855777689
8.454 0.99624886916284
8.455 0.996235040688108
8.456 0.996221283261834
8.457 0.99620752583556
8.458 0.996193787592399
8.459 0.99618026995503
8.46 0.996166752317662
8.461 0.996153234680293
8.462 0.996139834725866
8.463 0.996126567477733
8.464 0.9961133002296
8.465 0.996100032981468
8.466 0.996086990184362
8.467 0.996073983925796
8.468 0.99606097766723
8.469 0.996048039306138
8.47 0.996035304637468
8.471 0.996022569968799
8.472 0.996009835300129
8.473 0.995997280766356
8.474 0.995984827558462
8.475 0.995972374350567
8.476 0.995959929629664
8.477 0.995947759321458
8.478 0.995935589013252
8.479 0.995923418705046
8.48 0.995911365543779
8.481 0.995899474156858
8.482 0.995887582769937
8.483 0.995875691383016
8.484 0.995864022627516
8.485 0.9958524060942
8.486 0.995840789560885
8.487 0.995829227184755
8.488 0.995817881437366
8.489 0.995806535689977
8.49 0.995795189942589
8.491 0.995784001558966
8.492 0.995772922529825
8.493 0.995761843500684
8.494 0.995750764471543
8.495 0.995739942839959
8.496 0.995729126461386
8.497 0.995718310082814
8.498 0.99570758937991
8.499 0.995697031584227
8.5 0.995686473788544
8.501 0.995675915992861
8.502 0.995665551628737
8.503 0.995655248348264
8.504 0.995644945067791
8.505 0.995634679354448
8.506 0.995624626521506
8.507 0.995614573688564
8.508 0.995604520855622
8.509 0.9955946010678
8.51 0.99558479461471
8.511 0.99557498816162
8.512 0.99556518170853
8.513 0.995555600605761
8.514 0.995546036464844
8.515 0.995536472323927
8.516 0.995526984421249
8.517 0.995517658524825
8.518 0.995508332628402
8.519 0.995499006731979
8.52 0.995489847101094
8.521 0.995480755381485
8.522 0.995471663661877
8.523 0.995462594953182
8.524 0.995453733342709
8.525 0.995444871732235
8.526 0.995436010121762
8.527 0.995427259271603
8.528 0.995418623702586
8.529 0.99540998813357
8.53 0.995401352564553
8.531 0.995392912332461
8.532 0.995384498737222
8.533 0.995376085141983
8.534 0.99536773038139
8.535 0.995359534692249
8.536 0.995351339003108
8.537 0.995343143313967
8.538 0.995335088758182
8.539 0.99532710690746
8.54 0.995319125056738
8.541 0.995311153694553
8.542 0.995303381614571
8.543 0.995295609534589
8.544 0.995287837454607
8.545 0.995280155883972
8.546 0.995272589507051
8.547 0.99526502313013
8.548 0.995257456753209
8.549 0.995250057733654
8.55 0.995242692992115
8.551 0.995235328250576
8.552 0.995228006973931
8.553 0.995220839800094
8.554 0.995213672626258
8.555 0.995206505452421
8.556 0.995199456313599
8.557 0.995192482639786
8.558 0.995185508965972
8.559 0.995178535292159
8.56 0.995171751050691
8.561 0.995164966809222
8.562 0.995158182567754
8.563 0.995151470618505
8.564 0.995144871741701
8.565 0.995138272864897
8.566 0.995131673988094
8.567 0.99512521652294
8.568 0.995118798943122
8.569 0.995112381363305
8.57 0.99510599391247
8.571 0.99509975356196
8.572 0.99509351321145
8.573 0.99508727286094
8.574 0.995081129480942
8.575 0.99507506229206
8.576 0.995068995103177
8.577 0.995062927914295
8.578 0.995057021364664
8.579 0.995051123269731
8.58 0.995045225174798
8.581 0.995039383188796
8.582 0.995033650120133
8.583 0.995027917051469
8.584 0.995022183982805
8.585 0.995016568413913
8.586 0.99501099630384
8.587 0.995005424193767
8.588 0.994999870910604
8.589 0.994994455691442
8.59 0.994989040472281
8.591 0.99498362525312
8.592 0.994978287973807
8.593 0.994973025577878
8.594 0.994967763181949
8.595 0.99496250078602
8.596 0.994957372270089
8.597 0.994952258629713
8.598 0.994947144989338
8.599 0.994942073308446
8.6 0.994937104355944
8.601 0.994932135403443
8.602 0.994927166450941
8.603 0.994922293120172
8.604 0.994917464787866
8.605 0.994912636455559
8.606 0.994907817681929
8.607 0.994903125902138
8.608 0.994898434122348
8.609 0.994893742342558
8.61 0.994889111505792
8.611 0.994884552210838
8.612 0.994879992915885
8.613 0.994875433620931
8.614 0.994870983480561
8.615 0.994866552602766
8.616 0.99486212172497
8.617 0.994857720722726
8.618 0.9948534143264
8.619 0.994849107930073
8.62 0.994844801533746
8.621 0.994840571895855
8.622 0.994836387338316
8.623 0.994832202780777
8.624 0.994828020621806
8.625 0.994823955992636
8.626 0.994819891363467
8.627 0.994815826734298
8.628 0.994811810495911
8.629 0.99480786389304
8.63 0.994803917290168
8.631 0.994799970687297
8.632 0.994796116983807
8.633 0.994792286505163
8.634 0.994788456026518
8.635 0.994784647250083
8.636 0.994780930993593
8.637 0.994777214737102
8.638 0.994773498480612
8.639 0.99476984736977
8.64 0.994766243433362
8.641 0.994762639496955
8.642 0.994759035560547
8.643 0.99475553872961
8.644 0.994752045211214
8.645 0.994748551692818
8.646 0.994745097240159
8.647 0.994741712237702
8.648 0.994738327235245
8.649 0.994734942232787
8.65 0.99473163719073
8.651 0.99472835880214
8.652 0.99472508041355
8.653 0.994721816684611
8.654 0.994718643007816
8.655 0.994715469331022
8.656 0.994712295654227
8.657 0.994709176466586
8.658 0.994706105599515
8.659 0.994703034732445
8.66 0.994699963865374
8.661 0.994696985833342
8.662 0.994694015873923
8.663 0.994691045914504
8.664 0.994688106646815
8.665 0.994685235692976
8.666 0.994682364739137
8.667 0.994679493785299
8.668 0.994676690803916
8.669 0.994673916953585
8.67 0.994671143103254
8.671 0.994668377821053
8.672 0.994665699172158
8.673 0.994663020523264
8.674 0.99466034187437
8.675 0.994657708009171
8.676 0.994655122659642
8.677 0.994652537310112
8.678 0.994649951960583
8.679 0.994647446126698
8.68 0.994644952174462
8.681 0.994642458222225
8.682 0.994639987538746
8.683 0.99463758308173
8.684 0.994635178624715
8.685 0.994632774167699
8.686 0.994630426646231
8.687 0.994628109782364
8.688 0.994625792918498
8.689 0.994623479482274
8.69 0.994621248309486
8.691 0.994619017136697
8.692 0.994616785963908
8.693 0.994614590820391
8.694 0.994612443436608
8.695 0.994610296052825
8.696 0.994608148669042
8.697 0.994606068432545
8.698 0.994604002935695
8.699 0.994601937438846
8.7 0.994599888738818
8.701 0.99459790322683
8.702 0.994595917714843
8.703 0.994593932202855
8.704 0.994591993540542
8.705 0.994590086111344
8.706 0.994588178682147
8.707 0.99458627125295
8.708 0.994584439242664
8.709 0.994582607994186
8.71 0.994580776745707
8.711 0.994578973723114
8.712 0.994577216753282
8.713 0.99457545978345
8.714 0.994573702813617
8.715 0.994572001573748
8.716 0.99457031698049
8.717 0.994568632387233
8.718 0.994566959069896
8.719 0.994565344951142
8.72 0.994563730832388
8.721 0.994562116713633
8.722 0.994560540309716
8.723 0.994558994763393
8.724 0.99455744921707
8.725 0.994555903670747
8.726 0.994554420794562
8.727 0.994552941918598
8.728 0.994551463042634
8.729 0.994550005540205
8.73 0.994548591432529
8.731 0.994547177324853
8.732 0.994545763217176
8.733 0.994544394373176
8.734 0.994543043131715
8.735 0.994541691890255
8.736 0.99454034735485
8.737 0.994539057077534
8.738 0.994537766800217
8.739 0.994536476522901
8.74 0.994535215776621
8.741 0.994533984561376
8.742 0.994532753346132
8.743 0.994531522130888
8.744 0.994530341788044
8.745 0.9945291677328
8.746 0.994527993677556
8.747 0.994526835094532
8.748 0.994525716297216
8.749 0.994524597499901
8.75 0.994523478702585
8.751 0.994522395653694
8.752 0.994521330212235
8.753 0.994520264770777
8.754 0.994519202416546
8.755 0.994518188428872
8.756 0.994517174441198
8.757 0.994516160453524
8.758 0.994515168764121
8.759 0.99451420432816
8.76 0.994513239892199
8.761 0.994512275456239
8.762 0.994511351493873
8.763 0.994510435240764
8.764 0.994509518987655
8.765 0.994508614527536
8.766 0.994507749548297
8.767 0.994506884569059
8.768 0.99450601958982
8.769 0.994505189694347
8.77 0.994504381301828
8.771 0.994503572909309
8.772 0.994502765135948
8.773 0.994502018659248
8.774 0.994501272182548
8.775 0.994500525705848
8.776 0.994499806127115
8.777 0.994499126895333
8.778 0.994498447663551
8.779 0.994497768431769
8.78 0.994497146533461
8.781 0.994496539875697
8.782 0.994495933217933
8.783 0.994495340582729
8.784 0.994494811828082
8.785 0.994494283073435
8.786 0.994493754318787
8.787 0.994493273006503
8.788 0.994492827484072
8.789 0.994492381961641
8.79 0.99449193643921
8.791 0.994491575935642
8.792 0.994491218974527
8.793 0.994490862013412
8.794 0.994490537913942
8.795 0.994490274843241
8.796 0.994490011772541
8.797 0.99448974870184
8.798 0.99448955905358
8.799 0.994489395202394
8.8 0.994489231351208
8.801 0.994489081091342
8.802 0.994489021788769
8.803 0.994488962486197
8.804 0.994488903183625
8.805 0.994488901017463
8.806 0.994488951592603
8.807 0.994489002167744
8.808 0.994489052742884
8.809 0.994489208156224
8.81 0.994489373938177
8.811 0.99448953972013
8.812 0.994489741662857
8.813 0.994490027980721
8.814 0.994490314298586
8.815 0.994490600616451
8.816 0.994490973781173
8.817 0.994491385964049
8.818 0.994491798146924
8.819 0.994492220825329
8.82 0.994492764202315
8.821 0.994493307579301
8.822 0.994493850956287
8.823 0.994494458499181
8.824 0.994495138399377
8.825 0.994495818299573
8.826 0.994496498199769
8.827 0.99449730009295
8.828 0.994498121845455
8.829 0.99449894359796
8.83 0.994499802145817
8.831 0.99450077107973
8.832 0.994501740013643
8.833 0.994502708947556
8.834 0.994503775488194
8.835 0.994504896932616
8.836 0.994506018377037
8.837 0.994507144556646
8.838 0.994508423840674
8.839 0.994509703124702
8.84 0.994510982408731
8.841 0.994512330223615
8.842 0.99451377267635
8.843 0.994515215129084
8.844 0.994516657581819
8.845 0.994518236517776
8.846 0.994519847468316
8.847 0.994521458418857
8.848 0.994523104134778
8.849 0.994524888912224
8.85 0.994526673689669
8.851 0.994528458467114
8.852 0.994530348946602
8.853 0.994532312880052
8.854 0.994534276813502
8.855 0.994536240746952
8.856 0.994538385475804
8.857 0.994540533894358
8.858 0.994542682312912
8.859 0.994544900962721
8.86 0.994547239195478
8.861 0.994549577428235
8.862 0.994551915660991
8.863 0.994554402202658
8.864 0.994556935578718
8.865 0.994559468954777
8.866 0.994562032401697
8.867 0.994564766250158
8.868 0.99456750009862
8.869 0.994570233947081
8.87 0.994573078928353
8.871 0.994576018578315
8.872 0.994578958228277
8.873 0.99458189787824
8.874 0.994585033879661
8.875 0.994588184660224
8.876 0.994591335440787
8.877 0.994594555488454
8.878 0.994597922728717
8.879 0.99460128996898
8.88 0.994604657209243
8.881 0.994608181919553
8.882 0.994611770948615
8.883 0.994615359977677
8.884 0.994618971718529
8.885 0.99462278786549
8.886 0.99462660401245
8.887 0.994630420159411
8.888 0.994634350205401
8.889 0.994638398799359
8.89 0.994642447393318
8.891 0.994646495987276
8.892 0.9946507538242
8.893 0.994655040194256
8.894 0.994659326564312
8.895 0.994663678572771
8.896 0.994668208048023
8.897 0.994672737523276
8.898 0.994677266998528
8.899 0.994681960440416
8.9 0.994686738349964
8.901 0.994691516259513
8.902 0.994696306857231
8.903 0.994701338530175
8.904 0.994706370203118
8.905 0.994711401876062
8.906 0.994716547233284
8.907 0.994721837279588
8.908 0.994727127325892
8.909 0.994732417372196
8.91 0.994737921406761
8.911 0.994743469270247
8.912 0.994749017133733
8.913 0.994754621097759
8.914 0.994760423963702
8.915 0.994766226829644
8.916 0.994772029695586
8.917 0.994777986390257
8.918 0.994784041434442
8.919 0.994790096478627
8.92 0.994796151522812
8.921 0.994802455921026
8.922 0.99480876031924
8.923 0.994815064717454
8.924 0.994821465262295
8.925 0.994828016190324
8.926 0.994834567118353
8.927 0.994841118046383
8.928 0.994847859064781
8.929 0.994854653698411
8.93 0.994861448332041
8.931 0.994868283915507
8.932 0.994875319430525
8.933 0.994882354945542
8.934 0.99488939046056
8.935 0.994896559287595
8.936 0.994903832859787
8.937 0.994911106431978
8.938 0.994918380004169
8.939 0.994925877047673
8.94 0.994933385852824
8.941 0.994940894657975
8.942 0.9949484824821
8.943 0.994956223695997
8.944 0.994963964909895
8.945 0.994971706123792
8.946 0.994979614934398
8.947 0.994987585732827
8.948 0.994995556531257
8.949 0.995003554540925
8.95 0.995011752099673
8.951 0.995019949658421
8.952 0.995028147217168
8.953 0.99503645898333
8.954 0.995044880478183
8.955 0.995053301973035
8.956 0.995061723467888
8.957 0.995070343963442
8.958 0.995078986570185
8.959 0.995087629176928
8.96 0.995096335087098
8.961 0.995105195981518
8.962 0.995114056875939
8.963 0.995122917770359
8.964 0.995131925179935
8.965 0.995141001537819
8.966 0.995150077895702
8.967 0.995159169138333
8.968 0.995168458135466
8.969 0.995177747132599
8.97 0.995187036129732
8.971 0.995196421641781
8.972 0.99520592045395
8.973 0.995215419266118
8.974 0.995224918078287
8.975 0.995234592832654
8.976 0.995244298635645
8.977 0.995254004438635
8.978 0.995263759241612
8.979 0.99527366921121
8.98 0.995283579180808
8.981 0.995293489150407
8.982 0.995303525965713
8.983 0.995313637277706
8.984 0.995323748589698
8.985 0.995333863872054
8.986 0.995344173702227
8.987 0.9953544835324
8.988 0.995364793362573
8.989 0.995375183427272
8.99 0.995385688951411
8.991 0.995396194475551
8.992 0.99540669999969
8.993 0.995417359819632
8.994 0.995428058213524
8.995 0.995438756607416
8.996 0.995449491109961
8.997 0.995460379549392
8.998 0.995471267988823
8.999 0.995482156428254
9 0.995493153456054
9.001 0.99550422911681
9.002 0.995515304777566
9.003 0.995526380438322
9.004 0.995537634964276
9.005 0.995548895022144
9.006 0.995560155080012
9.007 0.995571480504122
9.008 0.995582922134888
9.009 0.995594363765653
9.01 0.995605805396418
9.011 0.995617381088696
9.012 0.995629001468144
9.013 0.995640621847593
9.014 0.995652266856468
9.015 0.995664063160386
9.016 0.995675859464305
9.017 0.995687655768223
9.018 0.995699543815278
9.019 0.995711513219452
9.02 0.995723482623627
9.021 0.995735452027802
9.022 0.995747578085936
9.023 0.995759717766153
9.024 0.99577185744637
9.025 0.995784049036654
9.026 0.9957963561687
9.027 0.995808663300745
9.028 0.99582097043279
9.029 0.995833392804166
9.03 0.995845864563826
9.031 0.995858336323486
9.032 0.995870822645452
9.033 0.995883456208514
9.034 0.995896089771575
9.035 0.995908723334636
9.036 0.995921433207707
9.037 0.995934225749955
9.038 0.995947018292203
9.039 0.995959810834451
9.04 0.995972739231526
9.041 0.995985687928747
9.042 0.995998636625968
9.043 0.996011625189187
9.044 0.996024727217168
9.045 0.996037829245149
9.046 0.99605093127313
9.047 0.996064131130365
9.048 0.996077383664892
9.049 0.996090636199419
9.05 0.996103894624081
9.051 0.996117294412003
9.052 0.996130694199925
9.053 0.996144093987847
9.054 0.996157554552661
9.055 0.996171095682193
9.056 0.996184636811724
9.057 0.996198177941256
9.058 0.996211829289076
9.059 0.996225504831154
9.06 0.996239180373232
9.061 0.996252882686409
9.062 0.996266685709914
9.063 0.99628048873342
9.064 0.996294291756925
9.065 0.996308167110615
9.066 0.99632209068443
9.067 0.996336014258244
9.068 0.996349937832058
9.069 0.996363973888871
9.07 0.996378011081875
9.071 0.99639204827488
9.072 0.996406126009352
9.073 0.996420269890428
9.074 0.996434413771504
9.075 0.996448557652581
9.076 0.996462778346511
9.077 0.99647702198454
9.078 0.99649126562257
9.079 0.996505524112733
9.08 0.996519860576597
9.081 0.996534197040461
9.082 0.996548533504325
9.083 0.996562917210283
9.084 0.996577339568863
9.085 0.996591761927443
9.086 0.996606184286023
9.087 0.996620680870385
9.088 0.996635182192563
9.089 0.99664968351474
9.09 0.996664208607636
9.091 0.996678781962292
9.092 0.996693355316948
9.093 0.996707928671604
9.094 0.99672254889924
9.095 0.996737187355257
9.096 0.996751825811273
9.097 0.996766470666016
9.098 0.996781167292275
9.099 0.996795863918533
9.1 0.996810560544791
9.101 0.996825282790611
9.102 0.996840030655992
9.103 0.996854778521373
9.104 0.996869526386754
9.105 0.99688431368626
9.106 0.996899105859645
9.107 0.996913898033031
9.108 0.996928700671945
9.109 0.996943530222216
9.11 0.996958359772488
9.111 0.996973189322759
9.112 0.996988039271695
9.113 0.997002899267734
9.114 0.997017759263773
9.115 0.997032620670691
9.116 0.997047504181379
9.117 0.997062387692066
9.118 0.997077271202754
9.119 0.99709216217603
9.12 0.997107062270248
9.121 0.997121962364465
9.122 0.997136862458683
9.123 0.997151770660927
9.124 0.997166680407556
9.125 0.997181590154185
9.126 0.997196500526712
9.127 0.997211412994635
9.128 0.997226325462557
9.129 0.997241237930479
9.13 0.99725614778831
9.131 0.997271056046407
9.132 0.997285964304503
9.133 0.99730087245119
9.134 0.997315769568343
9.135 0.997330666685496
9.136 0.997345563802648
9.137 0.997360453690976
9.138 0.997375332736065
9.139 0.997390211781155
9.14 0.997405090826244
9.141 0.997419950118821
9.142 0.997434804160729
9.143 0.997449658202638
9.144 0.997464506496373
9.145 0.997479328603981
9.146 0.997494150711589
9.147 0.997508972819197
9.148 0.997523772773517
9.149 0.997538556015707
9.15 0.997553339257897
9.151 0.997568122500087
9.152 0.997582861777601
9.153 0.997597599223254
9.154 0.997612336668907
9.155 0.99762705565988
9.156 0.997641740377877
9.157 0.997656425095874
9.158 0.997671109813871
9.159 0.997685750384375
9.16 0.997700375443598
9.161 0.997715000502821
9.162 0.997729616905358
9.163 0.997744175374688
9.164 0.997758733844018
9.165 0.997773292313348
9.166 0.997787812551752
9.167 0.99780229750007
9.168 0.997816782448388
9.169 0.997831267396706
9.17 0.997845679133586
9.171 0.997860083629775
9.172 0.997874488125963
9.173 0.997888866407177
9.174 0.997903183520117
9.175 0.997917500633057
9.176 0.997931817745997
9.177 0.997946069782023
9.178 0.997960292580595
9.179 0.997974515379167
9.18 0.997988730078101
9.181 0.998002851631188
9.182 0.998016973184275
9.183 0.998031094737362
9.184 0.998045165447445
9.185 0.998059178823927
9.186 0.998073192200409
9.187 0.998087205576891
9.188 0.998101119960732
9.189 0.998115018229492
9.19 0.998128916498251
9.191 0.9981427842573
9.192 0.998156560487218
9.193 0.998170336717136
9.194 0.998184112947054
9.195 0.998197807766586
9.196 0.998211456792776
9.197 0.998225105818966
9.198 0.998238751158411
9.199 0.998252277293075
9.2 0.99826580342774
9.201 0.998279329562405
9.202 0.998292807223091
9.203 0.998306217943523
9.204 0.998319628663954
9.205 0.998333039384386
9.206 0.998346362677692
9.207 0.998359665463401
9.208 0.99837296824911
9.209 0.998386250943776
9.21 0.998399453274273
9.211 0.99841265560477
9.212 0.998425857935266
9.213 0.998439005410099
9.214 0.998452114764894
9.215 0.998465224119688
9.216 0.998478333474483
9.217 0.998491359043011
9.218 0.998504382901614
9.219 0.998517406760218
9.22 0.998530401752649
9.221 0.998543347594572
9.222 0.998556293436494
9.223 0.998569239278417
9.224 0.998582131512089
9.225 0.998595006816841
9.226 0.998607882121592
9.227 0.998620747967695
9.228 0.998633560214786
9.229 0.998646372461877
9.23 0.998659184708969
9.231 0.99867196694386
9.232 0.998684723612801
9.233 0.998697480281743
9.234 0.998710236950685
9.235 0.998722948887892
9.236 0.998735657458194
9.237 0.998748366028496
9.238 0.998761061600677
9.239 0.998773729551851
9.24 0.998786397503024
9.241 0.998799065454198
9.242 0.998811709876242
9.243 0.998824344687796
9.244 0.998836979499351
9.245 0.998849611744895
9.246 0.998862220896341
9.247 0.998874830047788
9.248 0.998887439199234
9.249 0.998900039442188
9.25 0.998912630413037
9.251 0.998925221383885
9.252 0.998937812354734
9.253 0.998950393908626
9.254 0.998962974178387
9.255 0.998975554448148
9.256 0.998988133848084
9.257 0.999000710896268
9.258 0.999013287944452
9.259 0.999025864992636
9.26 0.999038444851057
9.261 0.999051026157175
9.262 0.999063607463293
9.263 0.999076189356283
9.264 0.999088782399845
9.265 0.999101375443406
9.266 0.999113968486968
9.267 0.999126569985989
9.268 0.999139182246505
9.269 0.999151794507021
9.27 0.999164406767536
9.271 0.999177041186118
9.272 0.999189680143098
9.273 0.999202319100078
9.274 0.999214965575773
9.275 0.999227638708729
9.276 0.999240311841684
9.277 0.999252984974639
9.278 0.999265683517441
9.279 0.999278398305882
9.28 0.999291113094323
9.281 0.999303827882764
9.282 0.999316591806201
9.283 0.999329355729638
9.284 0.999342119653075
9.285 0.999354905656169
9.286 0.999367726194112
9.287 0.999380546732055
9.288 0.999393367269998
9.289 0.999406237801273
9.29 0.999419122433233
9.291 0.999432007065193
9.292 0.999444903864652
9.293 0.999457860070138
9.294 0.999470816275625
9.295 0.999483772481112
9.296 0.9994967729563
9.297 0.999509808214824
9.298 0.999522843473348
9.299 0.999535878731873
9.3 0.999548996196317
9.301 0.999562117987389
9.302 0.999575239778461
9.303 0.999588393533633
9.304 0.999601609336764
9.305 0.999614825139894
9.306 0.999628040943025
9.307 0.999641330835
9.308 0.999654648129699
9.309 0.999667965424398
9.31 0.999681295795626
9.311 0.999694722061405
9.312 0.999708148327183
9.313 0.999721574592961
9.314 0.999735060248539
9.315 0.999748602964907
9.316 0.999762145681275
9.317 0.999775688397642
9.318 0.9997893426511
9.319 0.999803009297567
9.32 0.999816675944035
9.321 0.999830380699289
9.322 0.999844178755367
9.323 0.999857976811445
9.324 0.999871774867522
9.325 0.999885667368202
9.326 0.999899604313401
9.327 0.999913541258599
9.328 0.999927488449602
9.329 0.999941571763432
9.33 0.999955655077261
9.331 0.999969738391091
9.332 0.999983892475065
9.333 0.999998129637035
9.334 1.000012366799
9.335 1.00002660396097
9.336 1.00004097825145
9.337 1.00005537674107
9.338 1.0000697752307
9.339 1.00008421376907
9.34 1.00009877912849
9.341 1.00011334448791
9.342 1.00012790984733
9.343 1.00014257814422
9.344 1.00015730689643
9.345 1.00017203564865
9.346 1.00018676754673
9.347 1.00020165359219
9.348 1.00021653963766
9.349 1.00023142568313
9.35 1.00024637371789
9.351 1.00026141095676
9.352 1.00027644819564
9.353 1.00029148543452
9.354 1.00030663874824
9.355 1.00032182108069
9.356 1.00033700341313
9.357 1.00035221215438
9.358 1.00036753348055
9.359 1.00038285480672
9.36 1.00039817613289
9.361 1.00041357453751
9.362 1.00042902875757
9.363 1.00044448297763
9.364 1.00045993719769
9.365 1.00047551440797
9.366 1.00049109542208
9.367 1.00050667643618
9.368 1.0005223009002
9.369 1.00053800260851
9.37 1.00055370431682
9.371 1.00056940602513
9.372 1.00058519367922
9.373 1.00060100998189
9.374 1.00061682628457
9.375 1.00063265777648
9.376 1.00064858257368
9.377 1.00066450737088
9.378 1.00068043216808
9.379 1.00069641123447
9.38 1.00071243842636
9.381 1.00072846561825
9.382 1.00074449281014
9.383 1.00076060859328
9.384 1.00077673208001
9.385 1.00079285556675
9.386 1.00080900701393
9.387 1.00082522069567
9.388 1.0008414343774
9.389 1.00085764805914
9.39 1.00087392060749
9.391 1.00089021838439
9.392 1.00090651616129
9.393 1.00092282095777
9.394 1.00093919672999
9.395 1.00095557250222
9.396 1.00097194827444
9.397 1.0009883585565
9.398 1.00100480622421
9.399 1.00102125389191
9.4 1.00103770155962
9.401 1.00105420646954
9.402 1.00107071993289
9.403 1.00108723339624
9.404 1.0011037623805
9.405 1.00112033553965
9.406 1.0011369086988
9.407 1.00115348185796
9.408 1.00117008985448
9.409 1.0011867166096
9.41 1.00120334336471
9.411 1.00121997201967
9.412 1.00123664627091
9.413 1.00125332052214
9.414 1.00126999477338
9.415 1.00128668682501
9.416 1.00130340247253
9.417 1.00132011812005
9.418 1.00133683376757
9.419 1.00135357835817
9.42 1.00137032930212
9.421 1.00138708024608
9.422 1.00140383732133
9.423 1.00142061746188
9.424 1.00143739760244
9.425 1.001454177743
9.426 1.00147097174161
9.427 1.00148777497893
9.428 1.00150457821625
9.429 1.00152138145357
9.43 1.00153820151784
9.431 1.00155502175207
9.432 1.00157184198631
9.433 1.00158866636144
9.434 1.00160549749276
9.435 1.00162232862407
9.436 1.00163915975539
9.437 1.00165599458058
9.438 1.00167283050913
9.439 1.00168966643768
9.44 1.00170650215782
9.441 1.00172333678378
9.442 1.00174017140973
9.443 1.00175700603569
9.444 1.0017738365903
9.445 1.00179066381381
9.446 1.00180749103732
9.447 1.00182431826083
9.448 1.0018411327922
9.449 1.00185794651343
9.45 1.00187476023466
9.451 1.00189156748718
9.452 1.00190836160629
9.453 1.0019251557254
9.454 1.0019419498445
9.455 1.00195872545819
9.456 1.00197549387534
9.457 1.00199226229248
9.458 1.00200902721143
9.459 1.00202576382677
9.46 1.0020425004421
9.461 1.00205923705744
9.462 1.00207595472196
9.463 1.00209265343565
9.464 1.00210935214935
9.465 1.00212605086304
9.466 1.00214271041542
9.467 1.00215936512763
9.468 1.00217601983984
9.469 1.00219266052368
9.47 1.00220926513456
9.471 1.00222586974544
9.472 1.00224247435633
9.473 1.00225904131243
9.474 1.00227558972215
9.475 1.00229213813187
9.476 1.00230868280353
9.477 1.00232516891225
9.478 1.00234165502096
9.479 1.00235814112968
9.48 1.00237459645801
9.481 1.00239101416588
9.482 1.00240743187374
9.483 1.00242384958161
9.484 1.0024402048602
9.485 1.0024565482475
9.486 1.00247289163479
9.487 1.00248921673434
9.488 1.00250548060967
9.489 1.002521744485
9.49 1.00253800836033
9.491 1.00255421983371
9.492 1.00257039918977
9.493 1.00258657854582
9.494 1.0026027570066
9.495 1.00261884683605
9.496 1.0026349366655
9.497 1.00265102649494
9.498 1.00266707851082
9.499 1.00268307380635
9.5 1.00269906910188
9.501 1.00271506439741
9.502 1.00273098105536
9.503 1.00274687680964
9.504 1.00276277256393
9.505 1.00277864949947
9.506 1.0027944407052
9.507 1.00281023191092
9.508 1.00282602311665
9.509 1.00284175187552
9.51 1.00285743352537
9.511 1.00287311517522
9.512 1.00288879682507
9.513 1.00290436849424
9.514 1.00291993558089
9.515 1.00293550266754
9.516 1.00295102790451
9.517 1.00296647542064
9.518 1.00298192293677
9.519 1.0029973704529
9.52 1.00301272578143
9.521 1.00302804871972
9.522 1.00304337165801
9.523 1.00305867775024
9.524 1.00307387110337
9.525 1.00308906445651
9.526 1.00310425780964
9.527 1.00311938117469
9.528 1.00313443993535
9.529 1.00314949869601
9.53 1.00316455745667
9.531 1.00317948918152
9.532 1.00319440834239
9.533 1.00320932750325
9.534 1.00322420328199
9.535 1.00323897783574
9.536 1.00325375238949
9.537 1.00326852694324
9.538 1.00328319826303
9.539 1.00329782320235
9.54 1.00331244814167
9.541 1.00332706071125
9.542 1.00334153102881
9.543 1.00335600134638
9.544 1.00337047166394
9.545 1.00338486695584
9.546 1.00339917764433
9.547 1.00341348833282
9.548 1.00342779902131
9.549 1.00344196812251
9.55 1.00345611417461
9.551 1.00347026022671
9.552 1.00348436386788
9.553 1.00349834027627
9.554 1.00351231668466
9.555 1.00352629309305
9.556 1.00354015772478
9.557 1.00355395948214
9.558 1.0035677612395
9.559 1.00358155760711
9.56 1.00359517970612
9.561 1.00360880180513
9.562 1.00362242390414
9.563 1.00363596844356
9.564 1.0036494058769
9.565 1.00366284331024
9.566 1.00367628074359
9.567 1.00368956454181
9.568 1.00370281230216
9.569 1.00371606006252
9.57 1.00372926888681
9.571 1.00374232196685
9.572 1.0037553750469
9.573 1.00376842812694
9.574 1.00378136339129
9.575 1.00379421678371
9.576 1.00380707017612
9.577 1.00381992356854
9.578 1.00383257635991
9.579 1.00384522505738
9.58 1.00385787375485
9.581 1.00387044486249
9.582 1.00388288385769
9.583 1.0038953228529
9.584 1.00390776184811
9.585 1.00392003766403
9.586 1.00393226194966
9.587 1.00394448623528
9.588 1.00395667756337
9.589 1.00396868213209
9.59 1.0039806867008
9.591 1.00399269126952
9.592 1.00400457448716
9.593 1.00401635433165
9.594 1.00402813417614
9.595 1.00403991402064
9.596 1.0040514802148
9.597 1.00406303032775
9.598 1.0040745804407
9.599 1.00408605543722
9.6 1.00409737081131
9.601 1.0041086861854
9.602 1.00412000155949
9.603 1.0041311467138
9.604 1.0041422223417
9.605 1.00415329796961
9.606 1.00416434912217
9.607 1.00417517999658
9.608 1.00418601087099
9.609 1.00419684174539
9.61 1.004207550237
9.611 1.00421813135059
9.612 1.00422871246418
9.613 1.00423929357777
9.614 1.00424965049539
9.615 1.00425997684084
9.616 1.00427030318629
9.617 1.00428055939237
9.618 1.00429062596236
9.619 1.00430069253235
9.62 1.00431075910234
9.621 1.0043206509157
9.622 1.00433045270291
9.623 1.00434025449013
9.624 1.00435004278784
9.625 1.00435957478508
9.626 1.00436910678232
9.627 1.00437863877956
9.628 1.00438805062642
9.629 1.00439730955463
9.63 1.00440656848283
9.631 1.00441582741104
9.632 1.0044248620108
9.633 1.00443385066378
9.634 1.00444283931677
9.635 1.00445176941715
9.636 1.00446049192199
9.637 1.00446921442683
9.638 1.00447793693166
9.639 1.00448649960365
9.64 1.00449496008742
9.641 1.0045034205712
9.642 1.00451188105497
9.643 1.00452008364475
9.644 1.00452828623453
9.645 1.00453648882431
9.646 1.004544592445
9.647 1.00455254126787
9.648 1.00456049009075
9.649 1.00456843891362
9.65 1.00457619301742
9.651 1.00458389220046
9.652 1.0045915913835
9.653 1.00459924882937
9.654 1.00460670249965
9.655 1.00461415616994
9.656 1.00462160984022
9.657 1.00462892833453
9.658 1.00463614061914
9.659 1.00464335290374
9.66 1.00465056518835
9.661 1.00465755207729
9.662 1.00466452710329
9.663 1.0046715021293
9.664 1.00467839789058
9.665 1.00468513978507
9.666 1.00469188167955
9.667 1.00469862357404
9.668 1.00470519829528
9.669 1.00471171118532
9.67 1.00471822407536
9.671 1.00472470998012
9.672 1.0047309979928
9.673 1.00473728600547
9.674 1.00474357401815
9.675 1.00474974944818
9.676 1.00475581671057
9.677 1.00476188397295
9.678 1.00476795123534
9.679 1.00477382353684
9.68 1.00477967417602
9.681 1.00478552481519
9.682 1.00479131383049
9.683 1.00479695197354
9.684 1.00480259011658
9.685 1.00480822825963
9.686 1.00481372471171
9.687 1.0048191544857
9.688 1.00482458425969
9.689 1.00482999973674
9.69 1.00483522526875
9.691 1.00484045080076
9.692 1.00484567633277
9.693 1.00485080981193
9.694 1.00485583522905
9.695 1.00486086064616
9.696 1.00486588606327
9.697 1.00487074489074
9.698 1.00487557432003
9.699 1.00488040374932
9.7 1.00488518713203
9.701 1.00488982470058
9.702 1.00489446226913
9.703 1.00489909983768
9.704 1.00490361913401
9.705 1.0049080689689
9.706 1.00491251880378
9.707 1.00491696496653
9.708 1.00492123119482
9.709 1.00492549742311
9.71 1.00492976365141
9.711 1.0049339562931
9.712 1.00493804304189
9.713 1.00494212979067
9.714 1.00494621653945
9.715 1.00495016300629
9.716 1.00495407440264
9.717 1.00495798579899
9.718 1.00496186466252
9.719 1.00496560483352
9.72 1.00496934500451
9.721 1.00497308517551
9.722 1.00497672842951
9.723 1.00498030150223
9.724 1.00498387457495
9.725 1.00498744764767
9.726 1.00499086263832
9.727 1.00499427273984
9.728 1.00499768284136
9.729 1.00500103575899
9.73 1.00500428701639
9.731 1.00500753827379
9.732 1.00501078953119
9.733 1.00501392475081
9.734 1.00501702129117
9.735 1.00502011783152
9.736 1.00502319328928
9.737 1.00502613923967
9.738 1.00502908519006
9.739 1.00503203114045
9.74 1.00503489946551
9.741 1.00503769895301
9.742 1.00504049844051
9.743 1.00504329792801
9.744 1.00504596646657
9.745 1.00504862361826
9.746 1.00505128076995
9.747 1.00505389507694
9.748 1.0050564140199
9.749 1.00505893296285
9.75 1.00506145190581
9.751 1.00506387699161
9.752 1.00506626185292
9.753 1.00506864671422
9.754 1.00507101987962
9.755 1.00507327478634
9.756 1.00507552969307
9.757 1.0050777845998
9.758 1.00507997910933
9.759 1.00508210818856
9.76 1.00508423726779
9.761 1.00508636634702
9.762 1.00508838954688
9.763 1.00509039692569
9.764 1.00509240430449
9.765 1.00509438111423
9.766 1.0050962709197
9.767 1.00509816072516
9.768 1.00510005053063
9.769 1.00510186659589
9.77 1.0051036429549
9.771 1.0051054193139
9.772 1.00510719128649
9.773 1.00510885798502
9.774 1.00511052468355
9.775 1.00511219138208
9.776 1.00511381210622
9.777 1.00511537188757
9.778 1.00511693166893
9.779 1.00511849145028
9.78 1.00511996564615
9.781 1.00512142105496
9.782 1.00512287646378
9.783 1.00512431048873
9.784 1.00512566406965
9.785 1.00512701765057
9.786 1.00512837123149
9.787 1.00512966524246
9.788 1.00513091954013
9.789 1.0051321738378
9.79 1.00513342813546
9.791 1.0051345866619
9.792 1.00513574422096
9.793 1.00513690178002
9.794 1.00513802354536
9.795 1.00513908691045
9.796 1.00514015027553
9.797 1.00514121364062
9.798 1.00514220643572
9.799 1.00514317815148
9.8 1.00514414986724
9.801 1.00514510732625
9.802 1.00514598993732
9.803 1.0051468725484
9.804 1.00514775515947
9.805 1.00514859016252
9.806 1.00514938621354
9.807 1.00515018226457
9.808 1.0051509783156
9.809 1.00515169539215
9.81 1.00515240742777
9.811 1.00515311946339
9.812 1.00515380461367
9.813 1.00515443517853
9.814 1.00515506574339
9.815 1.00515569630826
9.816 1.00515627004631
9.817 1.00515682168506
9.818 1.0051573733238
9.819 1.00515791656058
9.82 1.00515839181785
9.821 1.00515886707511
9.822 1.00515934233238
9.823 1.00515978067122
9.824 1.00516018209165
9.825 1.00516058351208
9.826 1.00516098493251
9.827 1.00516132290289
9.828 1.00516165303112
9.829 1.00516198315935
9.83 1.00516229403827
9.831 1.00516255541895
9.832 1.00516281679963
9.833 1.00516307818032
9.834 1.00516329520505
9.835 1.00516349038282
9.836 1.00516368556059
9.837 1.00516387691886
9.838 1.00516400843836
9.839 1.00516413995786
9.84 1.00516427147736
9.841 1.00516437549572
9.842 1.00516444590159
9.843 1.00516451630746
9.844 1.00516458671333
9.845 1.00516460792125
9.846 1.00516461975814
9.847 1.00516463159503
9.848 1.00516463054631
9.849 1.00516458635885
9.85 1.00516454217139
9.851 1.00516449798393
9.852 1.00516442063905
9.853 1.00516432297189
9.854 1.00516422530472
9.855 1.00516412712821
9.856 1.00516397852598
9.857 1.00516382992376
9.858 1.00516368132153
9.859 1.00516351336314
9.86 1.0051633163705
9.861 1.00516311937785
9.862 1.00516292238521
9.863 1.0051626891744
9.864 1.00516244633597
9.865 1.00516220349755
9.866 1.00516195286492
9.867 1.00516166672536
9.868 1.00516138058579
9.869 1.00516109444623
9.87 1.00516078507547
9.871 1.00516045817941
9.872 1.00516013128336
9.873 1.0051598043873
9.874 1.00515944080787
9.875 1.00515907569996
9.876 1.00515871059205
9.877 1.00515833300062
9.878 1.0051579322255
9.879 1.00515753145037
9.88 1.00515713067525
9.881 1.00515670538943
9.882 1.00515627149174
9.883 1.00515583759404
9.884 1.00515539972122
9.885 1.0051549352456
9.886 1.00515447076998
9.887 1.00515400629436
9.888 1.00515352724143
9.889 1.00515303473252
9.89 1.00515254222362
9.891 1.00515204971471
9.892 1.00515153401114
9.893 1.00515101601358
9.894 1.00515049801603
9.895 1.00514997313527
9.896 1.00514943219372
9.897 1.00514889125216
9.898 1.0051483503106
9.899 1.00514779529349
9.9 1.00514723395257
9.901 1.00514667261165
9.902 1.00514610984236
9.903 1.00514553064672
9.904 1.00514495145108
9.905 1.00514437225544
9.906 1.00514378586406
9.907 1.00514319135835
9.908 1.00514259685263
9.909 1.00514200234691
9.91 1.00514139686292
9.911 1.00514078959177
9.912 1.00514018232061
9.913 1.00513957249404
9.914 1.00513895500122
9.915 1.0051383375084
9.916 1.00513772001558
9.917 1.00513709729198
9.918 1.00513647162607
9.919 1.00513584596016
9.92 1.00513522007087
9.921 1.00513458695904
9.922 1.00513395384721
9.923 1.00513332073537
9.924 1.00513268471009
9.925 1.00513204466146
9.926 1.00513140461283
9.927 1.0051307645642
9.928 1.00513011930915
9.929 1.00512947283284
9.93 1.00512882635654
9.931 1.00512817869652
9.932 1.00512752630166
9.933 1.00512687390679
9.934 1.00512622151193
9.935 1.00512556592551
9.936 1.00512490812121
9.937 1.00512425031692
9.938 1.00512359251263
9.939 1.00512292990603
9.94 1.00512226720143
9.941 1.00512160449683
9.942 1.00512094016749
9.943 1.0051202730717
9.944 1.00511960597592
9.945 1.00511893888013
9.946 1.00511826883398
9.947 1.00511759785613
9.948 1.00511692687828
9.949 1.00511625539449
9.95 1.00511558104371
9.951 1.00511490669292
9.952 1.00511423234213
9.953 1.00511355644488
9.954 1.00511287923028
9.955 1.00511220201568
9.956 1.00511152480107
9.957 1.0051108453966
9.958 1.0051101658273
9.959 1.005109486258
9.96 1.00510880609812
9.961 1.00510812468326
9.962 1.00510744326839
9.963 1.00510676185352
9.964 1.00510607948978
9.965 1.00510539673846
9.966 1.00510471398714
9.967 1.0051040311531
9.968 1.00510334757446
9.969 1.00510266399582
9.97 1.00510198041718
9.971 1.00510129668262
9.972 1.00510061278578
9.973 1.00509992888893
9.974 1.00509924499209
9.975 1.00509856126326
9.976 1.00509787755734
9.977 1.00509719385141
9.978 1.0050965103345
9.979 1.00509582732862
9.98 1.00509514432275
9.981 1.00509446131687
9.982 1.00509377910904
9.983 1.00509309731233
9.984 1.00509241551562
9.985 1.00509173380483
9.986 1.00509105372641
9.987 1.00509037364799
9.988 1.00508969356957
9.989 1.00508901447121
9.99 1.0050883366202
9.991 1.00508765876919
9.992 1.00508698091818
9.993 1.0050863053385
9.994 1.00508563022402
9.995 1.00508495510955
9.996 1.00508428070912
9.997 1.00508360884031
9.998 1.00508293697149
9.999 1.00508226510268
10 1.00508159552428
10.001 1.00508092741025
10.002 1.00508025929622
10.003 1.00507959118219
10.004 1.00507892733206
10.005 1.00507826348193
10.006 1.0050775996318
10.007 1.00507693764315
10.008 1.00507627856605
10.009 1.00507561948895
10.01 1.00507496041185
10.011 1.00507430545483
10.012 1.00507365165987
10.013 1.00507299786492
10.014 1.00507234505448
10.015 1.00507169705081
10.016 1.00507104904713
10.017 1.00507040104345
10.018 1.00506975656799
10.019 1.00506911486471
10.02 1.00506847316143
10.021 1.00506783145814
10.022 1.00506719622391
10.023 1.00506656133014
10.024 1.00506592643638
10.025 1.00506529403096
10.026 1.00506466645584
10.027 1.00506403888071
10.028 1.00506341130559
10.029 1.00506278944474
10.03 1.00506216969738
10.031 1.00506154995002
10.032 1.00506093120309
10.033 1.00506031979262
10.034 1.00505970838215
10.035 1.00505909697168
10.036 1.00505849007268
10.037 1.00505788750822
10.038 1.00505728494376
10.039 1.00505668237931
10.04 1.00505608823447
10.041 1.00505549502514
10.042 1.00505490181581
10.043 1.00505431146712
10.044 1.00505372812205
10.045 1.00505314477698
10.046 1.00505256143191
10.047 1.00505198514074
10.048 1.00505141216905
10.049 1.00505083919736
10.05 1.00505026698745
10.051 1.00504970489826
10.052 1.00504914280907
10.053 1.00504858071988
10.054 1.00504802387084
10.055 1.00504747317328
10.056 1.00504692247572
10.057 1.00504637177815
10.058 1.00504583119564
10.059 1.00504529239814
10.06 1.00504475360064
10.061 1.005044217738
10.062 1.00504369116906
10.063 1.00504316460012
10.064 1.00504263803119
10.065 1.00504211910855
10.066 1.0050416046766
10.067 1.00504109024465
10.068 1.00504057605241
10.069 1.00504007360603
10.07 1.00503957115965
10.071 1.00503906871327
10.072 1.0050385711189
10.073 1.00503808050667
10.074 1.00503758989445
10.075 1.00503709928222
10.076 1.00503661801619
10.077 1.0050361390867
10.078 1.00503566015721
10.079 1.00503518341867
10.08 1.0050347160205
10.081 1.00503424862232
10.082 1.00503378122415
10.083 1.00503332042633
10.084 1.00503286440806
10.085 1.00503240838979
10.086 1.00503195237153
10.087 1.00503150724489
10.088 1.00503106245511
10.089 1.00503061766533
10.09 1.00503017686329
10.091 1.00502974315058
10.092 1.00502930943786
10.093 1.00502887572515
10.094 1.00502845020668
10.095 1.00502802741962
10.096 1.00502760463256
10.097 1.00502718335389
10.098 1.00502677134107
10.099 1.00502635932825
10.1 1.00502594731543
10.101 1.0050255409327
10.102 1.00502513954269
10.103 1.00502473815269
10.104 1.00502433676268
10.105 1.00502394500636
10.106 1.00502355408776
10.107 1.00502316316916
10.108 1.00502277544975
10.109 1.00502239485113
10.11 1.00502201425251
10.111 1.0050216336539
10.112 1.00502126017328
10.113 1.00502088974323
10.114 1.00502051931318
10.115 1.00502014978468
10.116 1.00501978937178
10.117 1.00501942895888
10.118 1.00501906854599
10.119 1.00501871286864
10.12 1.00501836232148
10.121 1.00501801177431
10.122 1.00501766122715
10.123 1.00501731913144
10.124 1.0050169782986
10.125 1.00501663746576
10.126 1.00501629911927
10.127 1.00501596784932
10.128 1.00501563657938
10.129 1.00501530530944
10.13 1.00501498015696
10.131 1.00501465829851
10.132 1.00501433644005
10.133 1.00501401495199
10.134 1.0050137023536
10.135 1.00501338975521
10.136 1.00501307715682
10.137 1.00501276847515
10.138 1.00501246498541
10.139 1.00501216149567
10.14 1.00501185800593
10.141 1.00501156186113
10.142 1.00501126732862
10.143 1.00501097279612
10.144 1.00501068011284
10.145 1.00501039438615
10.146 1.00501010865946
10.147 1.00500982293277
10.148 1.00500954239873
10.149 1.00500926532644
10.15 1.00500898825415
10.151 1.00500871118186
10.152 1.00500844252753
10.153 1.00500817395823
10.154 1.00500790538893
10.155 1.00500763999322
10.156 1.00500737977549
10.157 1.00500711955775
10.158 1.00500685934002
10.159 1.0050066054364
10.16 1.00500635341881
10.161 1.00500610140122
10.162 1.00500585067143
10.163 1.00500560670258
10.164 1.00500536273373
10.165 1.00500511876488
10.166 1.00500487913956
10.167 1.00500464306802
10.168 1.00500440699649
10.169 1.00500417092495
10.17 1.00500394213456
10.171 1.00500371380892
10.172 1.00500348548329
10.173 1.00500325966383
10.174 1.00500303893268
10.175 1.00500281820153
10.176 1.00500259747038
10.177 1.00500238209824
10.178 1.00500216881015
10.179 1.00500195552207
10.18 1.00500174303606
10.181 1.00500153703963
10.182 1.00500133104319
10.183 1.00500112504676
10.184 1.00500092262044
10.185 1.00500072376423
10.186 1.00500052490803
10.187 1.00500032605182
10.188 1.00500013341567
10.189 1.00499994154828
10.19 1.0049997496809
10.191 1.00499955972798
10.192 1.00499937469799
10.193 1.00499918966801
10.194 1.00499900463802
10.195 1.00499882408764
10.196 1.00499864574363
10.197 1.00499846739963
10.198 1.00499828944769
10.199 1.00499811763825
10.2 1.00499794582881
10.201 1.00499777401937
10.202 1.00499760508239
10.203 1.00499743965618
10.204 1.00499727422998
10.205 1.00499710880377
10.206 1.00499694862288
10.207 1.00499678944109
10.208 1.00499663025931
10.209 1.00499647248771
10.21 1.00499631943717
10.211 1.00499616638663
10.212 1.00499601333609
10.213 1.00499586401869
10.214 1.00499571698936
10.215 1.00499556996002
10.216 1.0049954229898
10.217 1.00499528187164
10.218 1.00499514075347
10.219 1.00499499963531
10.22 1.0049948608376
10.221 1.00499472552057
10.222 1.00499459020354
10.223 1.00499445488651
10.224 1.00499432406544
10.225 1.0049941944395
10.226 1.00499406481357
10.227 1.00499393619222
10.228 1.00499381214735
10.229 1.00499368810247
10.23 1.0049935640576
10.231 1.0049934431312
10.232 1.00499332455735
10.233 1.00499320598349
10.234 1.00499308740963
10.235 1.00499297398232
10.236 1.00499286076946
10.237 1.00499274755659
10.238 1.00499263618155
10.239 1.00499252821963
10.24 1.00499242025771
10.241 1.00499231229579
10.242 1.00499220813814
10.243 1.00499210531713
10.244 1.00499200249611
10.245 1.00499190032911
10.246 1.00499180253898
10.247 1.00499170474884
10.248 1.00499160695871
10.249 1.0049915117274
10.25 1.0049914188581
10.251 1.0049913259888
10.252 1.0049912331195
10.253 1.00499114462802
10.254 1.00499105656952
10.255 1.00499096851102
10.256 1.00499088186275
10.257 1.00499079850501
10.258 1.00499071514727
10.259 1.00499063178953
10.26 1.00499055159939
10.261 1.00499047283237
10.262 1.00499039406536
10.263 1.00499031565679
10.264 1.00499024137047
10.265 1.00499016708415
10.266 1.00499009279782
10.267 1.0049900205657
10.268 1.00498995065003
10.269 1.00498988073435
10.27 1.00498981081867
10.271 1.00498974456713
10.272 1.00498967891207
10.273 1.00498961325701
10.274 1.00498954863959
10.275 1.0049894871351
10.276 1.00498942563062
10.277 1.00498936412613
10.278 1.0049893052076
10.279 1.00498924774366
10.28 1.00498919027971
10.281 1.00498913293369
10.282 1.00498907940025
10.283 1.00498902586681
10.284 1.00498897233337
10.285 1.00498892040452
10.286 1.00498887069155
10.287 1.00498882097857
10.288 1.0049887712656
10.289 1.00498872455807
10.29 1.00498867855552
10.291 1.00498863255297
10.292 1.0049885872705
10.293 1.00498854486835
10.294 1.00498850246619
10.295 1.00498846006404
10.296 1.0049884197212
10.297 1.0049883808094
10.298 1.0049883418976
10.299 1.0049883029858
10.3 1.00498826738671
10.301 1.00498823185523
10.302 1.00498819632374
10.303 1.00498816200227
10.304 1.00498812974106
10.305 1.00498809747986
10.306 1.00498806521866
10.307 1.00498803535924
10.308 1.00498800625828
10.309 1.00498797715732
10.31 1.0049879485139
10.311 1.00498792246315
10.312 1.0049878964124
10.313 1.00498787036165
10.314 1.00498784589858
10.315 1.004987822788
10.316 1.00498779967742
10.317 1.00498777656683
10.318 1.00498775608827
10.319 1.00498773580782
10.32 1.00498771552738
10.321 1.00498769611736
10.322 1.004987678557
10.323 1.00498766099665
10.324 1.00498764343629
10.325 1.00498762772908
10.326 1.00498761277878
10.327 1.00498759782849
10.328 1.00498758312819
10.329 1.00498757067792
10.33 1.00498755822764
10.331 1.00498754577736
10.332 1.00498753449818
10.333 1.00498752443789
10.334 1.0049875143776
10.335 1.0049875043173
10.336 1.00498749626337
10.337 1.00498748848302
10.338 1.00498748070267
10.339 1.0049874735082
10.34 1.00498746789777
10.341 1.00498746228733
10.342 1.0049874566769
10.343 1.00498745242598
10.344 1.00498744887542
10.345 1.00498744532485
10.346 1.00498744187182
10.347 1.00498744027175
10.348 1.00498743867169
10.349 1.00498743707163
10.35 1.00498743630889
10.351 1.00498743661184
10.352 1.00498743691479
10.353 1.00498743721774
10.354 1.00498743915329
10.355 1.00498744142323
10.356 1.00498744369317
10.357 1.00498744641248
10.358 1.00498745072505
10.359 1.00498745503761
10.36 1.00498745935018
10.361 1.00498746495489
10.362 1.00498747138571
10.363 1.00498747781654
10.364 1.00498748424737
10.365 1.0049874928721
10.366 1.00498750149683
10.367 1.00498751012156
10.368 1.0049875196314
10.369 1.00498753052567
10.37 1.00498754141994
10.371 1.0049875523142
10.372 1.00498756503771
10.373 1.00498757827715
10.374 1.00498759151659
10.375 1.00498760516757
10.376 1.00498762082783
10.377 1.00498763648808
10.378 1.00498765214834
10.379 1.00498766920661
10.38 1.00498768736331
10.381 1.00498770552002
10.382 1.00498772367672
10.383 1.00498774427691
10.384 1.0049877650057
10.385 1.0049877857345
10.386 1.00498780736352
10.387 1.00498783074004
10.388 1.00498785411656
10.389 1.00498787749308
10.39 1.00498790285765
10.391 1.00498792895753
10.392 1.00498795505741
10.393 1.00498798149318
10.394 1.00498801039206
10.395 1.00498803929094
10.396 1.00498806818983
10.397 1.00498809855478
10.398 1.0049881303283
10.399 1.00498816210182
10.4 1.00498819387534
10.401 1.00498822830411
10.402 1.0049882630279
10.403 1.0049882977517
10.404 1.004988333353
10.405 1.00498837110271
10.406 1.00498840885242
10.407 1.00498844660212
10.408 1.00498848646089
10.409 1.00498852731215
10.41 1.00498856816341
10.411 1.00498860923707
10.412 1.00498865326552
10.413 1.00498869729396
10.414 1.00498874132241
10.415 1.00498878684715
10.416 1.00498883412842
10.417 1.00498888140969
10.418 1.00498892869096
10.419 1.00498897880142
10.42 1.00498902941116
10.421 1.00498908002089
10.422 1.00498913144761
10.423 1.00498918546144
10.424 1.00498923947528
10.425 1.00498929348911
10.426 1.00498934969518
10.427 1.00498940718875
10.428 1.00498946468232
10.429 1.004989522247
10.43 1.00498958329595
10.431 1.00498964434489
10.432 1.00498970539384
10.433 1.0049897679315
10.434 1.00498983261146
10.435 1.00498989729142
10.436 1.00498996197138
10.437 1.00499002961666
10.438 1.00499009800327
10.439 1.00499016638988
10.44 1.00499023549512
10.441 1.00499030766401
10.442 1.00499037983291
10.443 1.0049904520018
10.444 1.0049905264083
10.445 1.00499060243512
10.446 1.00499067846194
10.447 1.00499075448877
10.448 1.00499083433114
10.449 1.00499091429152
10.45 1.00499099425191
10.451 1.0049910756556
10.452 1.00499115962518
10.453 1.00499124359476
10.454 1.00499132756434
10.455 1.00499141459756
10.456 1.00499150265198
10.457 1.0049915907064
10.458 1.00499167934329
10.459 1.00499177155818
10.46 1.00499186377307
10.461 1.00499195598797
10.462 1.004992050448
10.463 1.00499214689901
10.464 1.00499224335001
10.465 1.00499233980102
10.466 1.00499244021884
10.467 1.0049925409816
10.468 1.00499264174436
10.469 1.0049927438672
10.47 1.00499284901735
10.471 1.00499295416749
10.472 1.00499305931763
10.473 1.00499316759189
10.474 1.00499327720506
10.475 1.00499338681823
10.476 1.00499349683987
10.477 1.00499361099171
10.478 1.00499372514354
10.479 1.00499383929537
10.48 1.00499395566206
10.481 1.00499407442819
10.482 1.00499419319432
10.483 1.00499431196045
10.484 1.00499443480683
10.485 1.00499455826289
10.486 1.00499468171896
10.487 1.00499480641408
10.488 1.00499493463572
10.489 1.00499506285736
10.49 1.004995191079
10.491 1.00499532244767
10.492 1.00499545551089
10.493 1.00499558857412
10.494 1.00499572183501
10.495 1.00499585983984
10.496 1.00499599784466
10.497 1.00499613584948
10.498 1.00499627603856
10.499 1.00499641912306
10.5 1.00499656220755
10.501 1.00499670529205
10.502 1.00499685265788
10.503 1.00499700096351
10.504 1.00499714926915
10.505 1.00499729870093
10.506 1.00499745236916
10.507 1.0049976060374
10.508 1.00499775970564
10.509 1.00499791667631
10.51 1.00499807584861
10.511 1.00499823502092
10.512 1.00499839419322
10.513 1.0049985589546
10.514 1.00499872377243
10.515 1.00499888859026
10.516 1.00499905560715
10.517 1.00499922621198
10.518 1.0049993968168
10.519 1.00499956742162
10.52 1.00499974259136
10.521 1.00499991912464
10.522 1.00500009565792
10.523 1.00500027316239
10.524 1.00500045576559
10.525 1.00500063836879
10.526 1.00500082097199
10.527 1.00500100699145
10.528 1.00500119580604
10.529 1.00500138462062
10.53 1.0050015734352
10.531 1.00500176822147
10.532 1.0050019633889
10.533 1.00500215855633
10.534 1.00500235586689
10.535 1.00500255752863
10.536 1.00500275919037
10.537 1.00500296085211
10.538 1.00500316729161
10.539 1.00500337558913
10.54 1.00500358388664
10.541 1.00500379292965
10.542 1.00500400800441
10.543 1.00500422307916
10.544 1.00500443815391
10.545 1.00500465668802
10.546 1.00500487868147
10.547 1.00500510067493
10.548 1.00500532266838
10.549 1.00500555094538
10.55 1.005005779999
10.551 1.00500600905262
10.552 1.0050062401227
10.553 1.00500647637795
10.554 1.00500671263319
10.555 1.00500694888844
10.556 1.00500719006356
10.557 1.0050074336619
10.558 1.00500767726024
10.559 1.00500792130765
10.56 1.00500817239055
10.561 1.00500842347344
10.562 1.00500867455634
10.563 1.00500892907094
10.564 1.00500918777986
10.565 1.00500944648877
10.566 1.00500970519768
10.567 1.00500997043128
10.568 1.00501023690768
10.569 1.00501050338407
10.57 1.00501077167953
10.571 1.00501104606487
10.572 1.00501132045021
10.573 1.00501159483555
10.574 1.00501187421215
10.575 1.0050121566479
10.576 1.00501243908365
10.577 1.00501272160133
10.578 1.00501301222895
10.579 1.00501330285657
10.58 1.0050135934842
10.581 1.00501388744515
10.582 1.00501418640612
10.583 1.00501448536708
10.584 1.00501478432804
10.585 1.00501508998409
10.586 1.00501539741985
10.587 1.00501570485562
10.588 1.0050160138423
10.589 1.00501632989433
10.59 1.00501664594635
10.591 1.00501696199838
10.592 1.00501728304231
10.593 1.00501760785206
10.594 1.00501793266181
10.595 1.00501825747156
10.596 1.00501859082454
10.597 1.00501892453348
10.598 1.00501925824243
10.599 1.0050195951156
10.6 1.00501993786519
10.601 1.00502028061479
10.602 1.00502062336439
10.603 1.00502097290875
10.604 1.00502132484046
10.605 1.00502167677218
10.606 1.00502202991596
10.607 1.00502239117126
10.608 1.00502275242655
10.609 1.00502311368185
10.61 1.00502347985897
10.611 1.00502385057931
10.612 1.00502422129965
10.613 1.00502459201999
10.614 1.00502497148225
10.615 1.0050253518091
10.616 1.00502573213595
10.617 1.0050261153872
10.618 1.00502650546202
10.619 1.00502689553684
10.62 1.00502728561166
10.621 1.0050276825102
10.622 1.00502808247445
10.623 1.00502848243871
10.624 1.00502888320543
10.625 1.00502929320059
10.626 1.00502970319575
10.627 1.00503011319091
10.628 1.00503052796707
10.629 1.00503094813459
10.63 1.00503136830211
10.631 1.00503178846963
10.632 1.00503221750704
10.633 1.00503264798838
10.634 1.00503307846972
10.635 1.0050335115638
10.636 1.0050339524961
10.637 1.0050343934284
10.638 1.00503483436069
10.639 1.00503528194065
10.64 1.00503573325992
10.641 1.00503618457918
10.642 1.00503663619969
10.643 1.00503709756022
10.644 1.00503755892076
10.645 1.0050380202813
10.646 1.00503848570514
10.647 1.00503895674022
10.648 1.0050394277753
10.649 1.00503989881038
10.65 1.00504037738479
10.651 1.00504085772768
10.652 1.00504133807057
10.653 1.00504182020167
10.654 1.00504230948564
10.655 1.00504279876961
10.656 1.00504328805357
10.657 1.0050437823964
10.658 1.00504428025471
10.659 1.00504477811302
10.66 1.00504527597133
10.661 1.0050457818731
10.662 1.00504628793903
10.663 1.00504679400495
10.664 1.005047302972
10.665 1.0050478168788
10.666 1.0050483307856
10.667 1.0050488446924
10.668 1.00504936427955
10.669 1.00504988566049
10.67 1.00505040704144
10.671 1.00505092948849
10.672 1.00505145797685
10.673 1.00505198646521
10.674 1.00505251495357
10.675 1.0050530470819
10.676 1.00505358231094
10.677 1.00505411753998
10.678 1.00505465276902
10.679 1.00505519392583
10.68 1.00505573552881
10.681 1.0050562771318
10.682 1.0050568206571
10.683 1.0050573682673
10.684 1.00505791587751
10.685 1.00505846348771
10.686 1.00505901510266
10.687 1.00505956835334
10.688 1.00506012160402
10.689 1.00506067538208
10.69 1.00506123390652
10.691 1.00506179243096
10.692 1.0050623509554
10.693 1.00506291188427
10.694 1.00506347531573
10.695 1.00506403874718
10.696 1.00506460217864
10.697 1.00506516960554
10.698 1.00506573757728
10.699 1.00506630554901
10.7 1.00506687464761
10.701 1.0050674467929
10.702 1.00506801893819
10.703 1.00506859108348
10.704 1.00506916574127
10.705 1.00506974169338
10.706 1.00507031764549
10.707 1.00507089376961
10.708 1.00507147316181
10.709 1.005072052554
10.71 1.0050726319462
10.711 1.00507321269067
10.712 1.00507379515622
10.713 1.00507437762178
10.714 1.00507496008733
10.715 1.00507554479937
10.716 1.00507612997154
10.717 1.00507671514372
10.718 1.00507730083066
10.719 1.00507788834273
10.72 1.00507847585479
10.721 1.00507906336686
10.722 1.00507965208254
10.723 1.00508024156776
10.724 1.00508083105298
10.725 1.0050814205382
10.726 1.00508201162984
10.727 1.00508260272148
10.728 1.00508319381312
10.729 1.00508378538824
10.73 1.00508437771958
10.731 1.00508497005091
10.732 1.00508556238225
10.733 1.00508615539449
10.734 1.00508674859878
10.735 1.00508734180307
10.736 1.00508793509342
10.737 1.00508852880394
10.738 1.00508912251445
10.739 1.00508971622497
10.74 1.00509031001361
10.741 1.00509090386362
10.742 1.00509149771363
10.743 1.00509209156364
10.744 1.00509268519777
10.745 1.00509327882055
10.746 1.00509387244332
10.747 1.00509446586414
10.748 1.00509505889294
10.749 1.00509565192174
10.75 1.00509624495053
10.751 1.00509683727802
10.752 1.00509742934611
10.753 1.00509802141421
10.754 1.00509861332301
10.755 1.00509920406367
10.756 1.00509979480433
10.757 1.00510038554499
10.758 1.00510097542162
10.759 1.00510156446811
10.76 1.00510215351459
10.761 1.00510274256108
10.762 1.00510332975276
10.763 1.00510391673834
10.764 1.00510450372393
10.765 1.0051050900055
10.766 1.00510567456345
10.767 1.0051062591214
10.768 1.00510684367935
10.769 1.00510742633713
10.77 1.00510800810071
10.771 1.00510858986429
10.772 1.00510917140659
10.773 1.00510975000908
10.774 1.00511032861156
10.775 1.00511090721404
10.776 1.00511148419372
10.777 1.00511205926837
10.778 1.00511263434301
10.779 1.00511320941766
10.78 1.00511378116439
10.781 1.00511435232384
10.782 1.00511492348329
10.783 1.00511549343689
10.784 1.005116059572
10.785 1.0051166257071
10.786 1.0051171918422
10.787 1.0051177535502
10.788 1.00511831265814
10.789 1.00511887176608
10.79 1.00511943069232
10.791 1.00511998071481
10.792 1.0051205307373
10.793 1.00512108075979
10.794 1.00512162621334
10.795 1.00512216509207
10.796 1.0051227039708
10.797 1.00512324284952
10.798 1.00512377116661
10.799 1.00512429684328
10.8 1.00512482251995
10.801 1.00512534529715
10.802 1.00512585571346
10.803 1.00512636612976
10.804 1.00512687654607
10.805 1.00512737691755
10.806 1.0051278700152
10.807 1.00512836311284
10.808 1.00512885621048
10.809 1.00512933051247
10.81 1.00512980423314
10.811 1.00513027795382
10.812 1.0051307439578
10.813 1.0051311962432
10.814 1.0051316485286
10.815 1.00513210081401
10.816 1.00513253547924
10.817 1.00513296427107
10.818 1.00513339306291
10.819 1.00513381827748
10.82 1.00513422151745
10.821 1.00513462475741
10.822 1.00513502799737
10.823 1.00513541660394
10.824 1.00513579223372
10.825 1.00513616786351
10.826 1.0051365434933
10.827 1.00513689182808
10.828 1.00513723778939
10.829 1.0051375837507
10.83 1.0051379198767
10.831 1.00513823411123
10.832 1.00513854834576
10.833 1.00513886258029
10.834 1.00513915316526
10.835 1.00513943361471
10.836 1.00513971406416
10.837 1.00513999128771
10.838 1.00514023589377
10.839 1.00514048049983
10.84 1.0051407251059
10.841 1.00514095151915
10.842 1.00514115822353
10.843 1.00514136492791
10.844 1.00514157163229
10.845 1.00514174357148
10.846 1.00514191031587
10.847 1.00514207706026
10.848 1.0051422328799
10.849 1.005142357606
10.85 1.0051424823321
10.851 1.0051426070582
10.852 1.00514270313451
10.853 1.00514278378402
10.854 1.00514286443352
10.855 1.00514294323763
10.856 1.00514297775225
10.857 1.00514301226686
10.858 1.00514304678148
10.859 1.00514306057302
10.86 1.00514304689444
10.861 1.00514303321586
10.862 1.00514301953727
10.863 1.00514296465246
10.864 1.00514290072238
10.865 1.0051428367923
10.866 1.00514276187716
10.867 1.00514264563728
10.868 1.0051425293974
10.869 1.00514241315752
10.87 1.00514226429678
10.871 1.0051420936888
10.872 1.00514192308081
10.873 1.00514175247283
10.874 1.00514152600271
10.875 1.00514129896832
10.876 1.00514107193393
10.877 1.00514082267535
10.878 1.00514053715626
10.879 1.00514025163717
10.88 1.00513996611807
10.881 1.00513963398086
10.882 1.00513928791876
10.883 1.00513894185666
10.884 1.00513858577834
10.885 1.00513817711493
10.886 1.00513776845152
10.887 1.00513735978811
10.888 1.0051369155619
10.889 1.00513644223888
10.89 1.00513596891585
10.891 1.00513549559282
10.892 1.00513495955495
10.893 1.00513441951401
10.894 1.00513387947307
10.895 1.00513331673598
10.896 1.00513270791882
10.897 1.00513209910166
10.898 1.00513149028449
10.899 1.00513083046648
10.9 1.00513015081481
10.901 1.00512947116313
10.902 1.00512878349324
10.903 1.00512803094874
10.904 1.00512727840424
10.905 1.00512652585974
10.906 1.00512573583968
10.907 1.00512490834405
10.908 1.00512408084843
10.909 1.00512325335281
10.91 1.0051223573188
10.911 1.00512145281375
10.912 1.0051205483087
10.913 1.00511962166469
10.914 1.00511863809192
10.915 1.00511765451914
10.916 1.00511667094637
10.917 1.00511563301915
10.918 1.00511456832034
10.919 1.00511350362154
10.92 1.00511243393167
10.921 1.00511128604854
10.922 1.0051101381654
10.923 1.00510899028226
10.924 1.00510780402808
10.925 1.00510657087595
10.926 1.00510533772381
10.927 1.00510410457168
10.928 1.00510279743909
10.929 1.00510147621499
10.93 1.00510015499089
10.931 1.00509881268461
10.932 1.00509739979888
10.933 1.00509598691316
10.934 1.00509457402743
10.935 1.00509310206106
10.936 1.00509159388397
10.937 1.00509008570688
10.938 1.00508857654059
10.939 1.00508696944242
10.94 1.00508536234426
10.941 1.00508375524609
10.942 1.0050821071276
10.943 1.00508039747862
10.944 1.00507868782965
10.945 1.00507697818067
10.946 1.00507518464908
10.947 1.00507336881957
10.948 1.00507155299006
10.949 1.0050697173947
10.95 1.00506779175493
10.951 1.00506586611516
10.952 1.00506394047538
10.953 1.00506195017482
10.954 1.00505991109505
10.955 1.00505787201529
10.956 1.00505583293553
10.957 1.00505368146884
10.958 1.00505152531937
10.959 1.00504936916989
10.96 1.00504717077561
10.961 1.00504489392669
10.962 1.00504261707777
10.963 1.00504034022885
10.964 1.00503797137634
10.965 1.00503557019826
10.966 1.00503316902017
10.967 1.00503075120742
10.968 1.00502822207044
10.969 1.00502569293345
10.97 1.00502316379646
10.971 1.00502056623339
10.972 1.00501790550779
10.973 1.00501524478218
10.974 1.00501258405657
10.975 1.00500980028227
10.976 1.00500700433831
10.977 1.00500420839435
10.978 1.00500137079597
10.979 1.00499843600393
10.98 1.0049955012119
10.981 1.00499256641986
10.982 1.00498953331814
10.983 1.00498645604831
10.984 1.00498337877847
10.985 1.00498028982003
10.986 1.00497706644266
10.987 1.00497384306529
10.988 1.00497061968793
10.989 1.00496732593405
10.99 1.00496395281942
10.991 1.00496057970479
10.992 1.00495720659017
10.993 1.00495370157994
10.994 1.00495017509833
10.995 1.00494664861672
10.996 1.00494308288593
10.997 1.00493939940761
10.998 1.00493571592929
10.999 1.00493203245097
11 1.00492824617173
11.001 1.00492440206697
11.002 1.00492055796221
11.003 1.00491670892977
11.004 1.00491270056885
11.005 1.00490869220793
11.006 1.00490468384701
11.007 1.00490060497401
11.008 1.0048964287272
11.009 1.00489225248039
11.01 1.00488807623357
11.011 1.00488376105911
11.012 1.00487941329668
11.013 1.00487506553425
11.014 1.00487068274274
11.015 1.00486615983497
11.016 1.00486163692719
11.017 1.00485711401942
11.018 1.00485248563435
11.019 1.0048477839515
11.02 1.00484308226865
11.021 1.00483838058581
11.022 1.00483350014626
11.023 1.00482861605861
11.024 1.00482373197097
11.025 1.00481877905055
11.026 1.00481370892837
11.027 1.0048086388062
11.028 1.00480356868403
11.029 1.00479835441703
11.03 1.0047930946306
11.031 1.00478783484418
11.032 1.00478254606366
11.033 1.00477709298326
11.034 1.00477163990286
11.035 1.00476618682245
11.036 1.00476062740325
11.037 1.00475497739914
11.038 1.00474932739504
11.039 1.00474367739093
11.04 1.00473784087213
11.041 1.00473199031459
11.042 1.00472613975705
11.043 1.0047202238609
11.044 1.0047141691202
11.045 1.0047081143795
11.046 1.0047020596388
11.047 1.00469585735095
11.048 1.00468959479737
11.049 1.00468333224378
11.05 1.00467704854593
11.051 1.00467057454973
11.052 1.00466410055353
11.053 1.00465762655733
11.054 1.00465104717569
11.055 1.00464435810715
11.056 1.00463766903861
11.057 1.00463097997007
11.058 1.00462409844372
11.059 1.00461719067311
11.06 1.00461028290251
11.061 1.00460331510232
11.062 1.00459618499992
11.063 1.00458905489752
11.064 1.00458192479513
11.065 1.00457464555812
11.066 1.0045672894942
11.067 1.00455993343028
11.068 1.00455256589441
11.069 1.00454498039149
11.07 1.00453739488857
11.071 1.00452980938566
11.072 1.00452212285648
11.073 1.00451430774844
11.074 1.0045064926404
11.075 1.00449867753236
11.076 1.00449067437764
11.077 1.00448263270733
11.078 1.00447459103703
11.079 1.00446650022144
11.08 1.00445823516349
11.081 1.00444997010555
11.082 1.0044417050476
11.083 1.0044333056597
11.084 1.00442482038873
11.085 1.00441633511775
11.086 1.00440784984677
11.087 1.00439914753738
11.088 1.004390445228
11.089 1.00438174291861
11.09 1.00437295720235
11.091 1.00436404102918
11.092 1.004355124856
11.093 1.00434620868283
11.094 1.0043371281721
11.095 1.00432800130975
11.096 1.00431887444741
11.097 1.00430971230759
11.098 1.00430037793069
11.099 1.00429104355379
11.1 1.00428170917689
11.101 1.00427226036963
11.102 1.0042627216528
11.103 1.00425318293597
11.104 1.00424364421913
11.105 1.00423391439525
11.106 1.0042241745131
11.107 1.00421443463095
11.108 1.00420462743196
11.109 1.00419468955911
11.11 1.00418475168627
11.111 1.00417481381342
11.112 1.00416473372483
11.113 1.00415460103591
11.114 1.00414446834698
11.115 1.00413431266108
11.116 1.0041239883307
11.117 1.00411366400031
11.118 1.00410333966993
11.119 1.00409291922145
11.12 1.00408240642423
11.121 1.004071893627
11.122 1.00406138082977
11.123 1.00405070126954
11.124 1.00404000318009
11.125 1.00402930509064
11.126 1.00401855418708
11.127 1.00400767398002
11.128 1.00399679377297
11.129 1.00398591356591
11.13 1.00397491167762
11.131 1.00396385252758
11.132 1.00395279337754
11.133 1.00394172192371
11.134 1.0039304870053
11.135 1.00391925208689
11.136 1.00390801716847
11.137 1.00389670285694
11.138 1.00388529534478
11.139 1.00387388783261
11.14 1.00386248032045
11.141 1.00385092880203
11.142 1.00383935187074
11.143 1.00382777493945
11.144 1.00381615810948
11.145 1.00380441493367
11.146 1.00379267175787
11.147 1.00378092858207
11.148 1.00376908267223
11.149 1.00375717642653
11.15 1.00374527018083
11.151 1.00373336073722
11.152 1.00372129459625
11.153 1.00370922845528
11.154 1.0036971623143
11.155 1.00368503191786
11.156 1.00367280905623
11.157 1.0036605861946
11.158 1.00364836333297
11.159 1.0036360176345
11.16 1.00362364122683
11.161 1.00361126481916
11.162 1.00359885984092
11.163 1.00358633306183
11.164 1.00357380628275
11.165 1.00356127950366
11.166 1.00354866735042
11.167 1.00353599337453
11.168 1.00352331939864
11.169 1.00351064542275
11.17 1.00349783174534
11.171 1.00348501374726
11.172 1.00347219574919
11.173 1.00345932704599
11.174 1.00344636820035
11.175 1.00343340935471
11.176 1.00342045050907
11.177 1.00340738840872
11.178 1.00339429189013
11.179 1.00338119537155
11.18 1.00336808002319
11.181 1.00335484900628
11.182 1.00334161798937
11.183 1.00332838697246
11.184 1.00331508635398
11.185 1.00330172401336
11.186 1.00328836167273
11.187 1.00327499933211
11.188 1.00326151909432
11.189 1.00324802860461
11.19 1.00323453811489
11.191 1.00322100888309
11.192 1.00320739341891
11.193 1.00319377795472
11.194 1.00318016249054
11.195 1.00316646176645
11.196 1.00315272450241
11.197 1.00313898723838
11.198 1.00312523929807
11.199 1.00311138340879
11.2 1.00309752751952
11.201 1.00308367163024
11.202 1.00306976032467
11.203 1.00305578898478
11.204 1.00304181764489
11.205 1.003027846305
11.206 1.00301377728498
11.207 1.00299969366909
11.208 1.0029856100532
11.209 1.00297149807095
11.21 1.00295730535368
11.211 1.00294311263641
11.212 1.00292891991914
11.213 1.00291465847055
11.214 1.00290036001279
11.215 1.00288606155502
11.216 1.00287175913394
11.217 1.00285736159315
11.218 1.00284296405235
11.219 1.00282856651156
11.22 1.00281413044317
11.221 1.00279964330332
11.222 1.00278515616346
11.223 1.0027706690236
11.224 1.00275611626443
11.225 1.00274154910102
11.226 1.00272698193761
11.227 1.00271239998011
11.228 1.00269776236865
11.229 1.00268312475719
11.23 1.00266848714573
11.231 1.00265381301075
11.232 1.00263911452675
11.233 1.00262441604276
11.234 1.00260971755876
11.235 1.0025949682907
11.236 1.00258021850967
11.237 1.00256546872865
11.238 1.00255070309344
11.239 1.00253591159089
11.24 1.00252112008834
11.241 1.0025063285858
11.242 1.00249151233082
11.243 1.00247668868225
11.244 1.00246186503369
11.245 1.00244703777385
11.246 1.00243219155479
11.247 1.00241734533572
11.248 1.00240249911666
11.249 1.00238764575035
11.25 1.00237278653629
11.251 1.00235792732222
11.252 1.00234306810816
11.253 1.00232820567978
11.254 1.00231334304624
11.255 1.00229848041269
11.256 1.00228361981063
11.257 1.0022687633331
11.258 1.00225390685557
11.259 1.00223905037805
11.26 1.00222420522722
11.261 1.00220936448122
11.262 1.00219452373523
11.263 1.002179685773
11.264 1.00216487033405
11.265 1.00215005489509
11.266 1.00213523945614
11.267 1.00212044145846
11.268 1.00210566090205
11.269 1.00209088034564
11.27 1.00207609978923
11.271 1.00206135880049
11.272 1.00204662270214
11.273 1.00203188660378
11.274 1.00201716563483
11.275 1.00200248357004
11.276 1.00198780150525
11.277 1.00197311944046
11.278 1.00195847999375
11.279 1.00194386153804
11.28 1.00192924308232
11.281 1.00191462901768
11.282 1.00190008374655
11.283 1.00188553847542
11.284 1.00187099320429
11.285 1.0018564851752
11.286 1.00184202266416
11.287 1.00182756015312
11.288 1.00181309764208
11.289 1.00179871269294
11.29 1.00178434251749
11.291 1.00176997234205
11.292 1.00175562560616
11.293 1.00174135734183
11.294 1.0017270890775
11.295 1.00171282081317
11.296 1.00169862167054
11.297 1.00168446489282
11.298 1.0016703081151
11.299 1.001656152548
11.3 1.00164211683241
11.301 1.00162808111682
11.302 1.00161404540123
11.303 1.00160006194069
11.304 1.00158615686273
11.305 1.00157225178477
11.306 1.00155834670681
11.307 1.00154455239723
11.308 1.00153078753242
11.309 1.0015170226676
11.31 1.00150328476474
11.311 1.00148966968858
11.312 1.00147605461241
11.313 1.00146243953625
11.314 1.00144891529766
11.315 1.00143545958565
11.316 1.00142200387365
11.317 1.00140854816164
11.318 1.00139525463172
11.319 1.00138196785938
11.32 1.00136868108705
11.321 1.00135545679502
11.322 1.00134234853786
11.323 1.0013292402807
11.324 1.00131613202354
11.325 1.00130316295349
11.326 1.00129024278702
11.327 1.00127732262055
11.328 1.00126442815068
11.329 1.0012517056504
11.33 1.00123898315012
11.331 1.00122626064984
11.332 1.00121364591525
11.333 1.00120113065667
11.334 1.0011886153981
11.335 1.00117610013952
11.336 1.00116378218461
11.337 1.00115148374324
11.338 1.00113918530188
11.339 1.00112695477833
11.34 1.00111488272968
11.341 1.00110281068104
11.342 1.00109073863239
11.343 1.00107882940182
11.344 1.00106699332141
11.345 1.00105515724099
11.346 1.00104334080408
11.347 1.0010317502674
11.348 1.00102015973072
11.349 1.00100856919404
11.35 1.00099709856341
11.351 1.00098576314597
11.352 1.00097442772854
11.353 1.00096309231111
11.354 1.00095198453117
11.355 1.00094091380849
11.356 1.00092984308582
11.357 1.00091884080645
11.358 1.00090804385702
11.359 1.00089724690758
11.36 1.00088644995815
11.361 1.00087582938177
11.362 1.00086530801525
11.363 1.00085478664873
11.364 1.00084427343866
11.365 1.00083402395388
11.366 1.00082377446911
11.367 1.00081352498433
11.368 1.00080338807788
11.369 1.00079340663675
11.37 1.00078342519562
11.371 1.00077344375449
11.372 1.00076367631983
11.373 1.00075395908423
11.374 1.00074424184862
11.375 1.0007345766865
11.376 1.00072511981833
11.377 1.00071566295015
11.378 1.00070620608197
11.379 1.00069690056609
11.38 1.00068770022723
11.381 1.00067849988837
11.382 1.00066929954951
11.383 1.00066034684803
11.384 1.00065139920037
11.385 1.00064245155271
11.386 1.0006335959807
11.387 1.00062489718614
11.388 1.00061619839158
11.389 1.00060749959702
11.39 1.00059898701386
11.391 1.00059053323429
11.392 1.00058207945472
11.393 1.00057366185169
11.394 1.000565449249
11.395 1.00055723664631
11.396 1.00054902404362
11.397 1.00054093960387
11.398 1.00053296433995
11.399 1.00052498907604
11.4 1.00051701381212
11.401 1.00050925570383
11.402 1.00050151394057
11.403 1.00049377217732
11.404 1.00048610390609
11.405 1.00047859180539
11.406 1.00047107970469
11.407 1.00046356760399
11.408 1.00045621583865
11.409 1.0004489295624
11.41 1.00044164328615
11.411 1.00043437920854
11.412 1.00042731491862
11.413 1.00042025062871
11.414 1.0004131863388
11.415 1.00040622894152
11.416 1.00039938279983
11.417 1.00039253665815
11.418 1.00038569051647
11.419 1.00037903296769
11.42 1.00037240113613
11.421 1.00036576930456
11.422 1.00035919430044
11.423 1.00035277294089
11.424 1.00034635158135
11.425 1.0003399302218
11.426 1.00033364524062
11.427 1.00032743051497
11.428 1.00032121578933
11.429 1.00031501120347
11.43 1.00030899927362
11.431 1.00030298734377
11.432 1.00029697541392
11.433 1.00029105102545
11.434 1.00028523805328
11.435 1.00027942508111
11.436 1.00027361210895
11.437 1.00026796108603
11.438 1.00026234323345
11.439 1.00025672538086
11.44 1.00025114961019
11.441 1.00024572303907
11.442 1.00024029646796
11.443 1.00023486989684
11.444 1.00022955766617
11.445 1.00022431853841
11.446 1.00021907941065
11.447 1.00021384028289
11.448 1.00020878476039
11.449 1.00020372923788
11.45 1.00019867371538
11.451 1.00019368830206
11.452 1.0001888125467
11.453 1.00018393679133
11.454 1.00017906103597
11.455 1.00017432250526
11.456 1.00016962267893
11.457 1.0001649228526
11.458 1.00016025228173
11.459 1.00015572454633
11.46 1.00015119681093
11.461 1.00014666907553
11.462 1.0001422355617
11.463 1.00013787607912
11.464 1.00013351659653
11.465 1.00012915711395
11.466 1.00012495382534
11.467 1.00012075875746
11.468 1.00011656368959
11.469 1.00011242321776
11.47 1.00010838872649
11.471 1.00010435423521
11.472 1.00010031974394
11.473 1.00009639967177
11.474 1.00009252191898
11.475 1.0000886441662
11.476 1.00008478476146
11.477 1.00008105990906
11.478 1.00007733505666
11.479 1.00007361020427
11.48 1.00006996137363
11.481 1.00006638558351
11.482 1.00006280979338
11.483 1.00005923400326
11.484 1.00005578891489
11.485 1.00005235834893
11.486 1.00004892778297
11.487 1.00004553821897
11.488 1.00004224903907
11.489 1.00003895985917
11.49 1.00003567067927
11.491 1.00003247503197
11.492 1.00002932340002
11.493 1.00002617176807
11.494 1.00002302949581
11.495 1.0000200115737
11.496 1.00001699365159
11.497 1.00001397572948
11.498 1.00001101754837
11.499 1.00000812949799
11.5 1.00000524144761
11.501 1.00000235339723
11.502 0.999999572476882
11.503 0.999996810461836
11.504 0.999994048446791
11.505 0.999991315764508
11.506 0.999988675969306
11.507 0.999986036174104
11.508 0.999983396378902
11.509 0.999980831187266
11.51 0.999978309810423
11.511 0.999975788433581
11.512 0.999973269349081
11.513 0.999970862589371
11.514 0.999968455829661
11.515 0.999966049069951
11.516 0.999963687744762
11.517 0.999961391800959
11.518 0.999959095857155
11.519 0.999956799913351
11.52 0.99995458958129
11.521 0.999952400652165
11.522 0.99995021172304
11.523 0.999948042404471
11.524 0.999945956688799
11.525 0.999943870973126
11.526 0.999941785257453
11.527 0.999939757200872
11.528 0.999937770897425
11.529 0.999935784593977
11.53 0.99993379829053
11.531 0.999931904729752
11.532 0.999930014037304
11.533 0.999928123344855
11.534 0.999926265703925
11.535 0.999924466821248
11.536 0.999922667938572
11.537 0.999920869055895
11.538 0.999919136179627
11.539 0.999917425305495
11.54 0.999915714431363
11.541 0.999914015346256
11.542 0.999912388679443
11.543 0.999910762012629
11.544 0.999909135345815
11.545 0.99990755129423
11.546 0.999906005033508
11.547 0.999904458772786
11.548 0.999902912512064
11.549 0.999901436727817
11.55 0.999899967071959
11.551 0.999898497416101
11.552 0.999897050329371
11.553 0.99989565347715
11.554 0.99989425662493
11.555 0.99989285977271
11.556 0.999891511222177
11.557 0.999890183372368
11.558 0.999888855522559
11.559 0.999887533540856
11.56 0.99988627089223
11.561 0.999885008243605
11.562 0.999883745594979
11.563 0.999882512418333
11.564 0.999881311169665
11.565 0.999880109920996
11.566 0.999878908672328
11.567 0.999877757534555
11.568 0.999876613884617
11.569 0.999875470234679
11.57 0.999874340572092
11.571 0.999873250719657
11.572 0.999872160867223
11.573 0.999871071014788
11.574 0.999870013659933
11.575 0.999868973803775
11.576 0.999867933947618
11.577 0.999866895939262
11.578 0.999865902278153
11.579 0.999864908617045
11.58 0.999863914955937
11.581 0.999862939524172
11.582 0.999861988256887
11.583 0.999861036989602
11.584 0.999860085722317
11.585 0.999859166100961
11.586 0.999858253426272
11.587 0.999857340751582
11.588 0.999856435383081
11.589 0.999855557499761
11.59 0.999854679616441
11.591 0.999853801733121
11.592 0.999852942443887
11.593 0.999852095550709
11.594 0.999851248657532
11.595 0.999850401764355
11.596 0.999849581788204
11.597 0.999848762083942
11.598 0.99984794237968
11.599 0.99984713156274
11.6 0.999846335246168
11.601 0.999845538929595
11.602 0.999844742613022
11.603 0.999843961378024
11.604 0.999843184647913
11.605 0.999842407917802
11.606 0.999841633713329
11.607 0.999840872768453
11.608 0.999840111823577
11.609 0.999839350878701
11.61 0.99983859652503
11.611 0.999837847564163
11.612 0.999837098603295
11.613 0.999836349642428
11.614 0.999835608373375
11.615 0.999834867595289
11.616 0.999834126817203
11.617 0.99983338748503
11.618 0.999832651088498
11.619 0.999831914691967
11.62 0.999831178295436
11.621 0.99983044231674
11.622 0.999829706500536
11.623 0.999828970684332
11.624 0.99982823451383
11.625 0.999827495476727
11.626 0.999826756439624
11.627 0.999826017402521
11.628 0.999825274854356
11.629 0.999824528795127
11.63 0.999823782735899
11.631 0.99982303667667
11.632 0.999822280984658
11.633 0.999821524102077
11.634 0.999820767219495
11.635 0.999820006242032
11.636 0.999819234734871
11.637 0.99981846322771
11.638 0.999817691720549
11.639 0.999816907868098
11.64 0.999816117935131
11.641 0.999815328002163
11.642 0.999814536735574
11.643 0.999813724575574
11.644 0.999812912415573
11.645 0.999812100255573
11.646 0.999811276454454
11.647 0.9998104384253
11.648 0.999809600396146
11.649 0.999808762366992
11.65 0.999807900930275
11.651 0.999807035034975
11.652 0.999806169139675
11.653 0.999805296599346
11.654 0.999804401812617
11.655 0.999803507025888
11.656 0.999802612239159
11.657 0.999801698911883
11.658 0.999800774221047
11.659 0.99979984953021
11.66 0.999798924530206
11.661 0.999797968922583
11.662 0.999797013314961
11.663 0.999796057707338
11.664 0.99979508932793
11.665 0.999794101790844
11.666 0.999793114253758
11.667 0.999792126716671
11.668 0.999791113155292
11.669 0.999790092676062
11.67 0.999789072196833
11.671 0.999788045605736
11.672 0.999786991171686
11.673 0.999785936737636
11.674 0.999784882303586
11.675 0.999783807938061
11.676 0.999782718536511
11.677 0.999781629134962
11.678 0.999780539733412
11.679 0.999779415790892
11.68 0.999778290409165
11.681 0.999777165027438
11.682 0.999776026698211
11.683 0.999774864323628
11.684 0.999773701949045
11.685 0.999772539574462
11.686 0.999771349075783
11.687 0.999770148695666
11.688 0.999768948315548
11.689 0.999767742863063
11.69 0.999766503464733
11.691 0.999765264066402
11.692 0.999764024668072
11.693 0.999762764453678
11.694 0.999761485024457
11.695 0.999760205595235
11.696 0.999758926166014
11.697 0.999757609387144
11.698 0.999756288914353
11.699 0.999754968441562
11.7 0.999753635351896
11.701 0.999752272822858
11.702 0.999750910293819
11.703 0.99974954776478
11.704 0.999748155518182
11.705 0.999746749920217
11.706 0.999745344322252
11.707 0.999743935197758
11.708 0.999742485518189
11.709 0.999741035838619
11.71 0.999739586159049
11.711 0.999738115285166
11.712 0.999736620511314
11.713 0.999735125737461
11.714 0.999733630963608
11.715 0.999732096537769
11.716 0.999730555656955
11.717 0.999729014776141
11.718 0.999727462115418
11.719 0.999725874114964
11.72 0.99972428611451
11.721 0.999722698114056
11.722 0.999721079308919
11.723 0.999719443176147
11.724 0.999717807043376
11.725 0.999716169436254
11.726 0.999714484158486
11.727 0.999712798880718
11.728 0.99971111360295
11.729 0.999709407258958
11.73 0.999707671823515
11.731 0.999705936388072
11.732 0.999704200952629
11.733 0.9997024240692
11.734 0.999700637463404
11.735 0.999698850857608
11.736 0.999697053815205
11.737 0.999695215026378
11.738 0.99969337623755
11.739 0.999691537448722
11.74 0.999689667274426
11.741 0.999687775289889
11.742 0.999685883305351
11.743 0.999683991320814
11.744 0.999682046212056
11.745 0.99968010001913
11.746 0.999678153826204
11.747 0.999676187201484
11.748 0.999674185787491
11.749 0.999672184373499
11.75 0.999670182959506
11.751 0.999668138807868
11.752 0.99966608116013
11.753 0.999664023512393
11.754 0.999661957277692
11.755 0.999659842383531
11.756 0.999657727489371
11.757 0.99965561259521
11.758 0.999653466241134
11.759 0.999651293087872
11.76 0.99964911993461
11.761 0.999646946781347
11.762 0.999644718505329
11.763 0.999642486080287
11.764 0.999640253655244
11.765 0.999638001939175
11.766 0.999635709229674
11.767 0.999633416520173
11.768 0.999631123810672
11.769 0.999628787580204
11.77 0.999626433573566
11.771 0.999624079566928
11.772 0.999621719329309
11.773 0.999619303012856
11.774 0.999616886696403
11.775 0.99961447037995
11.776 0.999612023035475
11.777 0.999609543396529
11.778 0.999607063757582
11.779 0.999604584118636
11.78 0.999602047864738
11.781 0.99959950389062
11.782 0.999596959916501
11.783 0.999594398298463
11.784 0.999591788976495
11.785 0.999589179654526
11.786 0.999586570332557
11.787 0.99958391721264
11.788 0.999581241530143
11.789 0.999578565847645
11.79 0.999575886818394
11.791 0.999573144200816
11.792 0.999570401583237
11.793 0.999567658965659
11.794 0.999564888341831
11.795 0.999562082073687
11.796 0.999559275805543
11.797 0.999556469537399
11.798 0.999553614830884
11.799 0.999550750203257
11.8 0.999547885575631
11.801 0.999545009276735
11.802 0.999542091597886
11.803 0.999539173919038
11.804 0.999536256240189
11.805 0.999533309438133
11.806 0.999530344016322
11.807 0.999527378594511
11.808 0.9995244131727
11.809 0.999521405316187
11.81 0.999518397459673
11.811 0.99951538960316
11.812 0.999512367267334
11.813 0.999509322284378
11.814 0.999506277301422
11.815 0.999503232318466
11.816 0.999500162517328
11.817 0.999497085716189
11.818 0.999494008915051
11.819 0.999490927607226
11.82 0.999487824296164
11.821 0.999484720985103
11.822 0.999481617674042
11.823 0.99947850249005
11.824 0.999475377977326
11.825 0.999472253464602
11.826 0.999469128951878
11.827 0.999465989340422
11.828 0.999462848934295
11.829 0.999459708528168
11.83 0.999456564523092
11.831 0.999453413531823
11.832 0.999450262540553
11.833 0.999447111549284
11.834 0.999443956705889
11.835 0.999440800437737
11.836 0.999437644169584
11.837 0.999434487905196
11.838 0.99943133166842
11.839 0.999428175431644
11.84 0.999425019194868
11.841 0.999421865681307
11.842 0.999418714784168
11.843 0.999415563887029
11.844 0.99941241298989
11.845 0.999409271675858
11.846 0.999406131426615
11.847 0.999402991177372
11.848 0.999399855555415
11.849 0.999396731262329
11.85 0.999393606969243
11.851 0.999390482676157
11.852 0.999387372842875
11.853 0.999384269814205
11.854 0.999381166785536
11.855 0.999378065616954
11.856 0.99937498916096
11.857 0.999371912704967
11.858 0.999368836248974
11.859 0.999365774458212
11.86 0.999362729883155
11.861 0.999359685308099
11.862 0.999356640733042
11.863 0.999353627768802
11.864 0.999350620382942
11.865 0.999347612997081
11.866 0.99934461581061
11.867 0.999341650922206
11.868 0.999338686033801
11.869 0.999335721145397
11.87 0.999332786374593
11.871 0.999329869291905
11.872 0.999326952209217
11.873 0.999324036188808
11.874 0.999321172220095
11.875 0.999318308251383
11.876 0.99931544428267
11.877 0.999312604267075
11.878 0.999309798720598
11.879 0.999306993174121
11.88 0.999304187627644
11.881 0.999301433065564
11.882 0.999298691249583
11.883 0.999295949433602
11.884 0.999293220734985
11.885 0.99929054795776
11.886 0.999287875180534
11.887 0.999285202403309
11.888 0.999282572747352
11.889 0.999279974317143
11.89 0.999277375886933
11.891 0.999274777456723
11.892 0.999272256292131
11.893 0.999269737517196
11.894 0.999267218742262
11.895 0.9992647305542
11.896 0.999262296742802
11.897 0.999259862931403
11.898 0.999257429120004
11.899 0.999255063012451
11.9 0.999252719472848
11.901 0.999250375933244
11.902 0.999248045774848
11.903 0.999245797815299
11.904 0.999243549855751
11.905 0.999241301896202
11.906 0.99923910740746
11.907 0.999236960336227
11.908 0.999234813264994
11.909 0.999232666193761
11.91 0.999230616823376
11.911 0.999228575948717
11.912 0.999226535074058
11.913 0.999224528765899
11.914 0.999222599396075
11.915 0.999220670026252
11.916 0.999218740656428
11.917 0.999216893055771
11.918 0.999215080499042
11.919 0.999213267942313
11.92 0.999211466376506
11.921 0.999209775941132
11.922 0.999208085505758
11.923 0.999206395070384
11.924 0.999204765801225
11.925 0.999203202795466
11.926 0.999201639789706
11.927 0.999200076783947
11.928 0.999198629260138
11.929 0.999197198992253
11.93 0.999195768724368
11.931 0.999194374267724
11.932 0.999193081735381
11.933 0.999191789203037
11.934 0.999190496670694
11.935 0.999189295482181
11.936 0.999188143478806
11.937 0.999186991475432
11.938 0.999185845073738
11.939 0.999184833112371
11.94 0.999183821151004
11.941 0.999182809189636
11.942 0.999181855997121
11.943 0.999180980707502
11.944 0.999180105417883
11.945 0.999179230128263
11.946 0.999178462302217
11.947 0.999177718065734
11.948 0.999176973829252
11.949 0.999176255579357
11.95 0.999175635088531
11.951 0.999175014597704
11.952 0.999174394106878
11.953 0.999173842757417
11.954 0.999173337502201
11.955 0.999172832246984
11.956 0.999172326991768
11.957 0.99917192661648
11.958 0.999171527300586
11.959 0.999171127984692
11.96 0.999170765227858
11.961 0.99917046212002
11.962 0.999170159012181
11.963 0.999169855904343
11.964 0.999169619273678
11.965 0.999169402499831
11.966 0.999169185725984
11.967 0.999168981200942
11.968 0.999168840982132
11.969 0.999168700763322
11.97 0.999168560544512
11.971 0.999168457209166
11.972 0.999168384051201
11.973 0.999168310893237
11.974 0.999168237735272
11.975 0.999168219095404
11.976 0.999168203935414
11.977 0.999168188775425
11.978 0.999168189942218
11.979 0.999168224257328
11.98 0.999168258572438
11.981 0.999168292887548
11.982 0.999168357131535
11.983 0.99916843301453
11.984 0.999168508897524
11.985 0.999168588556202
11.986 0.999168698763594
11.987 0.999168808970985
11.988 0.999168919178377
11.989 0.999169043270008
11.99 0.999169181245878
11.991 0.999169319221748
11.992 0.999169457197617
11.993 0.999169614669726
11.994 0.999169774551483
11.995 0.999169934433239
11.996 0.99917009899801
11.997 0.999170275604818
11.998 0.999170452211625
11.999 0.999170628818432
12 0.999170813600841
12.001 0.999171002410039
12.002 0.999171191219236
12.003 0.999171380526755
12.004 0.999171577641312
12.005 0.999171774755869
12.006 0.999171971870426
12.007 0.999172171232255
12.008 0.99917237334075
12.009 0.999172575449245
12.01 0.999172777557741
12.011 0.999172981534656
12.012 0.99917318586746
12.013 0.999173390200265
12.014 0.999173594521426
12.015 0.999173798803609
12.016 0.999174003085792
12.017 0.999174207367975
12.018 0.999174410484939
12.019 0.999174612887736
12.02 0.999174815290533
12.021 0.999175017660222
12.022 0.999175216752269
12.023 0.999175415844316
12.024 0.999175614936363
12.025 0.999175812271694
12.026 0.999176006971952
12.027 0.99917620167221
12.028 0.999176396372468
12.029 0.999176586990211
12.03 0.999176776522729
12.031 0.999176966055247
12.032 0.999177154565104
12.033 0.999177338416172
12.034 0.999177522267241
12.035 0.999177706118309
12.036 0.999177886564483
12.037 0.999178064442053
12.038 0.999178242319623
12.039 0.999178420197193
12.04 0.999178592237308
12.041 0.999178764034195
12.042 0.999178935831082
12.043 0.999179105514851
12.044 0.999179271274257
12.045 0.999179437033663
12.046 0.999179602793068
12.047 0.999179764205871
12.048 0.999179924091488
12.049 0.999180083977106
12.05 0.999180243132517
12.051 0.99918039740116
12.052 0.999180551669804
12.053 0.999180705938447
12.054 0.999180857455574
12.055 0.999181006432839
12.056 0.999181155410104
12.057 0.999181304387369
12.058 0.999181448889796
12.059 0.999181592949656
12.06 0.999181737009517
12.061 0.999181879715622
12.062 0.999182019262965
12.063 0.999182158810308
12.064 0.999182298357651
12.065 0.999182435081879
12.066 0.999182570537752
12.067 0.999182705993625
12.068 0.99918284115623
12.069 0.999182972946259
12.07 0.999183104736287
12.071 0.999183236526315
12.072 0.999183366791091
12.073 0.999183495335902
12.074 0.999183623880713
12.075 0.999183752425523
12.076 0.999183878529995
12.077 0.999184004237202
12.078 0.999184129944409
12.079 0.999184255039425
12.08 0.999184378297869
12.081 0.999184501556314
12.082 0.999184624814758
12.083 0.999184746739779
12.084 0.999184867914749
12.085 0.99918498908972
12.086 0.999185110212351
12.087 0.999185229642678
12.088 0.999185349073004
12.089 0.999185468503331
12.09 0.999185587331041
12.091 0.999185705326566
12.092 0.999185823322091
12.093 0.999185941317615
12.094 0.99918605837747
12.095 0.999186175217846
12.096 0.999186292058222
12.097 0.99918640871748
12.098 0.999186524652262
12.099 0.999186640587045
12.1 0.999186756521828
12.101 0.999186872052081
12.102 0.999186987301219
12.103 0.999187102550357
12.104 0.999187217799495
12.105 0.999187332564471
12.106 0.999187447319566
12.107 0.99918756207466
12.108 0.999187676707814
12.109 0.999187791133338
12.11 0.999187905558863
12.111 0.999188019984387
12.112 0.999188134265058
12.113 0.999188248499986
12.114 0.999188362734914
12.115 0.999188476958584
12.116 0.999188591118457
12.117 0.99918870527833
12.118 0.999188819438202
12.119 0.999188933608404
12.12 0.999189047787404
12.121 0.999189161966405
12.122 0.999189276145405
12.123 0.999189390412191
12.124 0.999189504685584
12.125 0.999189618958978
12.126 0.999189733281073
12.127 0.99918984770666
12.128 0.999189962132247
12.129 0.999190076557834
12.13 0.999190191121927
12.131 0.999190305742593
12.132 0.999190420363259
12.133 0.99919053500652
12.134 0.999190649853131
12.135 0.999190764699743
12.136 0.999190879546354
12.137 0.999190994513545
12.138 0.999191109606238
12.139 0.99919122469893
12.14 0.999191339791623
12.141 0.999191455110809
12.142 0.999191570460881
12.143 0.999191685810954
12.144 0.999191801231571
12.145 0.999191916842921
12.146 0.999192032454271
12.147 0.999192148065622
12.148 0.999192263848026
12.149 0.999192379718549
12.15 0.999192495589071
12.151 0.999192611472208
12.152 0.999192727595015
12.153 0.999192843717821
12.154 0.999192959840627
12.155 0.999193076069605
12.156 0.999193192433711
12.157 0.999193308797816
12.158 0.999193425161921
12.159 0.999193541714389
12.16 0.999193658305438
12.161 0.999193774896486
12.162 0.999193891533769
12.163 0.999194008334974
12.164 0.99919412513618
12.165 0.999194241937385
12.166 0.999194358855376
12.167 0.999194475848033
12.168 0.999194592840691
12.169 0.999194709833348
12.17 0.999194826997998
12.171 0.999194944162648
12.172 0.999195061327298
12.173 0.999195178551562
12.174 0.999195295869071
12.175 0.999195413186579
12.176 0.999195530504088
12.177 0.999195647926629
12.178 0.999195765378793
12.179 0.999195882830958
12.18 0.999196000303088
12.181 0.999196117872694
12.182 0.9991962354423
12.183 0.999196353011906
12.184 0.999196470638207
12.185 0.999196588309054
12.186 0.999196705979901
12.187 0.999196823650748
12.188 0.999196941403761
12.189 0.999197059161099
12.19 0.999197176918437
12.191 0.999197294700652
12.192 0.999197412531156
12.193 0.99919753036166
12.194 0.999197648192165
12.195 0.999197766066899
12.196 0.999197883957991
12.197 0.999198001849084
12.198 0.999198119746052
12.199 0.999198237686103
12.2 0.999198355626154
12.201 0.999198473566205
12.202 0.999198591525931
12.203 0.999198709504562
12.204 0.999198827483192
12.205 0.999198945461822
12.206 0.999199063466761
12.207 0.999199181474622
12.208 0.999199299482484
12.209 0.999199417496485
12.21 0.999199535525516
12.211 0.999199653554548
12.212 0.999199771583579
12.213 0.999199889622231
12.214 0.99920000766541
12.215 0.999200125708589
12.216 0.999200243752322
12.217 0.999200361803418
12.218 0.999200479854513
12.219 0.999200597905609
12.22 0.999200715957643
12.221 0.999200834010779
12.222 0.999200952063915
12.223 0.999201070117051
12.224 0.999201188167467
12.225 0.999201306217404
12.226 0.99920142426734
12.227 0.999201542315536
12.228 0.999201660358219
12.229 0.999201778400902
12.23 0.999201896443584
12.231 0.999202014479934
12.232 0.999202132512564
12.233 0.999202250545194
12.234 0.999202368577586
12.235 0.999202486598323
12.236 0.999202604619059
12.237 0.999202722639796
12.238 0.999202840655185
12.239 0.999202958662879
12.24 0.999203076670572
12.241 0.999203194678265
12.242 0.999203312674985
12.243 0.999203430668961
12.244 0.999203548662937
12.245 0.999203666654335
12.246 0.999203784634741
12.247 0.999203902615146
12.248 0.999204020595552
12.249 0.999204138568376
12.25 0.999204256535711
12.251 0.999204374503045
12.252 0.99920449247038
12.253 0.999204610425594
12.254 0.999204728380433
12.255 0.999204846335272
12.256 0.99920496428576
12.257 0.999205082228514
12.258 0.999205200171268
12.259 0.999205318114022
12.26 0.999205436047683
12.261 0.999205553978313
12.262 0.999205671908943
12.263 0.999205789837873
12.264 0.999205907756362
12.265 0.999206025674851
12.266 0.99920614359334
12.267 0.999206261505606
12.268 0.999206379412354
12.269 0.999206497319102
12.27 0.999206615225849
12.271 0.999206733122671
12.272 0.999206851018629
12.273 0.999206968914588
12.274 0.999207086807629
12.275 0.99920720469418
12.276 0.99920732258073
12.277 0.99920744046728
12.278 0.999207558348652
12.279 0.999207676227806
12.28 0.999207794106959
12.281 0.999207911985658
12.282 0.99920802985976
12.283 0.999208147733862
12.284 0.999208265607964
12.285 0.999208383480907
12.286 0.999208501352596
12.287 0.999208619224285
12.288 0.999208737095973
12.289 0.999208854967329
12.29 0.999208972838635
12.291 0.999209090709941
12.292 0.999209208581526
12.293 0.999209326453908
12.294 0.99920944432629
12.295 0.999209562198671
12.296 0.99920968007253
12.297 0.999209797947185
12.298 0.999209915821839
12.299 0.999210033696614
12.3 0.999210151574296
12.301 0.999210269451977
12.302 0.999210387329659
12.303 0.999210505208878
12.304 0.999210623090136
12.305 0.999210740971394
12.306 0.999210858852652
12.307 0.999210976737026
12.308 0.999211094622085
12.309 0.999211212507144
12.31 0.99921133039306
12.311 0.9992114482822
12.312 0.999211566171339
12.313 0.999211684060478
12.314 0.999211801951985
12.315 0.999211919845069
12.316 0.999212037738154
12.317 0.999212155631238
12.318 0.999212273528025
12.319 0.999212391424848
12.32 0.999212509321672
12.321 0.999212627219678
12.322 0.999212745119613
12.323 0.999212863019547
12.324 0.999212980919482
12.325 0.99921309882113
12.326 0.99921321672329
12.327 0.99921333462545
12.328 0.999213452527895
12.329 0.999213570431829
12.33 0.999213688335764
12.331 0.999213806239699
12.332 0.999213924144792
12.333 0.999214042050832
12.334 0.999214159956872
12.335 0.999214277862913
12.336 0.999214395771132
12.337 0.99921451367949
12.338 0.999214631587849
12.339 0.999214749496938
12.34 0.999214867407511
12.341 0.999214985318084
12.342 0.999215103228657
12.343 0.999215221140534
12.344 0.99921533905292
12.345 0.999215456965305
12.346 0.999215574877882
12.347 0.999215692792007
12.348 0.999215810706132
12.349 0.999215928620257
12.35 0.999216046535244
12.351 0.999216164451091
12.352 0.999216282366938
12.353 0.999216400282785
12.354 0.999216518199836
12.355 0.999216636117036
12.356 0.999216754034236
12.357 0.999216871951617
12.358 0.999216989869465
12.359 0.999217107787313
12.36 0.99921722570516
12.361 0.999217343622684
12.362 0.999217461540048
12.363 0.999217579457413
12.364 0.999217697374658
12.365 0.999217815290039
12.366 0.99921793320542
12.367 0.999218051120801
12.368 0.999218169034757
12.369 0.999218286946973
12.37 0.999218404859189
12.371 0.999218522771405
12.372 0.999218640680373
12.373 0.999218758588721
12.374 0.99921887649707
12.375 0.999218994404415
12.376 0.999219112308404
12.377 0.999219230212393
12.378 0.999219348116381
12.379 0.999219466017848
12.38 0.999219583917768
12.381 0.999219701817689
12.382 0.999219819717572
12.383 0.999219937613826
12.384 0.999220055510079
12.385 0.999220173406332
12.386 0.999220291301594
12.387 0.999220409195368
12.388 0.999220527089143
12.389 0.999220644982917
12.39 0.999220762875707
12.391 0.999220880768236
12.392 0.999220998660764
12.393 0.999221116553203
12.394 0.999221234445235
12.395 0.999221352337266
12.396 0.999221470229298
12.397 0.99922158812135
12.398 0.999221706013416
12.399 0.999221823905483
12.4 0.999221941797549
12.401 0.999222059689925
12.402 0.999222177582313
12.403 0.999222295474701
12.404 0.999222413367288
12.405 0.999222531260246
12.406 0.999222649153203
12.407 0.999222767046161
12.408 0.999222884939631
12.409 0.999223002833281
12.41 0.999223120726931
12.411 0.999223238620616
12.412 0.999223356514537
12.413 0.999223474408459
12.414 0.999223592302381
12.415 0.999223710196006
12.416 0.999223828089359
12.417 0.999223945982712
12.418 0.999224063876064
12.419 0.999224181767871
12.42 0.999224299659525
12.421 0.999224417551178
12.422 0.999224535441985
12.423 0.999224653330815
12.424 0.999224771219645
12.425 0.999224889108476
12.426 0.999225006994888
12.427 0.999225124880214
12.428 0.999225242765539
12.429 0.999225360650556
12.43 0.999225478532012
12.431 0.999225596413469
12.432 0.999225714294926
12.433 0.999225832174732
12.434 0.999225950052676
12.435 0.99922606793062
12.436 0.999226185808564
12.437 0.999226303683867
12.438 0.99922642155874
12.439 0.999226539433612
12.44 0.999226657307957
12.441 0.999226775180717
12.442 0.999226893053477
12.443 0.999227010926237
12.444 0.999227128798438
12.445 0.999227246670324
12.446 0.99922736454221
12.447 0.999227482414111
12.448 0.999227600286515
12.449 0.999227718158919
12.45 0.999227836031324
12.451 0.99922795390434
12.452 0.999228071778201
12.453 0.999228189652062
12.454 0.999228307525923
12.455 0.999228425400945
12.456 0.999228543276239
12.457 0.999228661151534
12.458 0.999228779026975
12.459 0.999228896903004
12.46 0.999229014779032
12.461 0.999229132655061
12.462 0.999229250531097
12.463 0.999229368407137
12.464 0.999229486283177
12.465 0.999229604159217
12.466 0.99922972203495
12.467 0.999229839910677
12.468 0.999229957786403
12.469 0.999230075661863
12.47 0.99923019353687
12.471 0.999230311411876
12.472 0.999230429286882
12.473 0.999230547161225
12.474 0.999230665035358
12.475 0.999230782909491
12.476 0.999230900783524
12.477 0.999231018656993
12.478 0.999231136530462
12.479 0.99923125440393
12.48 0.999231372277462
12.481 0.999231490151047
12.482 0.999231608024631
12.483 0.999231725898216
12.484 0.999231843772918
12.485 0.999231961647704
12.486 0.99923207952249
12.487 0.999232197397887
12.488 0.999232315274585
12.489 0.999232433151284
12.49 0.999232551027982
12.491 0.999232668906328
12.492 0.999232786785347
12.493 0.999232904664367
12.494 0.99923302254365
12.495 0.999233140425308
12.496 0.999233258306967
12.497 0.999233376188625
12.498 0.999233494071707
12.499 0.99923361195627
12.5 0.999233729840834
12.501 0.999233847725397
12.502 0.999233965612833
12.503 0.99923408350066
12.504 0.999234201388487
12.505 0.999234319277255
12.506 0.999234437168567
12.507 0.999234555059879
12.508 0.999234672951191
12.509 0.999234790844657
12.51 0.999234908739233
12.511 0.99923502663381
12.512 0.999235144528519
12.513 0.999235262425761
12.514 0.999235380323003
12.515 0.999235498220245
12.516 0.99923561611838
12.517 0.999235734017654
12.518 0.999235851916927
12.519 0.999235969816201
12.52 0.999236087716195
12.521 0.999236205616338
12.522 0.99923632351648
12.523 0.999236441416498
12.524 0.999236559316075
12.525 0.999236677215653
12.526 0.99923679511523
12.527 0.999236913013856
12.528 0.999237030911875
12.529 0.999237148809893
12.53 0.999237266707912
12.531 0.999237384603829
12.532 0.999237502499746
12.533 0.999237620395664
12.534 0.999237738290738
12.535 0.999237856184494
12.536 0.99923797407825
12.537 0.999238091972006
12.538 0.999238209864043
12.539 0.999238327755596
12.54 0.999238445647148
12.541 0.999238563538357
12.542 0.999238681427886
12.543 0.999238799317416
12.544 0.999238917206945
12.545 0.999239035095619
12.546 0.99923915298362
12.547 0.999239270871621
12.548 0.999239388759622
12.549 0.999239506646307
12.55 0.999239624532922
12.551 0.999239742419538
12.552 0.999239860305494
12.553 0.999239978190169
12.554 0.999240096074845
12.555 0.999240213959521
12.556 0.999240331842289
12.557 0.999240449724352
12.558 0.999240567606415
12.559 0.999240685488112
12.56 0.999240803367125
12.561 0.999240921246137
12.562 0.99924103912515
12.563 0.999241157002587
12.564 0.999241274878511
12.565 0.999241392754435
12.566 0.999241510630359
12.567 0.99924162850395
12.568 0.999241746377281
12.569 0.999241864250613
12.57 0.999241982123404
12.571 0.999242099994869
12.572 0.999242217866333
12.573 0.999242335737798
12.574 0.999242453608658
12.575 0.999242571479232
12.576 0.999242689349807
12.577 0.999242807220427
12.578 0.999242925091652
12.579 0.999243042962877
12.58 0.999243160834102
12.581 0.999243278706234
12.582 0.999243396579431
12.583 0.999243514452627
12.584 0.999243632325824
12.585 0.999243750201677
12.586 0.999243868077998
12.587 0.99924398595432
12.588 0.999244103831541
12.589 0.999244221711613
12.59 0.999244339591685
12.591 0.999244457471757
12.592 0.999244575354308
12.593 0.999244693238315
12.594 0.999244811122321
12.595 0.999244929006405
12.596 0.999245046894257
12.597 0.999245164782109
12.598 0.999245282669961
12.599 0.999245400559253
12.6 0.999245518450616
12.601 0.999245636341979
12.602 0.999245754233342
12.603 0.999245872127334
12.604 0.999245990021983
12.605 0.999246107916631
12.606 0.999246225811839
12.607 0.999246343709428
12.608 0.999246461607017
12.609 0.999246579504606
12.61 0.999246697403711
12.611 0.999246815303911
12.612 0.999246933204112
12.613 0.999247051104313
12.614 0.999247169006254
12.615 0.99924728690825
12.616 0.999247404810245
12.617 0.999247522712567
12.618 0.999247640615469
12.619 0.999247758518371
12.62 0.999247876421273
12.621 0.99924799432398
12.622 0.999248112226621
12.623 0.999248230129263
12.624 0.999248348031694
12.625 0.999248465932834
12.626 0.999248583833975
12.627 0.999248701735116
12.628 0.999248819635083
12.629 0.999248937534009
12.63 0.999249055432936
12.631 0.999249173331862
12.632 0.999249291228768
12.633 0.9992494091255
12.634 0.999249527022231
12.635 0.999249644918316
12.636 0.999249762812965
12.637 0.999249880707614
12.638 0.999249998602262
12.639 0.999250116495731
12.64 0.999250234388693
12.641 0.999250352281656
12.642 0.999250470174508
12.643 0.999250588066239
12.644 0.999250705957971
12.645 0.999250823849703
12.646 0.999250941741182
12.647 0.999251059632388
12.648 0.999251177523593
12.649 0.999251295414799
12.65 0.999251413305783
12.651 0.999251531196733
12.652 0.999251649087684
12.653 0.999251766978436
12.654 0.999251884868626
12.655 0.999252002758815
12.656 0.999252120649005
12.657 0.999252238538062
12.658 0.999252356426509
12.659 0.999252474314956
12.66 0.999252592203302
12.661 0.999252710089225
12.662 0.999252827975147
12.663 0.99925294586107
12.664 0.99925306374581
12.665 0.999253181628983
12.666 0.999253299512155
12.667 0.999253417395328
12.668 0.999253535276165
12.669 0.99925365315649
12.67 0.999253771036815
12.671 0.999253888916679
12.672 0.999254006794806
12.673 0.999254124672932
12.674 0.999254242551059
12.675 0.999254360428498
12.676 0.999254478305479
12.677 0.99925459618246
12.678 0.99925471405944
12.679 0.999254831936961
12.68 0.999254949814488
12.681 0.999255067692015
12.682 0.999255185570348
12.683 0.999255303449998
12.684 0.999255421329648
12.685 0.999255539209299
12.686 0.999255657091506
12.687 0.999255774974478
12.688 0.99925589285745
12.689 0.999256010741091
12.69 0.999256128628247
12.691 0.999256246515403
12.692 0.999256364402559
12.693 0.999256482292274
12.694 0.999256600184083
12.695 0.999256718075892
12.696 0.9992568359677
12.697 0.999256953863963
12.698 0.999257071760509
12.699 0.999257189657056
12.7 0.999257307555055
12.701 0.999257425456005
12.702 0.999257543356954
12.703 0.999257661257904
12.704 0.999257779161653
12.705 0.99925789706649
12.706 0.999258014971327
12.707 0.999258132876502
12.708 0.999258250784408
12.709 0.999258368692314
12.71 0.999258486600221
12.711 0.999258604509171
12.712 0.999258722419166
12.713 0.999258840329161
12.714 0.999258958239156
12.715 0.999259076149809
12.716 0.999259194060544
12.717 0.999259311971279
12.718 0.999259429881762
12.719 0.999259547791599
12.72 0.999259665701435
12.721 0.999259783611272
12.722 0.999259901519522
12.723 0.99926001942699
12.724 0.999260137334458
12.725 0.999260255241727
12.726 0.99926037314588
12.727 0.999260491050033
12.728 0.999260608954186
12.729 0.999260726856425
12.73 0.999260844756325
12.731 0.999260962656226
12.732 0.999261080556126
12.733 0.999261198452202
12.734 0.999261316347549
12.735 0.999261434242896
12.736 0.999261552137222
12.737 0.999261670028131
12.738 0.999261787919039
12.739 0.999261905809948
12.74 0.999262023698447
12.741 0.99926214158547
12.742 0.999262259472492
12.743 0.999262377359484
12.744 0.999262495243376
12.745 0.999262613127268
12.746 0.999262731011161
12.747 0.999262848893943
12.748 0.99926296677506
12.749 0.999263084656177
12.75 0.999263202537294
12.751 0.999263320415973
12.752 0.999263438294003
12.753 0.999263556172033
12.754 0.999263674049441
12.755 0.999263791924016
12.756 0.99926390979859
12.757 0.999264027673164
12.758 0.999264145545904
12.759 0.99926426341726
12.76 0.999264381288616
12.761 0.999264499159973
12.762 0.999264617028603
12.763 0.99926473489712
12.764 0.999264852765637
12.765 0.999264970633438
12.766 0.999265088499911
12.767 0.999265206366383
12.768 0.999265324232856
12.769 0.999265442098397
12.77 0.999265559963612
12.771 0.999265677828826
12.772 0.999265795694044
12.773 0.999265913559291
12.774 0.999266031424538
12.775 0.999266149289785
12.776 0.999266267155717
12.777 0.999266385022281
12.778 0.999266502888845
12.779 0.999266620755409
12.78 0.999266738624072
12.781 0.999266856492942
12.782 0.999266974361813
12.783 0.999267092231619
12.784 0.999267210103609
12.785 0.999267327975598
12.786 0.999267445847588
12.787 0.999267563722123
12.788 0.999267681597801
12.789 0.99926779947348
12.79 0.999267917349504
12.791 0.999268035229507
12.792 0.99926815310951
12.793 0.999268270989513
12.794 0.999268388871866
12.795 0.999268506756868
12.796 0.99926862464187
12.797 0.999268742526872
12.798 0.999268860416478
12.799 0.999268978306834
12.8 0.99926909619719
12.801 0.999269214088843
12.802 0.999269331984389
12.803 0.999269449879934
12.804 0.99926956777548
12.805 0.999269685674057
12.806 0.999269803574339
12.807 0.999269921474622
12.808 0.99927003937503
12.809 0.999270157279513
12.81 0.999270275183996
12.811 0.999270393088478
12.812 0.999270510994382
12.813 0.999270628902248
12.814 0.999270746810114
12.815 0.99927086471798
12.816 0.999270982627849
12.817 0.999271100538186
12.818 0.999271218448524
12.819 0.999271336359069
12.82 0.999271454270443
12.821 0.999271572181817
12.822 0.999271690093192
12.823 0.999271808004218
12.824 0.999271925915003
12.825 0.999272043825788
12.826 0.999272161736573
12.827 0.999272279645671
12.828 0.999272397554734
12.829 0.999272515463796
12.83 0.99927263337184
12.831 0.999272751278148
12.832 0.999272869184455
12.833 0.999272987090763
12.834 0.999273104994512
12.835 0.999273222897452
12.836 0.999273340800393
12.837 0.999273458702838
12.838 0.999273576602482
12.839 0.999273694502126
12.84 0.999273812401769
12.841 0.999273930299818
12.842 0.999274048196509
12.843 0.9992741660932
12.844 0.999274283989892
12.845 0.999274401884141
12.846 0.999274519778206
12.847 0.999274637672272
12.848 0.999274755565502
12.849 0.999274873456959
12.85 0.999274991348415
12.851 0.999275109239872
12.852 0.999275227129087
12.853 0.999275345017387
12.854 0.999275462905687
12.855 0.999275580793614
12.856 0.999275698678187
12.857 0.99927581656276
12.858 0.999275934447333
12.859 0.999276052330069
12.86 0.999276170210895
12.861 0.99927628809172
12.862 0.999276405972545
12.863 0.999276523850328
12.864 0.999276641727696
12.865 0.999276759605063
12.866 0.999276877481695
12.867 0.999276995356337
12.868 0.999277113230979
12.869 0.999277231105621
12.87 0.999277348979284
12.871 0.999277466852443
12.872 0.999277584725603
12.873 0.999277702598775
12.874 0.999277820472203
12.875 0.999277938345631
12.876 0.999278056219059
12.877 0.999278174093409
12.878 0.999278291968934
12.879 0.999278409844459
12.88 0.999278527719985
12.881 0.99927864559807
12.882 0.99927876347668
12.883 0.999278881355289
12.884 0.999278999234675
12.885 0.999279117116814
12.886 0.999279234998952
12.887 0.99927935288109
12.888 0.999279470765543
12.889 0.999279588651476
12.89 0.999279706537408
12.891 0.999279824423341
12.892 0.99927994231318
12.893 0.999280060203019
12.894 0.999280178092857
12.895 0.999280295984203
12.896 0.999280413877906
12.897 0.999280531771609
12.898 0.999280649665312
12.899 0.999280767561859
12.9 0.999280885459207
12.901 0.999281003356555
12.902 0.999281121254455
12.903 0.999281239155049
12.904 0.999281357055643
12.905 0.999281474956238
12.906 0.999281592858381
12.907 0.999281710761741
12.908 0.999281828665101
12.909 0.999281946568461
12.91 0.999282064473828
12.911 0.999282182379301
12.912 0.999282300284773
12.913 0.999282418190511
12.914 0.999282536096765
12.915 0.999282654003019
12.916 0.999282771909272
12.917 0.999282889814799
12.918 0.999283007720056
12.919 0.999283125625314
12.92 0.999283243530272
12.921 0.999283361433038
12.922 0.999283479335805
12.923 0.999283597238571
12.924 0.999283715139614
12.925 0.999283833039001
12.926 0.999283950938388
12.927 0.999284068837775
12.928 0.999284186733848
12.929 0.999284304629553
12.93 0.999284422525258
12.931 0.999284540419907
12.932 0.999284658311973
12.933 0.999284776204038
12.934 0.999284894096104
12.935 0.999285011985895
12.936 0.999285129874615
12.937 0.999285247763336
12.938 0.999285365651849
12.939 0.999285483537611
12.94 0.999285601423373
12.941 0.999285719309135
12.942 0.999285837193657
12.943 0.999285955076723
12.944 0.999286072959789
12.945 0.999286190842855
12.946 0.999286308723699
12.947 0.999286426604151
12.948 0.999286544484603
12.949 0.999286662364318
12.95 0.999286780241695
12.951 0.999286898119073
12.952 0.99928701599645
12.953 0.999287133871678
12.954 0.999287251745643
12.955 0.999287369619608
12.956 0.999287487493507
12.957 0.999287605364137
12.958 0.999287723234768
12.959 0.999287841105398
12.96 0.999287958974779
12.961 0.999288076842362
12.962 0.999288194709945
12.963 0.999288312577527
12.964 0.999288430443462
12.965 0.999288548308985
12.966 0.999288666174508
12.967 0.999288784039871
12.968 0.999288901904558
12.969 0.999289019769244
12.97 0.99928913763393
12.971 0.999289255499103
12.972 0.999289373364628
12.973 0.999289491230154
12.974 0.999289609095679
12.975 0.999289726963386
12.976 0.99928984483116
12.977 0.999289962698935
12.978 0.999290080567908
12.979 0.999290198439012
12.98 0.999290316310116
12.981 0.999290434181221
12.982 0.999290552055421
12.983 0.999290669930652
12.984 0.999290787805884
12.985 0.999290905681762
12.986 0.999291023561611
12.987 0.99929114144146
12.988 0.999291259321309
12.989 0.999291377203864
12.99 0.999291495088818
12.991 0.999291612973772
12.992 0.999291730858727
12.993 0.999291848748706
12.994 0.999291966639122
12.995 0.999292084529538
12.996 0.999292202421715
12.997 0.999292320317812
12.998 0.999292438213909
12.999 0.999292556110006
13 0.999292674010079
13.001 0.999292791911857
13.002 0.999292909813635
13.003 0.999293027715897
13.004 0.999293145623049
13.005 0.999293263530201
13.006 0.999293381437353
13.007 0.999293499346738
13.008 0.999293617258542
13.009 0.999293735170347
13.01 0.999293853082151
13.011 0.999293970997117
13.012 0.999294088912555
13.013 0.999294206827993
13.014 0.999294324743914
13.015 0.999294442661211
13.016 0.999294560578508
13.017 0.999294678495804
13.018 0.999294796412895
13.019 0.999294914329874
13.02 0.999295032246853
13.021 0.999295150163748
13.022 0.999295268078631
13.023 0.999295385993515
13.024 0.999295503908398
13.025 0.99929562182195
13.026 0.999295739733739
13.027 0.999295857645528
13.028 0.999295975557317
13.029 0.999296093465931
13.03 0.999296211373849
13.031 0.999296329281766
13.032 0.999296447188785
13.033 0.999296565092421
13.034 0.999296682996057
13.035 0.999296800899694
13.036 0.999296918800783
13.037 0.999297036700174
13.038 0.999297154599566
13.039 0.999297272498957
13.04 0.999297390394207
13.041 0.999297508289415
13.042 0.999297626184623
13.043 0.99929774407811
13.044 0.99929786196879
13.045 0.999297979859471
13.046 0.999298097750151
13.047 0.99929821563705
13.048 0.999298333522819
13.049 0.999298451408589
13.05 0.999298569293569
13.051 0.999298687174403
13.052 0.999298805055237
13.053 0.999298922936071
13.054 0.999299040814156
13.055 0.999299158689993
13.056 0.99929927656583
13.057 0.999299394441667
13.058 0.999299512313372
13.059 0.999299630184814
13.06 0.999299748056256
13.061 0.999299865926566
13.062 0.999299983794579
13.063 0.999300101662592
13.064 0.999300219530604
13.065 0.999300337397331
13.066 0.999300455263557
13.067 0.999300573129783
13.068 0.999300690995982
13.069 0.999300808861963
13.07 0.999300926727944
13.071 0.999301044593925
13.072 0.999301162460356
13.073 0.999301280327238
13.074 0.99930139819412
13.075 0.999301516061002
13.076 0.999301633929507
13.077 0.999301751798212
13.078 0.999301869666917
13.079 0.999301987536361
13.08 0.999302105407705
13.081 0.999302223279048
13.082 0.999302341150392
13.083 0.999302459023988
13.084 0.999302576898695
13.085 0.999302694773401
13.086 0.999302812648343
13.087 0.999302930526975
13.088 0.999303048405607
13.089 0.999303166284239
13.09 0.999303284164822
13.091 0.999303402047787
13.092 0.999303519930753
13.093 0.999303637813718
13.094 0.999303755700623
13.095 0.999303873588278
13.096 0.999303991475933
13.097 0.999304109364751
13.098 0.999304227257463
13.099 0.999304345150175
13.1 0.999304463042886
13.101 0.999304580938771
13.102 0.9993046988366
13.103 0.999304816734429
13.104 0.999304934632308
13.105 0.999305052535174
13.106 0.999305170438039
13.107 0.999305288340905
13.108 0.999305406245592
13.109 0.999305524153008
13.11 0.999305642060425
13.111 0.999305759967842
13.112 0.999305877877994
13.113 0.999305995788873
13.114 0.999306113699753
13.115 0.999306231611027
13.116 0.999306349524102
13.117 0.999306467437176
13.118 0.99930658535025
13.119 0.999306703263622
13.12 0.999306821177219
13.121 0.999306939090815
13.122 0.999307057004412
13.123 0.999307174917185
13.124 0.999307292829924
13.125 0.999307410742664
13.126 0.999307528654873
13.127 0.999307646566101
13.128 0.999307764477328
13.129 0.999307882388555
13.13 0.999308000298159
13.131 0.999308118207193
13.132 0.999308236116227
13.133 0.999308354024908
13.134 0.999308471931222
13.135 0.999308589837536
13.136 0.99930870774385
13.137 0.999308825648466
13.138 0.999308943551513
13.139 0.999309061454561
13.14 0.999309179357609
13.141 0.99930929725736
13.142 0.999309415156785
13.143 0.99930953305621
13.144 0.99930965095441
13.145 0.999309768849752
13.146 0.999309886745094
13.147 0.999310004640437
13.148 0.999310122532678
13.149 0.999310240423527
13.15 0.999310358314375
13.151 0.999310476204892
13.152 0.999310594091593
13.153 0.999310711978293
13.154 0.999310829864994
13.155 0.999310947749939
13.156 0.999311065632905
13.157 0.999311183515871
13.158 0.999311301398837
13.159 0.999311419279213
13.16 0.999311537159169
13.161 0.999311655039124
13.162 0.999311772918582
13.163 0.999311890796548
13.164 0.999312008674515
13.165 0.999312126552482
13.166 0.999312244430087
13.167 0.999312362307488
13.168 0.999312480184889
13.169 0.999312598062309
13.17 0.999312715940332
13.171 0.999312833818355
13.172 0.999312951696378
13.173 0.999313069574931
13.174 0.999313187454217
13.175 0.999313305333503
13.176 0.999313423212789
13.177 0.999313541093261
13.178 0.999313658974011
13.179 0.999313776854762
13.18 0.999313894735804
13.181 0.999314012618016
13.182 0.999314130500228
13.183 0.999314248382439
13.184 0.999314366265541
13.185 0.999314484149261
13.186 0.999314602032981
13.187 0.999314719916702
13.188 0.999314837802106
13.189 0.999314955687544
13.19 0.999315073572982
13.191 0.999315191459163
13.192 0.999315309346608
13.193 0.999315427234053
13.194 0.999315545121498
13.195 0.999315663010688
13.196 0.999315780900428
13.197 0.999315898790169
13.198 0.999316016680272
13.199 0.999316134572429
13.2 0.999316252464587
13.201 0.999316370356744
13.202 0.999316488250206
13.203 0.999316606144779
13.204 0.999316724039352
13.205 0.999316841933925
13.206 0.999316959830405
13.207 0.999317077727028
13.208 0.999317195623651
13.209 0.999317313520659
13.21 0.999317431418484
13.211 0.99931754931631
13.212 0.999317667214135
13.213 0.99931778511168
13.214 0.999317903009111
13.215 0.999318020906541
13.216 0.999318138803775
13.217 0.999318256699233
13.218 0.999318374594692
13.219 0.99931849249015
13.22 0.999318610384243
13.221 0.999318728276914
13.222 0.999318846169586
13.223 0.999318964062257
13.224 0.999319081952209
13.225 0.99931919984179
13.226 0.99931931773137
13.227 0.999319435620134
13.228 0.999319553506691
13.229 0.999319671393249
13.23 0.999319789279806
13.231 0.999319907164548
13.232 0.999320025048356
13.233 0.999320142932164
13.234 0.999320260815856
13.235 0.999320378697329
13.236 0.999320496578802
13.237 0.999320614460275
13.238 0.99932073234085
13.239 0.999320850220281
13.24 0.999320968099712
13.241 0.999321085979143
13.242 0.999321203856864
13.243 0.999321321734234
13.244 0.999321439611605
13.245 0.999321557488557
13.246 0.999321675364024
13.247 0.999321793239491
13.248 0.999321911114958
13.249 0.999322028989314
13.25 0.99932214686296
13.251 0.999322264736606
13.252 0.999322382610252
13.253 0.999322500482415
13.254 0.999322618354578
13.255 0.999322736226741
13.256 0.99932285409857
13.257 0.99932297196988
13.258 0.999323089841189
13.259 0.999323207712498
13.26 0.9993233255837
13.261 0.999323443454872
13.262 0.999323561326043
13.263 0.999323679197359
13.264 0.999323797069377
13.265 0.999323914941395
13.266 0.999324032813413
13.267 0.999324150686373
13.268 0.999324268560073
13.269 0.999324386433773
13.27 0.999324504307473
13.271 0.99932462218374
13.272 0.999324740060141
13.273 0.999324857936543
13.274 0.999324975814078
13.275 0.999325093693813
13.276 0.999325211573548
13.277 0.999325329453283
13.278 0.999325447335635
13.279 0.999325565218955
13.28 0.999325683102274
13.281 0.99932580098605
13.282 0.999325918873161
13.283 0.999326036760273
13.284 0.999326154647385
13.285 0.9993262725365
13.286 0.999326390427538
13.287 0.999326508318576
13.288 0.999326626209614
13.289 0.999326744104284
13.29 0.999326861999357
13.291 0.99932697989443
13.292 0.99932709779073
13.293 0.999327215690034
13.294 0.999327333589338
13.295 0.999327451488643
13.296 0.999327569390767
13.297 0.999327687294219
13.298 0.999327805197671
13.299 0.999327923101373
13.3 0.999328041008402
13.301 0.99932815891543
13.302 0.999328276822459
13.303 0.999328394730818
13.304 0.99932851264074
13.305 0.999328630550661
13.306 0.999328748460583
13.307 0.999328866372054
13.308 0.9993289842838
13.309 0.999329102195545
13.31 0.999329220107467
13.311 0.999329338019952
13.312 0.999329455932436
13.313 0.999329573844921
13.314 0.999329691757161
13.315 0.999329809669257
13.316 0.999329927581353
13.317 0.99933004549342
13.318 0.999330163404066
13.319 0.999330281314712
13.32 0.999330399225358
13.321 0.9993305171351
13.322 0.999330635043541
13.323 0.999330752951982
13.324 0.999330870860423
13.325 0.999330988766734
13.326 0.999331106672512
13.327 0.99933122457829
13.328 0.999331342483494
13.329 0.999331460386245
13.33 0.999331578288997
13.331 0.999331696191748
13.332 0.999331814092723
13.333 0.99933193199241
13.334 0.999332049892097
13.335 0.999332167791784
13.336 0.999332285688476
13.337 0.999332403585074
13.338 0.999332521481673
13.339 0.999332639377143
13.34 0.999332757270607
13.341 0.99933287516407
13.342 0.999332993057534
13.343 0.999333110948472
13.344 0.999333228838568
13.345 0.999333346728664
13.346 0.999333464618293
13.347 0.999333582505053
13.348 0.999333700391814
13.349 0.999333818278575
13.35 0.99933393616387
13.351 0.999334054047865
13.352 0.99933417193186
13.353 0.999334289815854
13.354 0.999334407697848
13.355 0.999334525579667
13.356 0.999334643461486
13.357 0.999334761342912
13.358 0.999334879223462
13.359 0.999334997104013
13.36 0.999335114984564
13.361 0.999335232864866
13.362 0.999335350745061
13.363 0.999335468625256
13.364 0.999335586505531
13.365 0.999335704386603
13.366 0.999335822267675
13.367 0.999335940148747
13.368 0.999336058030633
13.369 0.9993361759134
13.37 0.999336293796167
13.371 0.999336411678933
13.372 0.999336529563688
13.373 0.999336647448741
13.374 0.999336765333793
13.375 0.999336883219554
13.376 0.999337001107332
13.377 0.99933711899511
13.378 0.999337236882889
13.379 0.999337354772631
13.38 0.999337472663431
13.381 0.99933759055423
13.382 0.999337708445165
13.383 0.999337826339348
13.384 0.99933794423353
13.385 0.999338062127713
13.386 0.999338180023405
13.387 0.999338297921098
13.388 0.999338415818791
13.389 0.999338533716484
13.39 0.999338651617026
13.391 0.999338769518193
13.392 0.99933888741936
13.393 0.999339005321216
13.394 0.999339123225662
13.395 0.999339241130109
13.396 0.999339359034555
13.397 0.999339476940671
13.398 0.9993395948479
13.399 0.999339712755129
13.4 0.999339830662358
13.401 0.999339948571332
13.402 0.999340066480325
13.403 0.999340184389317
13.404 0.999340302298602
13.405 0.999340420208364
13.406 0.999340538118126
13.407 0.999340656027888
13.408 0.999340773937197
13.409 0.999340891846371
13.41 0.999341009755545
13.411 0.999341127664335
13.412 0.999341245571111
13.413 0.999341363477887
13.414 0.999341481384663
13.415 0.999341599289245
13.416 0.999341717192032
13.417 0.999341835094819
13.418 0.999341952997606
13.419 0.999342070896002
13.42 0.999342188794118
13.421 0.999342306692234
13.422 0.99934242458872
13.423 0.999342542481894
13.424 0.999342660375069
13.425 0.999342778268243
13.426 0.999342896157907
13.427 0.999343014046206
13.428 0.999343131934504
13.429 0.999343249822277
13.43 0.999343367705793
13.431 0.999343485589309
13.432 0.999343603472825
13.433 0.999343721354029
13.434 0.99934383923292
13.435 0.999343957111812
13.436 0.999344074990703
13.437 0.999344192865233
13.438 0.999344310739224
13.439 0.999344428613215
13.44 0.999344546485791
13.441 0.999344664354725
13.442 0.999344782223659
13.443 0.999344900092594
13.444 0.999345017958438
13.445 0.99934513582276
13.446 0.999345253687083
13.447 0.999345371551151
13.448 0.999345489411236
13.449 0.999345607271322
13.45 0.999345725131407
13.451 0.999345842990021
13.452 0.999345960846836
13.453 0.999346078703652
13.454 0.999346196560468
13.455 0.999346314415443
13.456 0.999346432270067
13.457 0.999346550124692
13.458 0.999346667979166
13.459 0.999346785833134
13.46 0.999346903687101
13.461 0.999347021541069
13.462 0.999347139395636
13.463 0.99934725725057
13.464 0.999347375105504
13.465 0.999347492960462
13.466 0.999347610817836
13.467 0.999347728675211
13.468 0.999347846532585
13.469 0.99934796439138
13.47 0.999348082252305
13.471 0.99934820011323
13.472 0.999348317974156
13.473 0.999348435838459
13.474 0.99934855370366
13.475 0.999348671568861
13.476 0.999348789434961
13.477 0.999348907305158
13.478 0.999349025175355
13.479 0.999349143045552
13.48 0.999349260918876
13.481 0.999349378794559
13.482 0.999349496670242
13.483 0.999349614545925
13.484 0.999349732427127
13.485 0.999349850308559
13.486 0.999349968189992
13.487 0.999350086073411
13.488 0.999350203960518
13.489 0.999350321847626
13.49 0.999350439734733
13.491 0.999350557625712
13.492 0.99935067551805
13.493 0.999350793410389
13.494 0.999350911303338
13.495 0.999351029200371
13.496 0.999351147097404
13.497 0.999351264994436
13.498 0.999351382893671
13.499 0.99935150079494
13.5 0.999351618696208
13.501 0.999351736597476
13.502 0.999351854501952
13.503 0.999351972406746
13.504 0.999352090311539
13.505 0.999352208217059
13.506 0.999352326124271
13.507 0.999352444031483
13.508 0.999352561938695
13.509 0.999352679846814
13.51 0.999352797755339
13.511 0.999352915663865
13.512 0.999353033572379
13.513 0.999353151480754
13.514 0.999353269389129
13.515 0.999353387297504
13.516 0.999353505205028
13.517 0.99935362311159
13.518 0.999353741018153
13.519 0.999353858924716
13.52 0.999353976828875
13.521 0.999354094732642
13.522 0.999354212636409
13.523 0.999354330539326
13.524 0.999354448439696
13.525 0.999354566340065
13.526 0.999354684240434
13.527 0.999354802138479
13.528 0.999354920035216
13.529 0.999355037931953
13.53 0.999355155828581
13.531 0.999355273721675
13.532 0.99935539161477
13.533 0.999355509507864
13.534 0.999355627399523
13.535 0.999355745289198
13.536 0.999355863178873
13.537 0.999355981068549
13.538 0.999356098955641
13.539 0.999356216842126
13.54 0.999356334728612
13.541 0.999356452614461
13.542 0.99935657049776
13.543 0.999356688381059
13.544 0.999356806264358
13.545 0.999356924145965
13.546 0.999357042026396
13.547 0.999357159906827
13.548 0.999357277787257
13.549 0.999357395665201
13.55 0.999357513543094
13.551 0.999357631420987
13.552 0.999357749298201
13.553 0.999357867174262
13.554 0.999357985050322
13.555 0.999358102926382
13.556 0.999358220801901
13.557 0.999358338677249
13.558 0.999358456552596
13.559 0.999358574428034
13.56 0.999358692303979
13.561 0.999358810179924
13.562 0.999358928055869
13.563 0.999359045932924
13.564 0.999359163810924
13.565 0.999359281688925
13.566 0.999359399566925
13.567 0.99935951744765
13.568 0.99935963532858
13.569 0.99935975320951
13.57 0.999359871091555
13.571 0.999359988975968
13.572 0.999360106860381
13.573 0.999360224744793
13.574 0.999360342631823
13.575 0.999360460519921
13.576 0.99936057840802
13.577 0.99936069629649
13.578 0.999360814188306
13.579 0.999360932080122
13.58 0.999361049971939
13.581 0.999361167865579
13.582 0.999361285761118
13.583 0.999361403656657
13.584 0.999361521552195
13.585 0.999361639450812
13.586 0.999361757349849
13.587 0.999361875248885
13.588 0.999361993148789
13.589 0.999362111051038
13.59 0.999362228953287
13.591 0.999362346855535
13.592 0.999362464759575
13.593 0.999362582664537
13.594 0.999362700569499
13.595 0.999362818474561
13.596 0.999362936381531
13.597 0.999363054288501
13.598 0.99936317219547
13.599 0.999363290103036
13.6 0.999363408011361
13.601 0.999363525919685
13.602 0.99936364382801
13.603 0.999363761737009
13.604 0.999363879646146
13.605 0.999363997555283
13.606 0.999364115464324
13.607 0.999364233373022
13.608 0.99936435128172
13.609 0.999364469190419
13.61 0.999364587097772
13.611 0.999364705004264
13.612 0.999364822910757
13.613 0.99936494081725
13.614 0.999365058720152
13.615 0.999365176623054
13.616 0.999365294525956
13.617 0.999365412427106
13.618 0.999365530325517
13.619 0.999365648223928
13.62 0.999365766122339
13.621 0.99936588401683
13.622 0.999366001910215
13.623 0.9993661198036
13.624 0.999366237696096
13.625 0.999366355584248
13.626 0.9993664734724
13.627 0.999366591360552
13.628 0.999366709245814
13.629 0.999366827128804
13.63 0.999366945011794
13.631 0.999367062894784
13.632 0.999367180773126
13.633 0.999367298651222
13.634 0.999367416529318
13.635 0.999367534405748
13.636 0.999367652278941
13.637 0.999367770152134
13.638 0.999367888025327
13.639 0.999368005895102
13.64 0.999368123763612
13.641 0.999368241632123
13.642 0.999368359500139
13.643 0.999368477364527
13.644 0.999368595228915
13.645 0.999368713093304
13.646 0.999368830955996
13.647 0.999368948817059
13.648 0.999369066678121
13.649 0.999369184539184
13.65 0.999369302398068
13.651 0.99936942025671
13.652 0.999369538115352
13.653 0.999369655973518
13.654 0.999369773830516
13.655 0.999369891687514
13.656 0.999370009544512
13.657 0.999370127401345
13.658 0.9993702452581
13.659 0.999370363114855
13.66 0.99937048097171
13.661 0.99937059882989
13.662 0.99937071668807
13.663 0.999370834546251
13.664 0.999370952405824
13.665 0.999371070267034
13.666 0.999371188128243
13.667 0.999371305989453
13.668 0.999371423854212
13.669 0.999371541719597
13.67 0.999371659584982
13.671 0.999371777451545
13.672 0.999371895321838
13.673 0.999372013192131
13.674 0.999372131062425
13.675 0.999372248936092
13.676 0.99937236681174
13.677 0.999372484687388
13.678 0.999372602563151
13.679 0.999372720444518
13.68 0.999372838325885
13.681 0.999372956207252
13.682 0.999373074091134
13.683 0.999373191978634
13.684 0.999373309866133
13.685 0.999373427753633
13.686 0.999373545646456
13.687 0.99937366354061
13.688 0.999373781434764
13.689 0.999373899330249
13.69 0.999374017231407
13.691 0.999374135132565
13.692 0.999374253033724
13.693 0.999374370938915
13.694 0.999374488847027
13.695 0.999374606755139
13.696 0.999374724663252
13.697 0.999374842577989
13.698 0.99937496049293
13.699 0.999375078407872
13.7 0.999375196324938
13.701 0.999375314245779
13.702 0.99937543216662
13.703 0.999375550087462
13.704 0.999375668011939
13.705 0.999375785937629
13.706 0.999375903863319
13.707 0.999376021789495
13.708 0.999376139718662
13.709 0.999376257647829
13.71 0.999376375576996
13.711 0.999376493507052
13.712 0.999376611437897
13.713 0.999376729368743
13.714 0.999376847299588
13.715 0.999376965230227
13.716 0.999377083160847
13.717 0.999377201091467
13.718 0.999377319021513
13.719 0.99937743695028
13.72 0.999377554879047
13.721 0.999377672807814
13.722 0.99937779073427
13.723 0.999377908659736
13.724 0.999378026585201
13.725 0.999378144510269
13.726 0.999378262431311
13.727 0.999378380352354
13.728 0.999378498273397
13.729 0.999378616191864
13.73 0.999378734107541
13.731 0.999378852023218
13.732 0.999378969938895
13.733 0.999379087849297
13.734 0.99937920575891
13.735 0.999379323668524
13.736 0.999379441576339
13.737 0.999379559479033
13.738 0.999379677381728
13.739 0.999379795284423
13.74 0.999379913182237
13.741 0.999380031077422
13.742 0.999380148972608
13.743 0.999380266867498
13.744 0.999380384755301
13.745 0.999380502643104
13.746 0.999380620530907
13.747 0.999380738415649
13.748 0.999380856296333
13.749 0.999380974177017
13.75 0.999381092057701
13.751 0.999381209933368
13.752 0.999381327807933
13.753 0.999381445682498
13.754 0.999381563556107
13.755 0.999381681426117
13.756 0.999381799296128
13.757 0.999381917166138
13.758 0.999382035034754
13.759 0.999382152902441
13.76 0.999382270770127
13.761 0.999382388637814
13.762 0.999382506505094
13.763 0.99938262437237
13.764 0.999382742239646
13.765 0.999382860107316
13.766 0.999382977975631
13.767 0.999383095843945
13.768 0.99938321371226
13.769 0.999383331582328
13.77 0.999383449452919
13.771 0.999383567323511
13.772 0.99938368519461
13.773 0.999383803068375
13.774 0.999383920942139
13.775 0.999384038815903
13.776 0.999384156691737
13.777 0.999384274569263
13.778 0.999384392446789
13.779 0.999384510324315
13.78 0.999384628205627
13.781 0.99938474608718
13.782 0.999384863968732
13.783 0.999384981851685
13.784 0.999385099737478
13.785 0.999385217623271
13.786 0.999385335509065
13.787 0.999385453397927
13.788 0.999385571287982
13.789 0.999385689178038
13.79 0.999385807068535
13.791 0.999385924962603
13.792 0.999386042856671
13.793 0.999386160750739
13.794 0.999386278646554
13.795 0.999386396544116
13.796 0.999386514441677
13.797 0.999386632339239
13.798 0.999386750239388
13.799 0.999386868139856
13.8 0.999386986040324
13.801 0.999387103941319
13.802 0.999387221843668
13.803 0.999387339746017
13.804 0.999387457648366
13.805 0.999387575551001
13.806 0.999387693453777
13.807 0.999387811356553
13.808 0.999387929259269
13.809 0.999388047161033
13.81 0.999388165062798
13.811 0.999388282964563
13.812 0.999388400865414
13.813 0.999388518765149
13.814 0.999388636664884
13.815 0.999388754564618
13.816 0.999388872461918
13.817 0.999388990358754
13.818 0.99938910825559
13.819 0.99938922615164
13.82 0.99938934404506
13.821 0.999389461938479
13.822 0.999389579831898
13.823 0.999389697722886
13.824 0.999389815612383
13.825 0.999389933501881
13.826 0.999390051391336
13.827 0.999390169276555
13.828 0.999390287161774
13.829 0.999390405046994
13.83 0.999390522930276
13.831 0.999390640810655
13.832 0.999390758691033
13.833 0.999390876571412
13.834 0.999390994447651
13.835 0.99939111232279
13.836 0.99939123019793
13.837 0.999391348072171
13.838 0.999391465942318
13.839 0.999391583812466
13.84 0.999391701682613
13.841 0.99939181955012
13.842 0.999391937415634
13.843 0.999392055281148
13.844 0.999392173146662
13.845 0.999392291008488
13.846 0.999392408870161
13.847 0.999392526731833
13.848 0.999392644592465
13.849 0.999392762451165
13.85 0.999392880309866
13.851 0.999392998168566
13.852 0.999393116026123
13.853 0.999393233883279
13.854 0.999393351740435
13.855 0.999393469597646
13.856 0.999393587455228
13.857 0.99939370531281
13.858 0.999393823170392
13.859 0.999393941029095
13.86 0.999394058888832
13.861 0.999394176748568
13.862 0.999394294608305
13.863 0.999394412471214
13.864 0.999394530334437
13.865 0.999394648197661
13.866 0.999394766062179
13.867 0.999394883929718
13.868 0.999395001797257
13.869 0.999395119664796
13.87 0.999395237535716
13.871 0.999395355408154
13.872 0.999395473280593
13.873 0.99939559115345
13.874 0.999395709031119
13.875 0.999395826908788
13.876 0.999395944786457
13.877 0.999396062666778
13.878 0.999396180550091
13.879 0.999396298433403
13.88 0.999396416316716
13.881 0.99939653420502
13.882 0.999396652094136
13.883 0.999396769983252
13.884 0.999396887873758
13.885 0.999397005768432
13.886 0.999397123663107
13.887 0.999397241557781
13.888 0.999397359455728
13.889 0.999397477355515
13.89 0.999397595255302
13.891 0.999397713155233
13.892 0.999397831059821
13.893 0.999397948964409
13.894 0.999398066868998
13.895 0.999398184775476
13.896 0.999398302684563
13.897 0.999398420593651
13.898 0.999398538502738
13.899 0.999398656414727
13.9 0.999398774327396
13.901 0.999398892240065
13.902 0.999399010153211
13.903 0.999399128068268
13.904 0.999399245983326
13.905 0.999399363898383
13.906 0.999399481813973
13.907 0.999399599729933
13.908 0.999399717645894
13.909 0.999399835561855
13.91 0.999399953476956
13.911 0.99940007139204
13.912 0.999400189307124
13.913 0.999400307221425
13.914 0.999400425134394
13.915 0.999400543047363
13.916 0.999400660960332
13.917 0.999400778871043
13.918 0.999400896781042
13.919 0.999401014691042
13.92 0.999401132600503
13.921 0.999401250506917
13.922 0.99940136841333
13.923 0.999401486319744
13.924 0.99940160422404
13.925 0.999401722126534
13.926 0.999401840029027
13.927 0.99940195793152
13.928 0.999402075830393
13.929 0.999402193728992
13.93 0.999402311627591
13.931 0.999402429524932
13.932 0.999402547419596
13.933 0.999402665314261
13.934 0.999402783208925
13.935 0.999402901101014
13.936 0.999403018992051
13.937 0.999403136883088
13.938 0.999403254773826
13.939 0.999403372661875
13.94 0.999403490549923
13.941 0.999403608437972
13.942 0.999403726324624
13.943 0.999403844209821
13.944 0.999403962095018
13.945 0.999404079980215
13.946 0.999404197863231
13.947 0.999404315745948
13.948 0.999404433628666
13.949 0.999404551510984
13.95 0.999404669392221
13.951 0.999404787273458
13.952 0.999404905154695
13.953 0.999405023035556
13.954 0.999405140916222
13.955 0.999405258796888
13.956 0.999405376677563
13.957 0.999405494558413
13.958 0.999405612439263
13.959 0.999405730320113
13.96 0.99940584820129
13.961 0.999405966082883
13.962 0.999406083964475
13.963 0.999406201846068
13.964 0.999406319728611
13.965 0.999406437611348
13.966 0.999406555494086
13.967 0.999406673377158
13.968 0.999406791261418
13.969 0.999406909145678
13.97 0.999407027029938
13.971 0.999407144915453
13.972 0.999407262801771
13.973 0.999407380688089
13.974 0.999407498574407
13.975 0.999407616463298
13.976 0.999407734352189
13.977 0.99940785224108
13.978 0.999407970131208
13.979 0.999408088023271
13.98 0.999408205915334
13.981 0.999408323807397
13.982 0.999408441702275
13.983 0.999408559597947
13.984 0.999408677493619
13.985 0.999408795389938
13.986 0.999408913289415
13.987 0.999409031188893
13.988 0.99940914908837
13.989 0.999409266989882
13.99 0.999409384892993
13.991 0.999409502796104
13.992 0.999409620699214
13.993 0.999409738605174
13.994 0.999409856511283
13.995 0.999409974417393
13.996 0.999410092324179
13.997 0.99941021023228
13.998 0.99941032814038
13.999 0.999410446048481
14 0.999410563957115
14.001 0.999410681865947
14.002 0.999410799774778
14.003 0.999410917683535
14.004 0.99941103559174
14.005 0.999411153499946
14.006 0.999411271408151
14.007 0.999411389315346
14.008 0.99941150722157
14.009 0.999411625127794
14.01 0.999411743034018
14.011 0.999411860936824
14.012 0.999411978839251
14.013 0.999412096741678
14.014 0.999412214642537
14.015 0.99941233253956
14.016 0.999412450436582
14.017 0.999412568333604
14.018 0.999412686225875
14.019 0.999412804115911
14.02 0.999412922005947
14.021 0.999413039895399
14.022 0.9994131577771
14.023 0.999413275658801
14.024 0.999413393540502
14.025 0.999413511418224
14.026 0.999413629291274
14.027 0.999413747164324
14.028 0.999413865037374
14.029 0.99941398290366
14.03 0.999414100768752
14.031 0.999414218633845
14.032 0.999414336497543
14.033 0.999414454356828
14.034 0.999414572216112
14.035 0.999414690075397
14.036 0.999414807932616
14.037 0.999414925788621
14.038 0.999415043644627
14.039 0.999415161500608
14.04 0.999415279355337
14.041 0.999415397210067
14.042 0.999415515064797
14.043 0.999415632919663
14.044 0.999415750774727
14.045 0.99941586862979
14.046 0.999415986484854
14.047 0.999416104341225
14.048 0.999416222197923
14.049 0.999416340054621
14.05 0.999416457911803
14.051 0.999416575771049
14.052 0.999416693630296
14.053 0.999416811489543
14.054 0.999416929350673
14.055 0.999417047213168
14.056 0.999417165075662
14.057 0.999417282938157
14.058 0.999417400804195
14.059 0.999417518670343
14.06 0.999417636536491
14.061 0.999417754403977
14.062 0.999417872273843
14.063 0.99941799014371
14.064 0.999418108013576
14.065 0.999418225886209
14.066 0.999418343759763
14.067 0.999418461633317
14.068 0.999418579507398
14.069 0.999418697384712
14.07 0.999418815262026
14.071 0.99941893313934
14.072 0.999419051018658
14.073 0.999419168899752
14.074 0.999419286780847
14.075 0.999419404661941
14.076 0.999419522546482
14.077 0.999419640431323
14.078 0.999419758316164
14.079 0.999419876202189
14.08 0.999419994090851
14.081 0.999420111979512
14.082 0.999420229868174
14.083 0.999420347759631
14.084 0.999420465652286
14.085 0.999420583544942
14.086 0.99942070143796
14.087 0.999420819334654
14.088 0.999420937231348
14.089 0.999421055128041
14.09 0.999421173026573
14.091 0.999421290927097
14.092 0.99942140882762
14.093 0.999421526728144
14.094 0.999421644631678
14.095 0.999421762535661
14.096 0.999421880439644
14.097 0.999421998344458
14.098 0.999422116251636
14.099 0.999422234158813
14.1 0.999422352065991
14.101 0.999422469974807
14.102 0.999422587884504
14.103 0.999422705794202
14.104 0.999422823703946
14.105 0.999422941614794
14.106 0.999423059525643
14.107 0.999423177436491
14.108 0.9994232953471
14.109 0.99942341325739
14.11 0.99942353116768
14.111 0.999423649077971
14.112 0.999423766986354
14.113 0.999423884894319
14.114 0.999424002802284
14.115 0.999424120709487
14.116 0.999424238613826
14.117 0.999424356518165
14.118 0.999424474422504
14.119 0.999424592323997
14.12 0.999424710223591
14.121 0.999424828123186
14.122 0.99942494602278
14.123 0.999425063916687
14.124 0.999425181810537
14.125 0.999425299704386
14.126 0.999425417596026
14.127 0.99942553548406
14.128 0.999425653372095
14.129 0.999425771260129
14.13 0.999425889144477
14.131 0.999426007027725
14.132 0.999426124910972
14.133 0.999426242793713
14.134 0.999426360673795
14.135 0.999426478553878
14.136 0.99942659643396
14.137 0.999426714312949
14.138 0.999426832191043
14.139 0.999426950069138
14.14 0.999427067947232
14.141 0.999427185824005
14.142 0.999427303700694
14.143 0.999427421577383
14.144 0.999427539453888
14.145 0.999427657330019
14.146 0.999427775206151
14.147 0.999427893082283
14.148 0.999428010958628
14.149 0.999428128835056
14.15 0.999428246711483
14.151 0.999428364588009
14.152 0.999428482465329
14.153 0.999428600342648
14.154 0.999428718219968
14.155 0.999428836097973
14.156 0.999428953976664
14.157 0.999429071855355
14.158 0.999429189734046
14.159 0.999429307614286
14.16 0.999429425494718
14.161 0.999429543375149
14.162 0.999429661256171
14.163 0.99942977913871
14.164 0.99942989702125
14.165 0.999430014903789
14.166 0.999430132788027
14.167 0.999430250673101
14.168 0.999430368558174
14.169 0.999430486443422
14.17 0.999430604331392
14.171 0.999430722219361
14.172 0.999430840107331
14.173 0.999430957996693
14.174 0.999431075887756
14.175 0.999431193778819
14.176 0.999431311669883
14.177 0.999431429563531
14.178 0.999431547457671
14.179 0.999431665351812
14.18 0.999431783246673
14.181 0.999431901143949
14.182 0.999432019041225
14.183 0.9994321369385
14.184 0.999432254837751
14.185 0.999432372738211
14.186 0.999432490638672
14.187 0.99943260853916
14.188 0.999432726442396
14.189 0.999432844345632
14.19 0.999432962248868
14.191 0.999433080152957
14.192 0.999433198058328
14.193 0.999433315963699
14.194 0.999433433869069
14.195 0.999433551775538
14.196 0.999433669682299
14.197 0.99943378758906
14.198 0.99943390549588
14.199 0.999434023402972
14.2 0.999434141310063
14.201 0.999434259217154
14.202 0.99943437712367
14.203 0.999434495029752
14.204 0.999434612935834
14.205 0.999434730841917
14.206 0.999434848745542
14.207 0.999434966649064
14.208 0.999435084552586
14.209 0.999435202454709
14.21 0.999435320354232
14.211 0.999435438253755
14.212 0.999435556153278
14.213 0.999435674049142
14.214 0.99943579194372
14.215 0.999435909838298
14.216 0.999436027732135
14.217 0.999436145621015
14.218 0.999436263509894
14.219 0.999436381398774
14.22 0.999436499284654
14.221 0.999436617167764
14.222 0.999436735050874
14.223 0.999436852933985
14.224 0.999436970812426
14.225 0.999437088690405
14.226 0.999437206568384
14.227 0.99943732444522
14.228 0.999437442319389
14.229 0.999437560193558
14.23 0.999437678067728
14.231 0.999437795940871
14.232 0.999437913813554
14.233 0.999438031686236
14.234 0.999438149558972
14.235 0.999438267432327
14.236 0.999438385305681
14.237 0.999438503179035
14.238 0.999438621053269
14.239 0.999438738928494
14.24 0.999438856803719
14.241 0.999438974678943
14.242 0.999439092556218
14.243 0.999439210433827
14.244 0.999439328311436
14.245 0.99943944618966
14.246 0.999439564069733
14.247 0.999439681949807
14.248 0.99943979982988
14.249 0.999439917711656
14.25 0.999440035594391
14.251 0.999440153477126
14.252 0.999440271359948
14.253 0.999440389245574
14.254 0.9994405071312
14.255 0.999440625016826
14.256 0.999440742903764
14.257 0.999440860792514
14.258 0.999440978681264
14.259 0.999441096570014
14.26 0.999441214461537
14.261 0.999441332353712
14.262 0.999441450245886
14.263 0.999441568138822
14.264 0.999441686034804
14.265 0.999441803930786
14.266 0.999441921826768
14.267 0.999442039725134
14.268 0.999442157625156
14.269 0.999442275525178
14.27 0.999442393425201
14.271 0.999442511329133
14.272 0.999442629233145
14.273 0.999442747137157
14.274 0.999442865042591
14.275 0.999442982950447
14.276 0.999443100858303
14.277 0.999443218766159
14.278 0.999443336676798
14.279 0.999443454588317
14.28 0.999443572499835
14.281 0.999443690411831
14.282 0.999443808326532
14.283 0.999443926241233
14.284 0.999444044155934
14.285 0.999444162071952
14.286 0.999444279989091
14.287 0.99944439790623
14.288 0.999444515823368
14.289 0.999444633741913
14.29 0.999444751660563
14.291 0.999444869579213
14.292 0.999444987498066
14.293 0.999445105417351
14.294 0.999445223336636
14.295 0.999445341255921
14.296 0.999445459175039
14.297 0.999445577094089
14.298 0.999445695013139
14.299 0.999445812932032
14.3 0.999445930849511
14.301 0.99944604876699
14.302 0.999446166684469
14.303 0.999446284600351
14.304 0.999446402514571
14.305 0.999446520428791
14.306 0.999446638343012
14.307 0.999446756252689
14.308 0.999446874161747
14.309 0.999446992070806
14.31 0.999447109978047
14.311 0.999447227880377
14.312 0.999447345782706
14.313 0.999447463685036
14.314 0.999447581582291
14.315 0.999447699476931
14.316 0.999447817371571
14.317 0.999447935265784
14.318 0.999448053151894
14.319 0.999448171038003
14.32 0.999448288924112
14.321 0.999448406806259
14.322 0.999448524683363
14.323 0.999448642560467
14.324 0.999448760437571
14.325 0.999448878307643
14.326 0.999448996176273
14.327 0.999449114044904
14.328 0.999449231911965
14.329 0.999449349773458
14.33 0.999449467634951
14.331 0.999449585496445
14.332 0.999449703354635
14.333 0.999449821210712
14.334 0.99944993906679
14.335 0.999450056922868
14.336 0.999450174774698
14.337 0.999450292626527
14.338 0.999450410478357
14.339 0.999450528329031
14.34 0.999450646177897
14.341 0.999450764026764
14.342 0.99945088187563
14.343 0.99945099972361
14.344 0.999451117571338
14.345 0.999451235419067
14.346 0.999451353266884
14.347 0.999451471115133
14.348 0.999451588963382
14.349 0.999451706811631
14.35 0.999451824661052
14.351 0.999451942511395
14.352 0.999452060361738
14.353 0.999452178212081
14.354 0.99945229606565
14.355 0.999452413919389
14.356 0.999452531773127
14.357 0.999452649628424
14.358 0.999452767486746
14.359 0.999452885345068
14.36 0.99945300320339
14.361 0.999453121065655
14.362 0.999453238929378
14.363 0.999453356793101
14.364 0.999453474657563
14.365 0.999453592527444
14.366 0.999453710397326
14.367 0.999453828267208
14.368 0.999453946140522
14.369 0.999454064017133
14.37 0.999454181893744
14.371 0.999454299770356
14.372 0.999454417653258
14.373 0.999454535536859
14.374 0.999454653420459
14.375 0.99945477130611
14.376 0.99945488919678
14.377 0.99945500708745
14.378 0.99945512497812
14.379 0.999455242873535
14.38 0.999455360771183
14.381 0.999455478668832
14.382 0.999455596566925
14.383 0.999455714470927
14.384 0.999455832374929
14.385 0.999455950278931
14.386 0.999456068185352
14.387 0.999456186094612
14.388 0.999456304003873
14.389 0.999456421913133
14.39 0.999456539825725
14.391 0.999456657738904
14.392 0.999456775652084
14.393 0.999456893565817
14.394 0.999457011481305
14.395 0.999457129396793
14.396 0.999457247312281
14.397 0.999457365228123
14.398 0.999457483144171
14.399 0.99945760106022
14.4 0.999457718976243
14.401 0.999457836891005
14.402 0.999457954805767
14.403 0.999458072720529
14.404 0.999458190633851
14.405 0.999458308545099
14.406 0.999458426456348
14.407 0.999458544367596
14.408 0.999458662274541
14.409 0.999458780180409
14.41 0.999458898086278
14.411 0.999459015990802
14.412 0.999459133889595
14.413 0.999459251788388
14.414 0.999459369687182
14.415 0.999459487580976
14.416 0.99945960547115
14.417 0.999459723361325
14.418 0.999459841251499
14.419 0.999459959132866
14.42 0.999460077013961
14.421 0.999460194895056
14.422 0.999460312773114
14.423 0.999460430645771
14.424 0.999460548518428
14.425 0.999460666391085
14.426 0.999460784258811
14.427 0.999460902124894
14.428 0.999461019990978
14.429 0.999461137856489
14.43 0.999461255718486
14.431 0.999461373580482
14.432 0.999461491442479
14.433 0.999461609303482
14.434 0.999461727163601
14.435 0.999461845023721
14.436 0.999461962883841
14.437 0.999462080743713
14.438 0.999462198603564
14.439 0.999462316463414
14.44 0.999462434323472
14.441 0.999462552183992
14.442 0.999462670044513
14.443 0.999462787905033
14.444 0.999462905766461
14.445 0.999463023628278
14.446 0.999463141490095
14.447 0.999463259352105
14.448 0.999463377216067
14.449 0.99946349508003
14.45 0.999463612943993
14.451 0.999463730809345
14.452 0.999463848676201
14.453 0.999463966543057
14.454 0.999464084409914
14.455 0.999464202279816
14.456 0.999464320150173
14.457 0.99946443802053
14.458 0.999464555892015
14.459 0.999464673766713
14.46 0.99946479164141
14.461 0.999464909516108
14.462 0.999465027394169
14.463 0.99946514527404
14.464 0.999465263153912
14.465 0.999465381034013
14.466 0.99946549891962
14.467 0.999465616805226
14.468 0.999465734690833
14.469 0.999465852579072
14.47 0.999465970470799
14.471 0.999466088362526
14.472 0.999466206254253
14.473 0.999466324151135
14.474 0.999466442049148
14.475 0.999466559947161
14.476 0.999466677846503
14.477 0.999466795750845
14.478 0.999466913655186
14.479 0.999467031559528
14.48 0.999467149467617
14.481 0.999467267378205
14.482 0.999467385288793
14.483 0.99946750319938
14.484 0.999467621115849
14.485 0.999467739032378
14.486 0.999467856948906
14.487 0.999467974867471
14.488 0.999468092789359
14.489 0.999468210711246
14.49 0.999468328633134
14.491 0.999468446558427
14.492 0.999468564484737
14.493 0.999468682411047
14.494 0.999468800337857
14.495 0.999468918267295
14.496 0.999469036196732
14.497 0.99946915412617
14.498 0.999469272056263
14.499 0.999469389986893
14.5 0.999469507917523
14.501 0.999469625848153
14.502 0.999469743777873
14.503 0.999469861707534
14.504 0.999469979637196
14.505 0.999470097565812
14.506 0.999470215492305
14.507 0.999470333418798
14.508 0.999470451345291
14.509 0.999470569268277
14.51 0.999470687189898
14.511 0.99947080511152
14.512 0.999470923032443
14.513 0.999471040947716
14.514 0.999471158862989
14.515 0.999471276778262
14.516 0.999471394689557
14.517 0.999471512596872
14.518 0.999471630504188
14.519 0.999471748411503
14.52 0.99947186631114
14.521 0.999471984209828
14.522 0.999472102108515
14.523 0.999472220004966
14.524 0.999472337895665
14.525 0.999472455786363
14.526 0.999472573677062
14.527 0.999472691563356
14.528 0.99947280944748
14.529 0.999472927331604
14.53 0.999473045215426
14.531 0.999473163094508
14.532 0.99947328097359
14.533 0.999473398852672
14.534 0.999473516729913
14.535 0.999473634604903
14.536 0.999473752479894
14.537 0.999473870354885
14.538 0.999473988227423
14.539 0.999474106099493
14.54 0.999474223971564
14.541 0.999474341843275
14.542 0.999474459713781
14.543 0.999474577584286
14.544 0.999474695454792
14.545 0.999474813325005
14.546 0.999474931195039
14.547 0.999475049065073
14.548 0.999475166935112
14.549 0.99947528480569
14.55 0.999475402676269
14.551 0.999475520546847
14.552 0.999475638417972
14.553 0.999475756289916
14.554 0.99947587416186
14.555 0.999475992033804
14.556 0.999476109907404
14.557 0.999476227781444
14.558 0.999476345655485
14.559 0.999476463530022
14.56 0.99947658140682
14.561 0.999476699283618
14.562 0.999476817160416
14.563 0.999476935039135
14.564 0.999477052919305
14.565 0.999477170799474
14.566 0.999477288679643
14.567 0.999477406563462
14.568 0.999477524447433
14.569 0.999477642331404
14.57 0.999477760216828
14.571 0.999477878104951
14.572 0.999477995993074
14.573 0.999478113881197
14.574 0.99947823177245
14.575 0.999478349664803
14.576 0.999478467557155
14.577 0.99947858545004
14.578 0.999478703346486
14.579 0.999478821242931
14.58 0.999478939139377
14.581 0.999479057037672
14.582 0.999479174937673
14.583 0.999479292837674
14.584 0.999479410737675
14.585 0.999479528640189
14.586 0.999479646542952
14.587 0.999479764445715
14.588 0.999479882349057
14.589 0.999480000253749
14.59 0.999480118158442
14.591 0.999480236063134
14.592 0.999480353968499
14.593 0.999480471874166
14.594 0.999480589779833
14.595 0.999480707685491
14.596 0.999480825591052
14.597 0.999480943496613
14.598 0.999481061402175
14.599 0.999481179307031
14.6 0.999481297211092
14.601 0.999481415115153
14.602 0.999481533019213
14.603 0.999481650920542
14.604 0.999481768821426
14.605 0.999481886722309
14.606 0.99948200462206
14.607 0.99948212251841
14.608 0.99948224041476
14.609 0.999482358311111
14.61 0.99948247620367
14.611 0.999482594094097
14.612 0.999482711984523
14.613 0.99948282987475
14.614 0.999482947758499
14.615 0.999483065642249
14.616 0.999483183525998
14.617 0.999483301407091
14.618 0.999483419284514
14.619 0.999483537161937
14.62 0.999483655039361
14.621 0.999483772912446
14.622 0.999483890784514
14.623 0.999484008656582
14.624 0.999484126527962
14.625 0.99948424439659
14.626 0.999484362265218
14.627 0.999484480133846
14.628 0.999484598001669
14.629 0.999484715868932
14.63 0.999484833736195
14.631 0.999484951603458
14.632 0.999485069471036
14.633 0.99948518733862
14.634 0.999485305206204
14.635 0.999485423074361
14.636 0.999485540943494
14.637 0.999485658812627
14.638 0.999485776681759
14.639 0.999485894552536
14.64 0.999486012423832
14.641 0.999486130295128
14.642 0.999486248166799
14.643 0.999486366040594
14.644 0.999486483914389
14.645 0.999486601788183
14.646 0.999486719663473
14.647 0.999486837540036
14.648 0.999486955416599
14.649 0.999487073293163
14.65 0.99948719117266
14.651 0.999487309052379
14.652 0.999487426932097
14.653 0.999487544812931
14.654 0.999487662696134
14.655 0.999487780579338
14.656 0.999487898462541
14.657 0.999488016348549
14.658 0.999488134235702
14.659 0.999488252122855
14.66 0.999488370010441
14.661 0.999488487901925
14.662 0.999488605793408
14.663 0.999488723684892
14.664 0.999488841578665
14.665 0.999488959474823
14.666 0.999489077370981
14.667 0.999489195267139
14.668 0.999489313167491
14.669 0.999489431068416
14.67 0.99948954896934
14.671 0.999489666871476
14.672 0.999489784776887
14.673 0.999489902682298
14.674 0.999490020587708
14.675 0.999490138495741
14.676 0.999490256405123
14.677 0.999490374314506
14.678 0.999490492224067
14.679 0.999490610137023
14.68 0.999490728049979
14.681 0.999490845962935
14.682 0.999490963877301
14.683 0.999491081793461
14.684 0.999491199709621
14.685 0.999491317625782
14.686 0.999491435544115
14.687 0.999491553462894
14.688 0.999491671381673
14.689 0.999491789300834
14.69 0.999491907221349
14.691 0.999492025141863
14.692 0.999492143062377
14.693 0.999492260983202
14.694 0.999492378904225
14.695 0.999492496825249
14.696 0.999492614746272
14.697 0.999492732666352
14.698 0.999492850586432
14.699 0.999492968506512
14.7 0.999493086425543
14.701 0.999493204342932
14.702 0.999493322260321
14.703 0.99949344017771
14.704 0.999493558091626
14.705 0.999493676004562
14.706 0.999493793917498
14.707 0.999493911829438
14.708 0.999494029736515
14.709 0.999494147643592
14.71 0.999494265550669
14.711 0.999494383453715
14.712 0.999494501353594
14.713 0.999494619253473
14.714 0.999494737153352
14.715 0.999494855045252
14.716 0.999494972936732
14.717 0.999495090828211
14.718 0.99949520871688
14.719 0.999495326600091
14.72 0.999495444483301
14.721 0.999495562366512
14.722 0.999495680244488
14.723 0.999495798120527
14.724 0.999495915996566
14.725 0.999496033871948
14.726 0.999496151742505
14.727 0.999496269613063
14.728 0.99949638748362
14.729 0.999496505351947
14.73 0.99949662321813
14.731 0.999496741084314
14.732 0.999496858950498
14.733 0.999496976813787
14.734 0.999497094676754
14.735 0.999497212539721
14.736 0.999497330402291
14.737 0.999497448263887
14.738 0.999497566125483
14.739 0.999497683987079
14.74 0.99949780184893
14.741 0.9994979197109
14.742 0.999498037572871
14.743 0.999498155434946
14.744 0.999498273298423
14.745 0.999498391161899
14.746 0.999498509025375
14.747 0.999498626889899
14.748 0.999498744755653
14.749 0.999498862621408
14.75 0.999498980487162
14.751 0.999499098355499
14.752 0.999499216224291
14.753 0.999499334093084
14.754 0.99949945196275
14.755 0.999499569835186
14.756 0.999499687707621
14.757 0.999499805580057
14.758 0.999499923455003
14.759 0.999500041331424
14.76 0.999500159207845
14.761 0.999500277084344
14.762 0.999500394964712
14.763 0.99950051284508
14.764 0.999500630725448
14.765 0.999500748607371
14.766 0.999500866491532
14.767 0.999500984375693
14.768 0.999501102259854
14.769 0.999501220146978
14.77 0.999501338034842
14.771 0.999501455922707
14.772 0.999501573811258
14.773 0.999501691702739
14.774 0.99950180959422
14.775 0.999501927485701
14.776 0.999502045379083
14.777 0.999502163273841
14.778 0.9995022811686
14.779 0.999502399063358
14.78 0.999502516960643
14.781 0.999502634858006
14.782 0.999502752755369
14.783 0.999502870653377
14.784 0.999502988552531
14.785 0.999503106451685
14.786 0.999503224350839
14.787 0.999503342250658
14.788 0.999503460150698
14.789 0.999503578050739
14.79 0.999503695950779
14.791 0.999503813850824
14.792 0.999503931750868
14.793 0.999504049650913
14.794 0.999504167550437
14.795 0.999504285449499
14.796 0.999504403348562
14.797 0.999504521247624
14.798 0.999504639144228
14.799 0.999504757040618
14.8 0.999504874937009
14.801 0.999504992832039
14.802 0.999505110724042
14.803 0.999505228616045
14.804 0.999505346508048
14.805 0.999505464395997
14.806 0.999505582282208
14.807 0.999505700168419
14.808 0.999505818054002
14.809 0.999505935933237
14.81 0.999506053812472
14.811 0.999506171691708
14.812 0.999506289567452
14.813 0.999506407439415
14.814 0.999506525311377
14.815 0.99950664318334
14.816 0.999506761049597
14.817 0.999506878915001
14.818 0.999506996780405
14.819 0.999507114644522
14.82 0.999507232504976
14.821 0.999507350365429
14.822 0.999507468225883
14.823 0.999507586084692
14.824 0.999507703942616
14.825 0.999507821800539
14.826 0.999507939658437
14.827 0.999508057515708
14.828 0.999508175372979
14.829 0.99950829323025
14.83 0.999508411087832
14.831 0.999508528945827
14.832 0.999508646803822
14.833 0.999508764661817
14.834 0.999508882521279
14.835 0.999509000381063
14.836 0.999509118240847
14.837 0.999509236101165
14.838 0.999509353963495
14.839 0.999509471825825
14.84 0.999509589688154
14.841 0.999509707552471
14.842 0.999509825418114
14.843 0.999509943283756
14.844 0.999510061149399
14.845 0.999510179019034
14.846 0.999510296888711
14.847 0.999510414758387
14.848 0.999510532629796
14.849 0.999510650504034
14.85 0.999510768378271
14.851 0.999510886252508
14.852 0.999511004130549
14.853 0.999511122009725
14.854 0.999511239888902
14.855 0.999511357768916
14.856 0.999511475653326
14.857 0.999511593537736
14.858 0.999511711422146
14.859 0.999511829309443
14.86 0.999511947199101
14.861 0.999512065088759
14.862 0.999512182978418
14.863 0.999512300872953
14.864 0.999512418767799
14.865 0.999512536662645
14.866 0.999512654559139
14.867 0.999512772458979
14.868 0.999512890358819
14.869 0.999513008258659
14.87 0.99951312616187
14.871 0.999513244066392
14.872 0.999513361970914
14.873 0.999513479875919
14.874 0.999513597784825
14.875 0.999513715693732
14.876 0.999513833602639
14.877 0.999513951513663
14.878 0.999514069426806
14.879 0.999514187339948
14.88 0.99951430525309
14.881 0.999514423169713
14.882 0.999514541086766
14.883 0.999514659003818
14.884 0.999514776921773
14.885 0.999514894842047
14.886 0.999515012762321
14.887 0.999515130682595
14.888 0.999515248604301
14.889 0.999515366526713
14.89 0.999515484449126
14.891 0.999515602371562
14.892 0.999515720294384
14.893 0.999515838217205
14.894 0.999515956140026
14.895 0.999516074062212
14.896 0.999516191983621
14.897 0.99951630990503
14.898 0.999516427826439
14.899 0.999516545745105
14.9 0.99951666366325
14.901 0.999516781581395
14.902 0.999516899498455
14.903 0.999517017411886
14.904 0.999517135325318
14.905 0.999517253238749
14.906 0.999517371148698
14.907 0.999517489056513
14.908 0.999517606964328
14.909 0.999517724872077
14.91 0.999517842773287
14.911 0.999517960674497
14.912 0.999518078575707
14.913 0.99951819647403
14.914 0.999518314368024
14.915 0.999518432262017
14.916 0.99951855015601
14.917 0.999518668044455
14.918 0.999518785931425
14.919 0.999518903818395
14.92 0.999519021704237
14.921 0.999519139584939
14.922 0.99951925746564
14.923 0.999519375346341
14.924 0.999519493224046
14.925 0.99951961109949
14.926 0.999519728974934
14.927 0.999519846850378
14.928 0.999519964721496
14.929 0.999520082592434
14.93 0.999520200463372
14.931 0.999520318333111
14.932 0.999520436200625
14.933 0.99952055406814
14.934 0.999520671935654
14.935 0.999520789801771
14.936 0.999520907667397
14.937 0.999521025533023
14.938 0.999521143398594
14.939 0.999521261263805
14.94 0.999521379129015
14.941 0.999521496994226
14.942 0.999521614860016
14.943 0.999521732726342
14.944 0.999521850592667
14.945 0.999521968458993
14.946 0.999522086327405
14.947 0.999522204196023
14.948 0.999522322064642
14.949 0.999522439934273
14.95 0.999522557806264
14.951 0.999522675678256
14.952 0.999522793550248
14.953 0.999522911425238
14.954 0.999523029301576
14.955 0.999523147177913
14.956 0.999523265054667
14.957 0.999523382936201
14.958 0.999523500817736
14.959 0.999523618699271
14.96 0.999523736583472
14.961 0.999523854470681
14.962 0.99952397235789
14.963 0.999524090245099
14.964 0.999524208137279
14.965 0.999524326030268
14.966 0.999524443923258
14.967 0.99952456181765
14.968 0.999524679716248
14.969 0.999524797614846
14.97 0.999524915513445
14.971 0.999525033415368
14.972 0.999525151319162
14.973 0.999525269222957
14.974 0.999525387126886
14.975 0.999525505035199
14.976 0.999525622943511
14.977 0.999525740851823
14.978 0.999525858761695
14.979 0.99952597667372
14.98 0.999526094585746
14.981 0.999526212497771
14.982 0.999526330412204
14.983 0.999526448327202
14.984 0.9995265662422
14.985 0.999526684157604
14.986 0.999526802074635
14.987 0.999526919991665
14.988 0.999527037908696
14.989 0.999527155826253
14.99 0.999527273744178
14.991 0.999527391662102
14.992 0.999527509580026
14.993 0.999527627497407
14.994 0.999527745414777
14.995 0.999527863332147
14.996 0.999527981248646
14.997 0.99952809916366
14.998 0.999528217078675
14.999 0.99952833499369
15 0.999528452905734