0 0
0.001 5.94285714285723e-05
0.002 0.000118857142857145
0.003 0.000178285714285717
0.004 0.000237714285714289
0.005 0.000297142857142861
0.006 0.000356571428571434
0.007 0.000416000000000006
0.008 0.000475428571428579
0.009 0.000534857142857151
0.01 0.000594285714285724
0.011 0.000653714285714296
0.012 0.000713142857142869
0.013 0.000772571428571441
0.014 0.000832000000000013
0.015 0.000891428571428585
0.016 0.000950857142857157
0.017 0.00101028571428573
0.018 0.0010697142857143
0.019 0.00112914285714287
0.02 0.00118857142857145
0.021 0.00124800000000002
0.022 0.00130742857142859
0.023 0.00136685714285716
0.024 0.00142628571428574
0.025 0.00148571428571431
0.026 0.00154514285714288
0.027 0.00160457142857145
0.028 0.00166400000000003
0.029 0.0017234285714286
0.03 0.00178285714285717
0.031 0.00184228571428575
0.032 0.00190171428571432
0.033 0.00196114285714289
0.034 0.00202057142857146
0.035 0.00208000000000003
0.036 0.0021394285714286
0.037 0.00219885714285718
0.038 0.00225828571428575
0.039 0.00231771428571432
0.04 0.0023771428571429
0.041 0.00243657142857147
0.042 0.00249600000000004
0.043 0.00255542857142861
0.044 0.00261485714285718
0.045 0.00267428571428575
0.046 0.00273371428571433
0.047 0.0027931428571429
0.048 0.00285257142857147
0.049 0.00291200000000005
0.05 0.00297142857142862
0.051 0.00303085714285719
0.052 0.00309028571428576
0.053 0.00314971428571433
0.054 0.0032091428571429
0.055 0.00326857142857148
0.056 0.00332800000000005
0.057 0.00338742857142862
0.058 0.0034468571428572
0.059 0.00350628571428577
0.06 0.00356571428571434
0.061 0.00362514285714292
0.062 0.00368457142857149
0.063 0.00374400000000006
0.064 0.00380342857142863
0.065 0.0038628571428572
0.066 0.00392228571428578
0.067 0.00398171428571435
0.068 0.00404114285714292
0.069 0.00410057142857149
0.07 0.00416000000000007
0.071 0.00421942857142864
0.072 0.00427885714285721
0.073 0.00433828571428578
0.074 0.00439771428571435
0.075 0.00445714285714293
0.076 0.0045165714285715
0.077 0.00457600000000007
0.078 0.00463542857142865
0.079 0.00469485714285722
0.08 0.00475428571428579
0.081 0.00481371428571436
0.082 0.00487314285714293
0.083 0.0049325714285715
0.084 0.00495199316185205
0.085 0.00497017757024143
0.086 0.0049883619786308
0.087 0.005
0.088 0.005
0.089 0.005
0.09 0.005
0.091 0.005
0.092 0.005
0.093 0.005
0.094 0.005
0.095 0.005
0.096 0.005
0.097 0.005
0.098 0.005
0.099 0.005
0.1 0.005
0.101 0.005
0.102 0.005
0.103 0.005
0.104 0.005
0.105 0.005
0.106 0.005
0.107 0.005
0.108 0.005
0.109 0.005
0.11 0.005
0.111 0.005
0.112 0.005
0.113 0.005
0.114 0.005
0.115 0.005
0.116 0.005
0.117 0.005
0.118 0.005
0.119 0.005
0.12 0.005
0.121 0.005
0.122 0.005
0.123 0.005
0.124 0.005
0.125 0.005
0.126 0.005
0.127 0.005
0.128 0.005
0.129 0.005
0.13 0.005
0.131 0.005
0.132 0.005
0.133 0.005
0.134 0.005
0.135 0.005
0.136 0.005
0.137 0.005
0.138 0.005
0.139 0.005
0.14 0.005
0.141 0.005
0.142 0.005
0.143 0.005
0.144 0.005
0.145 0.005
0.146 0.005
0.147 0.005
0.148 0.005
0.149 0.005
0.15 0.005
0.151 0.005
0.152 0.005
0.153 0.005
0.154 0.005
0.155 0.005
0.156 0.005
0.157 0.005
0.158 0.005
0.159 0.005
0.16 0.005
0.161 0.005
0.162 0.005
0.163 0.005
0.164 0.005
0.165 0.00500000000000001
0.166 0.00500000000000001
0.167 0.00500000000000001
0.168 0.00500000000000001
0.169 0.00500000000000001
0.17 0.00500000000000001
0.171 0.00500000000000001
0.172 0.00500000000000001
0.173 0.00500000000000001
0.174 0.00500000000000001
0.175 0.00500000000000001
0.176 0.00500000000000001
0.177 0.00500000000000001
0.178 0.00500000000000001
0.179 0.00500000000000001
0.18 0.00500000000000001
0.181 0.00500000000000001
0.182 0.00500000000000001
0.183 0.00500000000000001
0.184 0.00500000000000001
0.185 0.00500000000000001
0.186 0.00500000000000001
0.187 0.00500000000000001
0.188 0.00500000000000001
0.189 0.00500000000000001
0.19 0.00500000000000001
0.191 0.00500000000000001
0.192 0.00500000000000001
0.193 0.00500000000000001
0.194 0.00500000000000001
0.195 0.00500000000000001
0.196 0.00500000000000001
0.197 0.00500000000000001
0.198 0.00500000000000001
0.199 0.00500000000000001
0.2 0.00500000000000001
0.201 0.00500000000000001
0.202 0.00500000000000001
0.203 0.00500000000000001
0.204 0.00500000000000001
0.205 0.00500000000000001
0.206 0.00500000000000001
0.207 0.00500000000000001
0.208 0.00500000000000001
0.209 0.00500000000000001
0.21 0.00500000000000001
0.211 0.00500000000000001
0.212 0.00500000000000001
0.213 0.00500000000000001
0.214 0.00500000000000001
0.215 0.00500000000000001
0.216 0.00500000000000001
0.217 0.00500000000000001
0.218 0.00500000000000001
0.219 0.00500000000000001
0.22 0.00500000000000001
0.221 0.00500000000000001
0.222 0.00500000000000001
0.223 0.00500000000000001
0.224 0.00500000000000001
0.225 0.00500000000000001
0.226 0.00500000000000001
0.227 0.00500000000000001
0.228 0.00500000000000001
0.229 0.00500000000000001
0.23 0.00500000000000001
0.231 0.00500000000000001
0.232 0.00500000000000001
0.233 0.00500000000000001
0.234 0.00500000000000001
0.235 0.00500000000000001
0.236 0.00500000000000001
0.237 0.00500000000000001
0.238 0.00500000000000001
0.239 0.00500000000000001
0.24 0.00500000000000001
0.241 0.00500000000000001
0.242 0.00500000000000001
0.243 0.00500000000000001
0.244 0.00500000000000001
0.245 0.00500000000000001
0.246 0.00500000000000001
0.247 0.00500000000000001
0.248 0.00500000000000001
0.249 0.00500000000000001
0.25 0.00500000000000001
0.251 0.00500000000000001
0.252 0.00500000000000001
0.253 0.00500000000000001
0.254 0.00500000000000001
0.255 0.00500000000000001
0.256 0.00500000000000001
0.257 0.00500000000000001
0.258 0.00500000000000001
0.259 0.00500000000000001
0.26 0.00500000000000001
0.261 0.00500000000000001
0.262 0.00500000000000001
0.263 0.00500000000000001
0.264 0.00500000000000001
0.265 0.00500000000000001
0.266 0.00500000000000001
0.267 0.00500000000000001
0.268 0.00500000000000001
0.269 0.00500000000000001
0.27 0.00500000000000001
0.271 0.00500000000000001
0.272 0.00500000000000001
0.273 0.00500000000000001
0.274 0.00500000000000001
0.275 0.00500000000000001
0.276 0.00500000000000001
0.277 0.00500000000000001
0.278 0.00500000000000001
0.279 0.00500000000000001
0.28 0.00500000000000001
0.281 0.00500000000000001
0.282 0.00500000000000001
0.283 0.00500000000000001
0.284 0.00500000000000001
0.285 0.00500000000000001
0.286 0.00500000000000001
0.287 0.00500000000000001
0.288 0.00500000000000001
0.289 0.00500000000000001
0.29 0.00500000000000001
0.291 0.00500000000000001
0.292 0.00500000000000001
0.293 0.00500000000000001
0.294 0.00500000000000001
0.295 0.00500000000000001
0.296 0.00500000000000001
0.297 0.00500000000000001
0.298 0.00500000000000001
0.299 0.00500000000000001
0.3 0.00500000000000001
0.301 0.00500000000000001
0.302 0.00500000000000001
0.303 0.00500000000000001
0.304 0.00500000000000001
0.305 0.00500000000000001
0.306 0.00500000000000001
0.307 0.00500000000000001
0.308 0.00500000000000001
0.309 0.00500000000000001
0.31 0.00500000000000001
0.311 0.00500000000000001
0.312 0.00500000000000001
0.313 0.00500000000000001
0.314 0.00500000000000001
0.315 0.00500000000000001
0.316 0.00500000000000001
0.317 0.00500000000000001
0.318 0.00500000000000001
0.319 0.00500000000000001
0.32 0.00500000000000001
0.321 0.00500000000000001
0.322 0.00500000000000001
0.323 0.00500000000000001
0.324 0.00500000000000001
0.325 0.00500000000000001
0.326 0.00500000000000001
0.327 0.00500000000000001
0.328 0.00500000000000001
0.329 0.00500000000000001
0.33 0.00500000000000001
0.331 0.00500000000000001
0.332 0.00500000000000001
0.333 0.00500000000000001
0.334 0.00500000000000001
0.335 0.00500000000000001
0.336 0.00500000000000001
0.337 0.00500000000000001
0.338 0.00500000000000001
0.339 0.00500000000000001
0.34 0.00500000000000001
0.341 0.00500000000000001
0.342 0.00500000000000001
0.343 0.00500000000000001
0.344 0.00500000000000001
0.345 0.00500000000000001
0.346 0.00500000000000001
0.347 0.00500000000000001
0.348 0.00500000000000001
0.349 0.00500000000000001
0.35 0.00500000000000001
0.351 0.00500000000000001
0.352 0.00500000000000001
0.353 0.00500000000000001
0.354 0.00500000000000001
0.355 0.00500000000000001
0.356 0.00500000000000001
0.357 0.00500000000000001
0.358 0.00500000000000001
0.359 0.00500000000000001
0.36 0.00500000000000001
0.361 0.00500000000000001
0.362 0.00500000000000001
0.363 0.00500000000000001
0.364 0.00500000000000001
0.365 0.00500000000000001
0.366 0.00500000000000001
0.367 0.00500000000000001
0.368 0.00500000000000001
0.369 0.00500000000000001
0.37 0.00500000000000001
0.371 0.00500000000000001
0.372 0.00500000000000001
0.373 0.00500000000000001
0.374 0.00500000000000001
0.375 0.00500000000000001
0.376 0.00500000000000001
0.377 0.00500000000000001
0.378 0.00500000000000001
0.379 0.00500000000000001
0.38 0.00500000000000001
0.381 0.00500000000000001
0.382 0.00500000000000001
0.383 0.00500000000000001
0.384 0.00500000000000001
0.385 0.00500000000000001
0.386 0.00500000000000001
0.387 0.00500000000000001
0.388 0.00500000000000001
0.389 0.00500000000000001
0.39 0.00500000000000001
0.391 0.00500000000000001
0.392 0.00500000000000001
0.393 0.00500000000000001
0.394 0.00500000000000001
0.395 0.00500000000000001
0.396 0.00500000000000001
0.397 0.00500000000000001
0.398 0.00500000000000001
0.399 0.00500000000000001
0.4 0.00500000000000001
0.401 0.00500000000000001
0.402 0.00500000000000001
0.403 0.00500000000000001
0.404 0.00500000000000001
0.405 0.00500000000000001
0.406 0.00500000000000001
0.407 0.00500000000000001
0.408 0.00500000000000001
0.409 0.00500000000000001
0.41 0.00500000000000001
0.411 0.00500000000000001
0.412 0.00500000000000001
0.413 0.00500000000000001
0.414 0.00500000000000001
0.415 0.00500000000000001
0.416 0.00500000000000001
0.417 0.00500000000000001
0.418 0.00500000000000001
0.419 0.00500000000000001
0.42 0.00500000000000001
0.421 0.00500000000000001
0.422 0.00500000000000001
0.423 0.00500000000000001
0.424 0.00500000000000001
0.425 0.00500000000000001
0.426 0.00500000000000001
0.427 0.00500000000000001
0.428 0.00500000000000001
0.429 0.00500000000000001
0.43 0.00500000000000001
0.431 0.00500000000000001
0.432 0.00500000000000001
0.433 0.00500000000000001
0.434 0.00500000000000001
0.435 0.00500000000000001
0.436 0.00500000000000001
0.437 0.00500000000000001
0.438 0.00500000000000001
0.439 0.00500000000000001
0.44 0.00500000000000001
0.441 0.00500000000000001
0.442 0.00500000000000001
0.443 0.00500000000000001
0.444 0.00500000000000001
0.445 0.00500000000000001
0.446 0.00500000000000001
0.447 0.00500000000000001
0.448 0.00500000000000001
0.449 0.00500000000000001
0.45 0.00500000000000001
0.451 0.00500000000000001
0.452 0.00500000000000001
0.453 0.00500000000000001
0.454 0.00500000000000001
0.455 0.00500000000000001
0.456 0.00500000000000001
0.457 0.00500000000000001
0.458 0.00500000000000001
0.459 0.00500000000000001
0.46 0.00500000000000001
0.461 0.00500000000000001
0.462 0.00500000000000001
0.463 0.00500000000000001
0.464 0.00500000000000001
0.465 0.00500000000000001
0.466 0.00500000000000001
0.467 0.00500000000000001
0.468 0.00500000000000001
0.469 0.00500000000000001
0.47 0.00500000000000001
0.471 0.00500000000000001
0.472 0.00500000000000001
0.473 0.00500000000000001
0.474 0.00500000000000001
0.475 0.00500000000000001
0.476 0.00500000000000001
0.477 0.00500000000000001
0.478 0.00500000000000001
0.479 0.00500000000000001
0.48 0.00500000000000001
0.481 0.00500000000000001
0.482 0.00500000000000001
0.483 0.00500000000000001
0.484 0.00500000000000001
0.485 0.00500000000000001
0.486 0.00500000000000001
0.487 0.00500000000000001
0.488 0.00500000000000001
0.489 0.00500000000000001
0.49 0.00500000000000001
0.491 0.00500000000000001
0.492 0.00500000000000001
0.493 0.00500000000000001
0.494 0.00500000000000001
0.495 0.00500000000000001
0.496 0.00500000000000001
0.497 0.00500000000000001
0.498 0.00500000000000001
0.499 0.00500000000000001
0.5 0.00500000000000001
0.501 0.00500000000000001
0.502 0.00500000000000001
0.503 0.00500000000000001
0.504 0.00500000000000001
0.505 0.00500000000000001
0.506 0.00500000000000001
0.507 0.00500000000000001
0.508 0.00500000000000001
0.509 0.00500000000000001
0.51 0.00500000000000001
0.511 0.00500000000000001
0.512 0.00500000000000001
0.513 0.00500000000000001
0.514 0.00500000000000001
0.515 0.00500000000000001
0.516 0.00500000000000001
0.517 0.00500000000000001
0.518 0.00500000000000001
0.519 0.00500000000000001
0.52 0.00500000000000001
0.521 0.00500000000000001
0.522 0.00500000000000001
0.523 0.00500000000000001
0.524 0.00500000000000001
0.525 0.00500000000000001
0.526 0.00500000000000001
0.527 0.00500000000000001
0.528 0.00500000000000001
0.529 0.00500000000000001
0.53 0.00500000000000001
0.531 0.00500000000000001
0.532 0.00500000000000001
0.533 0.00500000000000002
0.534 0.00500000000000002
0.535 0.00500000000000002
0.536 0.00500000000000002
0.537 0.00500000000000002
0.538 0.00500000000000002
0.539 0.00500000000000002
0.54 0.00500000000000002
0.541 0.00500000000000002
0.542 0.00500000000000002
0.543 0.00500000000000002
0.544 0.00500000000000002
0.545 0.00500000000000002
0.546 0.00500000000000002
0.547 0.00500000000000002
0.548 0.00500000000000002
0.549 0.00500000000000002
0.55 0.00500000000000002
0.551 0.00500000000000002
0.552 0.00500000000000002
0.553 0.00500000000000002
0.554 0.00500000000000002
0.555 0.00500000000000002
0.556 0.00500000000000002
0.557 0.00500000000000002
0.558 0.00500000000000002
0.559 0.00500000000000002
0.56 0.00500000000000002
0.561 0.00500000000000002
0.562 0.00500000000000002
0.563 0.00500000000000002
0.564 0.00500000000000002
0.565 0.00500000000000002
0.566 0.00500000000000002
0.567 0.00500000000000002
0.568 0.00500000000000002
0.569 0.00500000000000002
0.57 0.00500000000000002
0.571 0.00500000000000002
0.572 0.00500000000000002
0.573 0.00500000000000002
0.574 0.00500000000000002
0.575 0.00500000000000002
0.576 0.00500000000000002
0.577 0.00500000000000002
0.578 0.00500000000000002
0.579 0.00500000000000002
0.58 0.00500000000000002
0.581 0.00500000000000002
0.582 0.00500000000000002
0.583 0.00500000000000002
0.584 0.00500000000000002
0.585 0.00500000000000002
0.586 0.00500000000000002
0.587 0.00500000000000002
0.588 0.00500000000000002
0.589 0.00500000000000002
0.59 0.00500000000000002
0.591 0.00500000000000002
0.592 0.00500000000000002
0.593 0.00500000000000002
0.594 0.00500000000000002
0.595 0.00500000000000002
0.596 0.00500000000000002
0.597 0.00500000000000002
0.598 0.00500000000000002
0.599 0.00500000000000002
0.6 0.00500000000000002
0.601 0.00500000000000002
0.602 0.00500000000000002
0.603 0.00500000000000002
0.604 0.00500000000000002
0.605 0.00500000000000002
0.606 0.00500000000000002
0.607 0.00500000000000002
0.608 0.00500000000000002
0.609 0.00500000000000003
0.61 0.00500000000000003
0.611 0.00500000000000003
0.612 0.00500000000000003
0.613 0.00500000000000003
0.614 0.00500000000000003
0.615 0.00500000000000003
0.616 0.00500000000000003
0.617 0.00500000000000003
0.618 0.00500000000000003
0.619 0.00500000000000003
0.62 0.00500000000000003
0.621 0.00500000000000003
0.622 0.00500000000000003
0.623 0.00500000000000003
0.624 0.00500000000000003
0.625 0.00500000000000003
0.626 0.00500000000000003
0.627 0.00500000000000003
0.628 0.00500000000000003
0.629 0.00500000000000003
0.63 0.00500000000000003
0.631 0.00500000000000003
0.632 0.00500000000000003
0.633 0.00500000000000003
0.634 0.00500000000000003
0.635 0.00500000000000003
0.636 0.00500000000000003
0.637 0.00500000000000003
0.638 0.00500000000000003
0.639 0.00500000000000003
0.64 0.00500000000000003
0.641 0.00500000000000003
0.642 0.00500000000000003
0.643 0.00500000000000003
0.644 0.00500000000000003
0.645 0.00500000000000003
0.646 0.00500000000000003
0.647 0.00500000000000003
0.648 0.00500000000000003
0.649 0.00500000000000003
0.65 0.00500000000000003
0.651 0.00500000000000003
0.652 0.00500000000000003
0.653 0.00500000000000003
0.654 0.00500000000000003
0.655 0.00500000000000003
0.656 0.00500000000000003
0.657 0.00500000000000003
0.658 0.00500000000000003
0.659 0.00500000000000003
0.66 0.00500000000000003
0.661 0.00499329953421568
0.662 0.00497519016723096
0.663 0.00495708080024624
0.664 0.00493897143326152
0.665 0.00491901234567902
0.666 0.00489846913580248
0.667 0.00487792592592593
0.668 0.00485738271604939
0.669 0.00483683950617285
0.67 0.0048162962962963
0.671 0.00479575308641976
0.672 0.00477520987654321
0.673 0.00475466666666667
0.674 0.00473412345679013
0.675 0.00471358024691359
0.676 0.00469303703703704
0.677 0.0046724938271605
0.678 0.00465195061728396
0.679 0.00463140740740741
0.68 0.00461086419753087
0.681 0.00459032098765433
0.682 0.00456977777777779
0.683 0.00454923456790124
0.684 0.0045286913580247
0.685 0.00450814814814816
0.686 0.00448760493827161
0.687 0.00446706172839507
0.688 0.00444651851851853
0.689 0.00442597530864198
0.69 0.00440543209876544
0.691 0.0043848888888889
0.692 0.00436434567901236
0.693 0.00434380246913581
0.694 0.00432325925925927
0.695 0.00430271604938273
0.696 0.00428217283950619
0.697 0.00426162962962965
0.698 0.00424108641975311
0.699 0.00422054320987657
0.7 0.00420000000000002
0.701 0.00417945679012348
0.702 0.00415891358024694
0.703 0.00413837037037039
0.704 0.00411782716049385
0.705 0.00409728395061731
0.706 0.00407674074074077
0.707 0.00405619753086422
0.708 0.00403565432098768
0.709 0.00401511111111114
0.71 0.00399456790123459
0.711 0.00397402469135805
0.712 0.00395348148148151
0.713 0.00393293827160497
0.714 0.00391239506172842
0.715 0.00389185185185188
0.716 0.00387130864197534
0.717 0.0038507654320988
0.718 0.00383022222222225
0.719 0.00380967901234571
0.72 0.00378913580246917
0.721 0.00376859259259262
0.722 0.00374804938271608
0.723 0.00372750617283954
0.724 0.00370696296296299
0.725 0.00368641975308645
0.726 0.00366587654320991
0.727 0.00364533333333336
0.728 0.00362479012345682
0.729 0.00360424691358028
0.73 0.00358370370370374
0.731 0.00356316049382719
0.732 0.00354261728395065
0.733 0.00352207407407411
0.734 0.00350153086419757
0.735 0.00348098765432103
0.736 0.00346044444444449
0.737 0.00343990123456795
0.738 0.0034193580246914
0.739 0.00339881481481486
0.74 0.00337827160493832
0.741 0.00335772839506177
0.742 0.00333718518518523
0.743 0.00331664197530869
0.744 0.00329609876543215
0.745 0.0032755555555556
0.746 0.00325501234567906
0.747 0.00323446913580252
0.748 0.00321392592592597
0.749 0.00319338271604943
0.75 0.00317283950617289
0.751 0.00315229629629634
0.752 0.0031317530864198
0.753 0.00311120987654326
0.754 0.00309066666666672
0.755 0.00307012345679017
0.756 0.00304958024691363
0.757 0.00302903703703709
0.758 0.00300849382716054
0.759 0.002987950617284
0.76 0.00296740740740746
0.761 0.00294686419753092
0.762 0.00292632098765437
0.763 0.00290577777777783
0.764 0.00288523456790129
0.765 0.00286469135802474
0.766 0.0028441481481482
0.767 0.00282360493827166
0.768 0.00280306172839511
0.769 0.00278251851851857
0.77 0.00276197530864203
0.771 0.00274143209876549
0.772 0.00272088888888894
0.773 0.0027003456790124
0.774 0.00267980246913586
0.775 0.00265925925925932
0.776 0.00263871604938278
0.777 0.00261817283950624
0.778 0.0025976296296297
0.779 0.00257708641975315
0.78 0.00255654320987661
0.781 0.00253600000000007
0.782 0.00251545679012352
0.783 0.00249491358024698
0.784 0.00247437037037044
0.785 0.00245382716049389
0.786 0.00243328395061735
0.787 0.00241274074074081
0.788 0.00239219753086427
0.789 0.00237165432098772
0.79 0.00235111111111118
0.791 0.00233056790123464
0.792 0.00231002469135809
0.793 0.00228948148148155
0.794 0.00226893827160501
0.795 0.00224839506172847
0.796 0.00222785185185192
0.797 0.00220730864197538
0.798 0.00218944342004444
0.799 0.00218299488356581
0.8 0.00217654634708718
0.801 0.00217009781060855
0.802 0.00217848275862085
0.803 0.00219760919540246
0.804 0.00221673563218407
0.805 0.00223586206896567
0.806 0.00225498850574728
0.807 0.00227411494252889
0.808 0.0022932413793105
0.809 0.00231236781609211
0.81 0.00233149425287372
0.811 0.00235062068965532
0.812 0.00236974712643693
0.813 0.00238887356321854
0.814 0.00240800000000015
0.815 0.00242712643678176
0.816 0.00244625287356337
0.817 0.00246537931034497
0.818 0.00248450574712658
0.819 0.00250363218390819
0.82 0.00252275862068979
0.821 0.0025418850574714
0.822 0.00256101149425301
0.823 0.00258013793103462
0.824 0.00259926436781623
0.825 0.00261839080459784
0.826 0.00263751724137944
0.827 0.00265664367816105
0.828 0.00267577011494266
0.829 0.00269489655172427
0.83 0.00271402298850588
0.831 0.00273314942528749
0.832 0.00275227586206909
0.833 0.0027714022988507
0.834 0.0027905287356323
0.835 0.00280965517241391
0.836 0.00282878160919552
0.837 0.00284790804597712
0.838 0.00286703448275873
0.839 0.00288616091954034
0.84 0.00290528735632195
0.841 0.00292441379310356
0.842 0.00294354022988517
0.843 0.00296266666666677
0.844 0.00298179310344838
0.845 0.00300091954022999
0.846 0.0030200459770116
0.847 0.00303917241379321
0.848 0.00305829885057482
0.849 0.00307742528735642
0.85 0.00309655172413803
0.851 0.00311567816091964
0.852 0.00313480459770124
0.853 0.00315393103448285
0.854 0.00317305747126446
0.855 0.00319218390804607
0.856 0.00321131034482768
0.857 0.00323043678160929
0.858 0.00324956321839089
0.859 0.0032686896551725
0.86 0.00328781609195411
0.861 0.00330694252873572
0.862 0.00332606896551733
0.863 0.00334519540229894
0.864 0.00336432183908055
0.865 0.00338344827586215
0.866 0.00340257471264376
0.867 0.00342170114942537
0.868 0.00344082758620698
0.869 0.00345995402298859
0.87 0.00347908045977019
0.871 0.0034982068965518
0.872 0.00351733333333341
0.873 0.00353645977011501
0.874 0.00355558620689662
0.875 0.00357471264367823
0.876 0.00359383908045984
0.877 0.00361296551724145
0.878 0.00363209195402306
0.879 0.00365121839080466
0.88 0.00367034482758627
0.881 0.00368947126436788
0.882 0.00370859770114949
0.883 0.0037277241379311
0.884 0.00374685057471271
0.885 0.00376597701149431
0.886 0.00378510344827592
0.887 0.00380422988505753
0.888 0.00382335632183913
0.889 0.00384248275862074
0.89 0.00386160919540235
0.891 0.00388073563218396
0.892 0.00389986206896557
0.893 0.00391898850574718
0.894 0.00393811494252878
0.895 0.00395724137931039
0.896 0.003976367816092
0.897 0.00399549425287361
0.898 0.00401462068965522
0.899 0.00403374712643683
0.9 0.00405287356321843
0.901 0.00407200000000004
0.902 0.00409112643678165
0.903 0.00411025287356326
0.904 0.00412937931034487
0.905 0.00414850574712647
0.906 0.00416763218390808
0.907 0.00418675862068969
0.908 0.0042058850574713
0.909 0.0042250114942529
0.91 0.00424413793103451
0.911 0.00426326436781612
0.912 0.00428239080459773
0.913 0.00430151724137934
0.914 0.00432064367816095
0.915 0.00433977011494255
0.916 0.00435889655172416
0.917 0.00437802298850577
0.918 0.00439714942528738
0.919 0.00441627586206899
0.92 0.0044354022988506
0.921 0.0044545287356322
0.922 0.00447365517241381
0.923 0.00449278160919542
0.924 0.00451190804597702
0.925 0.00453103448275863
0.926 0.00455016091954024
0.927 0.00456928735632185
0.928 0.00458841379310346
0.929 0.00460754022988507
0.93 0.00462666666666667
0.931 0.00464579310344828
0.932 0.00466491954022989
0.933 0.0046840459770115
0.934 0.00470317241379311
0.935 0.00472229885057472
0.936 0.00474142528735632
0.937 0.00476055172413793
0.938 0.00477967816091954
0.939 0.00479880459770114
0.94 0.00481793103448275
0.941 0.00483705747126436
0.942 0.00485618390804597
0.943 0.00487531034482758
0.944 0.00489443678160919
0.945 0.00491356321839079
0.946 0.0049326896551724
0.947 0.00495181609195401
0.948 0.00497094252873562
0.949 0.00499006896551723
0.95 0.0049874177975058
0.951 0.0049683379100891
0.952 0.0049492580226724
0.953 0.0049301781352557
0.954 0.00491016867469879
0.955 0.0048901204819277
0.956 0.00487007228915661
0.957 0.00485002409638553
0.958 0.00482997590361445
0.959 0.00480992771084336
0.96 0.00478987951807228
0.961 0.0047698313253012
0.962 0.00474978313253012
0.963 0.00472973493975903
0.964 0.00470968674698795
0.965 0.00468963855421687
0.966 0.00466959036144578
0.967 0.0046495421686747
0.968 0.00462949397590362
0.969 0.00460944578313253
0.97 0.00458939759036145
0.971 0.00456934939759037
0.972 0.00454930120481928
0.973 0.0045292530120482
0.974 0.00450920481927711
0.975 0.00448915662650603
0.976 0.00446910843373494
0.977 0.00444906024096386
0.978 0.00442901204819278
0.979 0.00440896385542169
0.98 0.00438891566265061
0.981 0.00436886746987953
0.982 0.00434881927710844
0.983 0.00432877108433736
0.984 0.00430872289156628
0.985 0.00428867469879519
0.986 0.00426862650602411
0.987 0.00424857831325303
0.988 0.00422853012048195
0.989 0.00420848192771086
0.99 0.00418843373493978
0.991 0.0041683855421687
0.992 0.00414833734939761
0.993 0.00412828915662653
0.994 0.00410824096385544
0.995 0.00408819277108436
0.996 0.00406814457831327
0.997 0.00404809638554219
0.998 0.0040280481927711
0.999 0.00400800000000002
1 0.00398795180722894
1.001 0.00396790361445785
1.002 0.00394785542168677
1.003 0.00392780722891568
1.004 0.0039077590361446
1.005 0.00388771084337352
1.006 0.00386766265060244
1.007 0.00384761445783135
1.008 0.00382756626506027
1.009 0.00380751807228919
1.01 0.00378746987951811
1.011 0.00376742168674702
1.012 0.00374737349397594
1.013 0.00372732530120485
1.014 0.00370727710843377
1.015 0.00368722891566269
1.016 0.00366718072289161
1.017 0.00364713253012052
1.018 0.00362708433734944
1.019 0.00360703614457835
1.02 0.00358698795180727
1.021 0.00356693975903618
1.022 0.0035468915662651
1.023 0.00352684337349401
1.024 0.00350679518072293
1.025 0.00348674698795185
1.026 0.00346669879518077
1.027 0.00344665060240968
1.028 0.0034266024096386
1.029 0.00340655421686752
1.03 0.00338650602409643
1.031 0.00336645783132535
1.032 0.00334640963855427
1.033 0.00332636144578318
1.034 0.0033063132530121
1.035 0.00328626506024101
1.036 0.00326621686746993
1.037 0.00324616867469884
1.038 0.00322612048192776
1.039 0.00320607228915668
1.04 0.00318602409638559
1.041 0.00316597590361451
1.042 0.00314592771084343
1.043 0.00312587951807235
1.044 0.00310583132530126
1.045 0.00308578313253018
1.046 0.00306573493975909
1.047 0.00304568674698801
1.048 0.00302563855421693
1.049 0.00300559036144585
1.05 0.00298554216867476
1.051 0.00296549397590368
1.052 0.0029454457831326
1.053 0.00292539759036151
1.054 0.00290534939759043
1.055 0.00288530120481935
1.056 0.00286525301204826
1.057 0.00284520481927717
1.058 0.00282515662650609
1.059 0.00280510843373501
1.06 0.00278506024096392
1.061 0.00276501204819284
1.062 0.00274496385542175
1.063 0.00272491566265067
1.064 0.00270486746987959
1.065 0.00268481927710851
1.066 0.00266477108433742
1.067 0.00264472289156634
1.068 0.00262467469879525
1.069 0.00260462650602417
1.07 0.00258457831325309
1.071 0.00256453012048201
1.072 0.00254448192771092
1.073 0.00252443373493984
1.074 0.00250438554216876
1.075 0.00248433734939768
1.076 0.00246428915662659
1.077 0.00244424096385551
1.078 0.00242419277108442
1.079 0.00240414457831334
1.08 0.00238409638554225
1.081 0.00236404819277117
1.082 0.00234400000000008
1.083 0.002323951807229
1.084 0.00230390361445792
1.085 0.00228385542168684
1.086 0.00226380722891575
1.087 0.00224375903614467
1.088 0.00222371084337358
1.089 0.0022036626506025
1.09 0.00218361445783142
1.091 0.00217895167352685
1.092 0.00217862836340515
1.093 0.00217830505328345
1.094 0.00218136470588244
1.095 0.00220094117647067
1.096 0.00222051764705891
1.097 0.00224009411764715
1.098 0.00225967058823538
1.099 0.00227924705882362
1.1 0.00229882352941185
1.101 0.00231840000000009
1.102 0.00233797647058832
1.103 0.00235755294117655
1.104 0.00237712941176479
1.105 0.00239670588235302
1.106 0.00241628235294126
1.107 0.00243585882352949
1.108 0.00245543529411773
1.109 0.00247501176470596
1.11 0.0024945882352942
1.111 0.00251416470588243
1.112 0.00253374117647067
1.113 0.0025533176470589
1.114 0.00257289411764713
1.115 0.00259247058823536
1.116 0.0026120470588236
1.117 0.00263162352941183
1.118 0.00265120000000007
1.119 0.00267077647058831
1.12 0.00269035294117654
1.121 0.00270992941176478
1.122 0.00272950588235301
1.123 0.00274908235294125
1.124 0.00276865882352948
1.125 0.00278823529411772
1.126 0.00280781176470596
1.127 0.00282738823529419
1.128 0.00284696470588242
1.129 0.00286654117647065
1.13 0.00288611764705889
1.131 0.00290569411764712
1.132 0.00292527058823536
1.133 0.00294484705882359
1.134 0.00296442352941183
1.135 0.00298400000000006
1.136 0.00300357647058829
1.137 0.00302315294117652
1.138 0.00304272941176476
1.139 0.00306230588235299
1.14 0.00308188235294123
1.141 0.00310145882352947
1.142 0.0031210352941177
1.143 0.00314061176470594
1.144 0.00316018823529417
1.145 0.00317976470588241
1.146 0.00319934117647065
1.147 0.00321891764705888
1.148 0.00323849411764712
1.149 0.00325807058823535
1.15 0.00327764705882358
1.151 0.00329722352941181
1.152 0.00331680000000005
1.153 0.00333637647058828
1.154 0.00335595294117652
1.155 0.00337552941176475
1.156 0.00339510588235299
1.157 0.00341468235294123
1.158 0.00343425882352946
1.159 0.0034538352941177
1.16 0.00347341176470593
1.161 0.00349298823529417
1.162 0.0035125647058824
1.163 0.00353214117647064
1.164 0.00355171764705887
1.165 0.0035712941176471
1.166 0.00359087058823533
1.167 0.00361044705882357
1.168 0.0036300235294118
1.169 0.00364960000000004
1.17 0.00366917647058827
1.171 0.00368875294117651
1.172 0.00370832941176475
1.173 0.00372790588235298
1.174 0.00374748235294122
1.175 0.00376705882352945
1.176 0.00378663529411769
1.177 0.00380621176470592
1.178 0.00382578823529415
1.179 0.00384536470588239
1.18 0.00386494117647062
1.181 0.00388451764705886
1.182 0.00390409411764709
1.183 0.00392367058823533
1.184 0.00394324705882356
1.185 0.0039628235294118
1.186 0.00398240000000003
1.187 0.00400197647058826
1.188 0.00402155294117649
1.189 0.00404112941176473
1.19 0.00406070588235296
1.191 0.0040802823529412
1.192 0.00409985882352943
1.193 0.00411943529411767
1.194 0.00413901176470591
1.195 0.00415858823529414
1.196 0.00417816470588238
1.197 0.00419774117647061
1.198 0.00421731764705885
1.199 0.00423689411764708
1.2 0.00425647058823531
1.201 0.00427604705882355
1.202 0.00429562352941178
1.203 0.00431520000000002
1.204 0.00433477647058825
1.205 0.00435435294117649
1.206 0.00437392941176472
1.207 0.00439350588235296
1.208 0.00441308235294119
1.209 0.00443265882352943
1.21 0.00445223529411766
1.211 0.0044718117647059
1.212 0.00449138823529413
1.213 0.00451096470588237
1.214 0.0045305411764706
1.215 0.00455011764705884
1.216 0.00456969411764707
1.217 0.0045892705882353
1.218 0.00460884705882354
1.219 0.00462842352941177
1.22 0.00464800000000001
1.221 0.00466757647058824
1.222 0.00468715294117648
1.223 0.00470672941176472
1.224 0.00472630588235295
1.225 0.00474588235294119
1.226 0.00476545882352942
1.227 0.00478503529411766
1.228 0.00480461176470589
1.229 0.00482418823529412
1.23 0.00484376470588236
1.231 0.00486334117647059
1.232 0.00488291764705882
1.233 0.00490249411764706
1.234 0.00492207058823529
1.235 0.00494113347368421
1.236 0.00495935840443212
1.237 0.00497758333518004
1.238 0.00499580826592796
1.239 0.00499999999999998
1.24 0.00499999999999998
1.241 0.00499999999999998
1.242 0.00499999999999998
1.243 0.00499999999999998
1.244 0.00499999999999998
1.245 0.00499999999999998
1.246 0.00499999999999998
1.247 0.00499999999999998
1.248 0.00499999999999998
1.249 0.00499999999999998
1.25 0.00499999999999998
1.251 0.00499999999999998
1.252 0.00499999999999998
1.253 0.00499999999999998
1.254 0.00499999999999998
1.255 0.00499999999999998
1.256 0.00499999999999998
1.257 0.00499999999999998
1.258 0.00499999999999998
1.259 0.00499999999999998
1.26 0.00499999999999998
1.261 0.00499999999999998
1.262 0.00499999999999998
1.263 0.00499999999999998
1.264 0.00499999999999998
1.265 0.00499999999999998
1.266 0.00499999999999997
1.267 0.00499999999999997
1.268 0.00499999999999997
1.269 0.00499999999999997
1.27 0.00499999999999997
1.271 0.00499999999999997
1.272 0.00499999999999997
1.273 0.00499999999999997
1.274 0.00499999999999997
1.275 0.00499999999999997
1.276 0.00499999999999997
1.277 0.00499999999999997
1.278 0.00499999999999997
1.279 0.00499999999999997
1.28 0.00499999999999997
1.281 0.00499999999999997
1.282 0.00499999999999997
1.283 0.00499999999999997
1.284 0.00499999999999997
1.285 0.00499999999999997
1.286 0.00499999999999997
1.287 0.00499999999999997
1.288 0.00499999999999997
1.289 0.00499999999999997
1.29 0.00499999999999997
1.291 0.00499999999999997
1.292 0.00499999999999997
1.293 0.00499999999999997
1.294 0.00499999999999997
1.295 0.00499999999999997
1.296 0.00499999999999997
1.297 0.00499999999999997
1.298 0.00499999999999997
1.299 0.00499999999999997
1.3 0.00499999999999997
1.301 0.00499999999999997
1.302 0.00499999999999997
1.303 0.00499999999999997
1.304 0.00499999999999997
1.305 0.00499999999999997
1.306 0.00499999999999997
1.307 0.00499999999999997
1.308 0.00499999999999997
1.309 0.00499999999999997
1.31 0.00499999999999997
1.311 0.00499999999999997
1.312 0.00499999999999997
1.313 0.00499999999999997
1.314 0.00499999999999997
1.315 0.00499999999999997
1.316 0.00499999999999997
1.317 0.00499999999999997
1.318 0.00499999999999997
1.319 0.00499999999999997
1.32 0.00499999999999997
1.321 0.00499999999999997
1.322 0.00499999999999997
1.323 0.00499999999999997
1.324 0.00499999999999997
1.325 0.00499999999999997
1.326 0.00499999999999997
1.327 0.00499999999999997
1.328 0.00499999999999997
1.329 0.00499999999999997
1.33 0.00499999999999997
1.331 0.00499999999999997
1.332 0.00499999999999997
1.333 0.00499999999999997
1.334 0.00499999999999997
1.335 0.00499999999999997
1.336 0.00499999999999997
1.337 0.00499999999999997
1.338 0.00499999999999996
1.339 0.00499999999999996
1.34 0.00499999999999996
1.341 0.00499999999999996
1.342 0.00499999999999996
1.343 0.00499999999999996
1.344 0.00499999999999996
1.345 0.00499999999999996
1.346 0.00499999999999996
1.347 0.00499999999999996
1.348 0.00499999999999996
1.349 0.00499999999999996
1.35 0.00499999999999996
1.351 0.00499999999999996
1.352 0.00499999999999996
1.353 0.00499999999999996
1.354 0.00499999999999996
1.355 0.00499999999999996
1.356 0.00499999999999996
1.357 0.00499999999999996
1.358 0.00499999999999996
1.359 0.00499999999999996
1.36 0.00499999999999996
1.361 0.00499999999999996
1.362 0.00499999999999996
1.363 0.00499999999999996
1.364 0.00499999999999996
1.365 0.00499999999999996
1.366 0.00499999999999996
1.367 0.00499999999999996
1.368 0.00499999999999996
1.369 0.00499999999999996
1.37 0.00499999999999996
1.371 0.00499999999999996
1.372 0.00499999999999996
1.373 0.00499999999999996
1.374 0.00499999999999996
1.375 0.00499999999999996
1.376 0.00499999999999996
1.377 0.00499999999999996
1.378 0.00499999999999996
1.379 0.00499999999999996
1.38 0.00499999999999996
1.381 0.00499999999999996
1.382 0.00499999999999996
1.383 0.00499999999999996
1.384 0.00499999999999996
1.385 0.00499999999999996
1.386 0.00499999999999996
1.387 0.00499999999999996
1.388 0.00499999999999996
1.389 0.00499999999999996
1.39 0.00499999999999996
1.391 0.00499999999999996
1.392 0.00499999999999996
1.393 0.00499999999999996
1.394 0.00499999999999996
1.395 0.00499999999999996
1.396 0.00499999999999996
1.397 0.00499999999999996
1.398 0.00499999999999996
1.399 0.00499999999999996
1.4 0.00499999999999996
1.401 0.00499999999999996
1.402 0.00499999999999996
1.403 0.00499999999999996
1.404 0.00499999999999996
1.405 0.00499999999999996
1.406 0.00499999999999996
1.407 0.00499999999999997
1.408 0.00499999999999997
1.409 0.00499999999999997
1.41 0.00499999999999997
1.411 0.00499999999999997
1.412 0.00499999999999997
1.413 0.00499999999999997
1.414 0.00499999999999997
1.415 0.00499999999999997
1.416 0.00499999999999997
1.417 0.00499999999999997
1.418 0.00499999999999997
1.419 0.00499999999999997
1.42 0.00499999999999997
1.421 0.00499999999999997
1.422 0.00499999999999997
1.423 0.00499999999999997
1.424 0.00499999999999997
1.425 0.00499999999999997
1.426 0.00499999999999997
1.427 0.00499999999999997
1.428 0.00499999999999997
1.429 0.00499999999999997
1.43 0.00499999999999997
1.431 0.00499999999999997
1.432 0.00499999999999997
1.433 0.00499999999999997
1.434 0.00499999999999997
1.435 0.00499999999999997
1.436 0.00499999999999997
1.437 0.00499999999999997
1.438 0.00499999999999997
1.439 0.00499999999999997
1.44 0.00499999999999997
1.441 0.00499999999999997
1.442 0.00499999999999997
1.443 0.00499999999999998
1.444 0.00499999999999998
1.445 0.00499999999999998
1.446 0.00499999999999998
1.447 0.00499999999999998
1.448 0.00499999999999998
1.449 0.00499999999999998
1.45 0.00499999999999998
1.451 0.00499999999999998
1.452 0.00499999999999998
1.453 0.00499999999999998
1.454 0.00499999999999998
1.455 0.00499999999999998
1.456 0.00499999999999998
1.457 0.00499999999999998
1.458 0.00499999999999998
1.459 0.00499999999999998
1.46 0.00499999999999998
1.461 0.00499999999999998
1.462 0.00499999999999998
1.463 0.00499999999999998
1.464 0.00499999999999998
1.465 0.00499999999999998
1.466 0.00499999999999998
1.467 0.00499999999999998
1.468 0.00499999999999998
1.469 0.00499999999999998
1.47 0.00499999999999998
1.471 0.00499999999999998
1.472 0.00499999999999998
1.473 0.00499999999999998
1.474 0.00499999999999998
1.475 0.00499999999999999
1.476 0.00499999999999999
1.477 0.00499999999999999
1.478 0.00499999999999999
1.479 0.00499999999999999
1.48 0.00499999999999999
1.481 0.00499999999999999
1.482 0.00499999999999999
1.483 0.00499999999999999
1.484 0.00499999999999999
1.485 0.00499999999999999
1.486 0.00499999999999999
1.487 0.00499999999999999
1.488 0.00499999999999999
1.489 0.00499999999999999
1.49 0.00499999999999999
1.491 0.00499999999999999
1.492 0.00499999999999999
1.493 0.00499999999999999
1.494 0.00499999999999999
1.495 0.00499999999999999
1.496 0.00499999999999999
1.497 0.00499999999999999
1.498 0.00499999999999999
1.499 0.00499999999999999
1.5 0.00499999999999999
1.501 0.00499999999999999
1.502 0.00499999999999999
1.503 0.00499999999999999
1.504 0.00499999999999999
1.505 0.00499999999999999
1.506 0.00499999999999999
1.507 0.00499999999999999
1.508 0.00499999999999999
1.509 0.00499999999999999
1.51 0.00499999999999999
1.511 0.00499999999999999
1.512 0.00499999999999999
1.513 0.00499999999999999
1.514 0.00499999999999999
1.515 0.005
1.516 0.005
1.517 0.005
1.518 0.005
1.519 0.005
1.52 0.005
1.521 0.005
1.522 0.005
1.523 0.005
1.524 0.005
1.525 0.005
1.526 0.005
1.527 0.005
1.528 0.005
1.529 0.005
1.53 0.005
1.531 0.005
1.532 0.005
1.533 0.005
1.534 0.005
1.535 0.005
1.536 0.005
1.537 0.005
1.538 0.005
1.539 0.005
1.54 0.005
1.541 0.005
1.542 0.005
1.543 0.005
1.544 0.005
1.545 0.005
1.546 0.005
1.547 0.005
1.548 0.005
1.549 0.005
1.55 0.005
1.551 0.005
1.552 0.005
1.553 0.005
1.554 0.005
1.555 0.005
1.556 0.005
1.557 0.005
1.558 0.005
1.559 0.005
1.56 0.005
1.561 0.005
1.562 0.005
1.563 0.005
1.564 0.005
1.565 0.005
1.566 0.005
1.567 0.005
1.568 0.005
1.569 0.005
1.57 0.005
1.571 0.005
1.572 0.005
1.573 0.005
1.574 0.005
1.575 0.005
1.576 0.005
1.577 0.005
1.578 0.005
1.579 0.005
1.58 0.005
1.581 0.005
1.582 0.005
1.583 0.005
1.584 0.005
1.585 0.005
1.586 0.005
1.587 0.005
1.588 0.005
1.589 0.005
1.59 0.005
1.591 0.00500000000000001
1.592 0.00500000000000001
1.593 0.00500000000000001
1.594 0.00500000000000001
1.595 0.00500000000000001
1.596 0.00500000000000001
1.597 0.00500000000000001
1.598 0.00500000000000001
1.599 0.00500000000000001
1.6 0.00500000000000001
1.601 0.00500000000000001
1.602 0.00500000000000001
1.603 0.00500000000000001
1.604 0.00500000000000001
1.605 0.00500000000000001
1.606 0.00500000000000001
1.607 0.00500000000000001
1.608 0.00500000000000001
1.609 0.00500000000000001
1.61 0.00500000000000001
1.611 0.00500000000000001
1.612 0.00500000000000001
1.613 0.00500000000000001
1.614 0.00500000000000001
1.615 0.00500000000000001
1.616 0.00500000000000001
1.617 0.00500000000000001
1.618 0.00500000000000001
1.619 0.00500000000000001
1.62 0.00500000000000001
1.621 0.00500000000000001
1.622 0.00500000000000001
1.623 0.00500000000000001
1.624 0.00500000000000001
1.625 0.00500000000000001
1.626 0.00500000000000001
1.627 0.00500000000000001
1.628 0.00500000000000001
1.629 0.00500000000000001
1.63 0.00500000000000001
1.631 0.00500000000000001
1.632 0.00500000000000001
1.633 0.00500000000000001
1.634 0.00500000000000001
1.635 0.00500000000000001
1.636 0.00500000000000001
1.637 0.00500000000000001
1.638 0.00500000000000001
1.639 0.00500000000000001
1.64 0.00500000000000001
1.641 0.00500000000000001
1.642 0.00500000000000001
1.643 0.00500000000000001
1.644 0.00500000000000001
1.645 0.00500000000000001
1.646 0.00500000000000001
1.647 0.00500000000000001
1.648 0.00500000000000001
1.649 0.00500000000000001
1.65 0.00500000000000001
1.651 0.00500000000000001
1.652 0.00500000000000001
1.653 0.00500000000000001
1.654 0.00500000000000001
1.655 0.00500000000000001
1.656 0.00500000000000001
1.657 0.00500000000000001
1.658 0.00500000000000001
1.659 0.00500000000000001
1.66 0.00500000000000001
1.661 0.00500000000000001
1.662 0.00500000000000001
1.663 0.00500000000000001
1.664 0.00500000000000001
1.665 0.00500000000000001
1.666 0.00500000000000001
1.667 0.00500000000000001
1.668 0.00500000000000001
1.669 0.00500000000000001
1.67 0.00500000000000001
1.671 0.00500000000000001
1.672 0.00500000000000001
1.673 0.00500000000000001
1.674 0.00500000000000001
1.675 0.00500000000000001
1.676 0.00500000000000001
1.677 0.00500000000000002
1.678 0.00500000000000002
1.679 0.00500000000000002
1.68 0.00500000000000002
1.681 0.00500000000000002
1.682 0.00500000000000002
1.683 0.00500000000000002
1.684 0.00500000000000002
1.685 0.00500000000000002
1.686 0.00500000000000002
1.687 0.00500000000000002
1.688 0.00500000000000002
1.689 0.00500000000000002
1.69 0.00500000000000002
1.691 0.00500000000000002
1.692 0.00500000000000002
1.693 0.00500000000000002
1.694 0.00500000000000002
1.695 0.00500000000000002
1.696 0.00500000000000002
1.697 0.00500000000000002
1.698 0.00500000000000002
1.699 0.00500000000000002
1.7 0.00500000000000002
1.701 0.00500000000000002
1.702 0.00500000000000002
1.703 0.00500000000000003
1.704 0.00500000000000003
1.705 0.00500000000000003
1.706 0.00500000000000003
1.707 0.00500000000000003
1.708 0.00500000000000003
1.709 0.00500000000000003
1.71 0.00500000000000003
1.711 0.00500000000000003
1.712 0.00500000000000003
1.713 0.00500000000000003
1.714 0.00500000000000003
1.715 0.00500000000000003
1.716 0.00500000000000003
1.717 0.00500000000000003
1.718 0.00500000000000003
1.719 0.00500000000000003
1.72 0.00500000000000003
1.721 0.00500000000000003
1.722 0.00500000000000003
1.723 0.00500000000000003
1.724 0.00500000000000003
1.725 0.00500000000000003
1.726 0.00500000000000003
1.727 0.00500000000000003
1.728 0.00500000000000004
1.729 0.00500000000000004
1.73 0.00500000000000004
1.731 0.00500000000000004
1.732 0.00500000000000004
1.733 0.00500000000000004
1.734 0.00500000000000004
1.735 0.00500000000000004
1.736 0.00500000000000004
1.737 0.00500000000000004
1.738 0.00500000000000004
1.739 0.00500000000000004
1.74 0.00500000000000004
1.741 0.00500000000000004
1.742 0.00500000000000004
1.743 0.00500000000000004
1.744 0.00500000000000004
1.745 0.00500000000000004
1.746 0.00500000000000004
1.747 0.00500000000000004
1.748 0.00500000000000004
1.749 0.00500000000000004
1.75 0.00500000000000004
1.751 0.00500000000000004
1.752 0.00500000000000004
1.753 0.00500000000000005
1.754 0.00500000000000005
1.755 0.00500000000000005
1.756 0.00500000000000005
1.757 0.00500000000000005
1.758 0.00500000000000005
1.759 0.00500000000000005
1.76 0.00500000000000005
1.761 0.00500000000000005
1.762 0.00500000000000005
1.763 0.00500000000000005
1.764 0.00500000000000005
1.765 0.00500000000000005
1.766 0.00500000000000005
1.767 0.00500000000000005
1.768 0.00500000000000005
1.769 0.00500000000000005
1.77 0.00500000000000005
1.771 0.00500000000000005
1.772 0.00500000000000005
1.773 0.00500000000000005
1.774 0.00500000000000005
1.775 0.00500000000000005
1.776 0.00500000000000005
1.777 0.00500000000000005
1.778 0.00500000000000006
1.779 0.00500000000000006
1.78 0.00500000000000006
1.781 0.00500000000000006
1.782 0.00500000000000006
1.783 0.00500000000000006
1.784 0.00500000000000006
1.785 0.00500000000000006
1.786 0.00500000000000006
1.787 0.00500000000000006
1.788 0.00500000000000006
1.789 0.00500000000000006
1.79 0.00500000000000006
1.791 0.00500000000000006
1.792 0.00500000000000006
1.793 0.00500000000000006
1.794 0.00500000000000006
1.795 0.00500000000000006
1.796 0.00500000000000006
1.797 0.00500000000000006
1.798 0.00500000000000006
1.799 0.00500000000000006
1.8 0.00500000000000007
1.801 0.00500000000000007
1.802 0.00500000000000007
1.803 0.00500000000000007
1.804 0.00500000000000007
1.805 0.00500000000000007
1.806 0.00500000000000007
1.807 0.00500000000000007
1.808 0.00500000000000007
1.809 0.00500000000000007
1.81 0.00500000000000007
1.811 0.00500000000000007
1.812 0.00500000000000007
1.813 0.00500000000000007
1.814 0.00500000000000007
1.815 0.00500000000000007
1.816 0.00500000000000007
1.817 0.00500000000000007
1.818 0.00500000000000007
1.819 0.00500000000000007
1.82 0.00500000000000007
1.821 0.00500000000000007
1.822 0.00500000000000007
1.823 0.00500000000000007
1.824 0.00500000000000007
1.825 0.00500000000000007
1.826 0.00500000000000006
1.827 0.00500000000000006
1.828 0.00500000000000006
1.829 0.00500000000000006
1.83 0.00500000000000006
1.831 0.00500000000000006
1.832 0.00500000000000006
1.833 0.00500000000000006
1.834 0.00500000000000006
1.835 0.00500000000000006
1.836 0.00500000000000006
1.837 0.00500000000000006
1.838 0.00500000000000006
1.839 0.00500000000000006
1.84 0.00500000000000006
1.841 0.00500000000000006
1.842 0.00500000000000006
1.843 0.00500000000000006
1.844 0.00500000000000006
1.845 0.00500000000000006
1.846 0.00500000000000006
1.847 0.00500000000000005
1.848 0.00500000000000005
1.849 0.00500000000000005
1.85 0.00500000000000005
1.851 0.00500000000000005
1.852 0.00500000000000005
1.853 0.00500000000000005
1.854 0.00500000000000005
1.855 0.00500000000000005
1.856 0.00500000000000005
1.857 0.00500000000000005
1.858 0.00500000000000005
1.859 0.00500000000000005
1.86 0.00500000000000005
1.861 0.00500000000000005
1.862 0.00500000000000005
1.863 0.00500000000000005
1.864 0.00500000000000005
1.865 0.00500000000000005
1.866 0.00500000000000005
1.867 0.00500000000000005
1.868 0.00500000000000005
1.869 0.00500000000000004
1.87 0.00500000000000004
1.871 0.00500000000000004
1.872 0.00500000000000004
1.873 0.00500000000000004
1.874 0.00500000000000004
1.875 0.00500000000000004
1.876 0.00500000000000004
1.877 0.00500000000000004
1.878 0.00500000000000004
1.879 0.00500000000000004
1.88 0.00500000000000004
1.881 0.00500000000000004
1.882 0.00500000000000004
1.883 0.00500000000000004
1.884 0.00500000000000004
1.885 0.00500000000000004
1.886 0.00500000000000004
1.887 0.00500000000000003
1.888 0.00500000000000003
1.889 0.00500000000000003
1.89 0.00500000000000003
1.891 0.00500000000000003
1.892 0.00500000000000003
1.893 0.00500000000000003
1.894 0.00500000000000003
1.895 0.00500000000000003
1.896 0.00500000000000003
1.897 0.00500000000000003
1.898 0.00500000000000003
1.899 0.00500000000000003
1.9 0.00500000000000003
1.901 0.00500000000000003
1.902 0.00500000000000003
1.903 0.00500000000000003
1.904 0.00500000000000003
1.905 0.00500000000000003
1.906 0.00500000000000003
1.907 0.00500000000000003
1.908 0.00500000000000002
1.909 0.00500000000000002
1.91 0.00500000000000002
1.911 0.00500000000000002
1.912 0.00500000000000002
1.913 0.00500000000000002
1.914 0.00500000000000002
1.915 0.00500000000000002
1.916 0.00500000000000002
1.917 0.00500000000000002
1.918 0.00500000000000002
1.919 0.00500000000000002
1.92 0.00500000000000002
1.921 0.00500000000000002
1.922 0.00500000000000002
1.923 0.00500000000000002
1.924 0.00500000000000002
1.925 0.00500000000000002
1.926 0.00500000000000002
1.927 0.00500000000000002
1.928 0.00500000000000002
1.929 0.00500000000000002
1.93 0.00500000000000001
1.931 0.00500000000000001
1.932 0.00500000000000001
1.933 0.00500000000000001
1.934 0.00500000000000001
1.935 0.00500000000000001
1.936 0.00500000000000001
1.937 0.00500000000000001
1.938 0.00500000000000001
1.939 0.00500000000000001
1.94 0.00500000000000001
1.941 0.00500000000000001
1.942 0.00500000000000001
1.943 0.00500000000000001
1.944 0.00500000000000001
1.945 0.00500000000000001
1.946 0.00500000000000001
1.947 0.00500000000000001
1.948 0.005
1.949 0.005
1.95 0.005
1.951 0.005
1.952 0.005
1.953 0.005
1.954 0.005
1.955 0.005
1.956 0.005
1.957 0.005
1.958 0.005
1.959 0.005
1.96 0.005
1.961 0.005
1.962 0.005
1.963 0.005
1.964 0.005
1.965 0.005
1.966 0.005
1.967 0.005
1.968 0.005
1.969 0.005
1.97 0.005
1.971 0.005
1.972 0.005
1.973 0.005
1.974 0.005
1.975 0.005
1.976 0.005
1.977 0.00500000000000001
1.978 0.00500000000000001
1.979 0.00500000000000001
1.98 0.00500000000000001
1.981 0.00500000000000001
1.982 0.00500000000000001
1.983 0.00500000000000001
1.984 0.00500000000000001
1.985 0.00500000000000001
1.986 0.00500000000000001
1.987 0.00500000000000001
1.988 0.00500000000000001
1.989 0.00500000000000001
1.99 0.00500000000000001
1.991 0.00500000000000001
1.992 0.00500000000000001
1.993 0.00500000000000001
1.994 0.00500000000000001
1.995 0.00500000000000001
1.996 0.00500000000000001
1.997 0.00500000000000001
1.998 0.00500000000000001
1.999 0.00500000000000001
2 0.00500000000000001
2.001 0.00500000000000001
2.002 0.00500000000000001
2.003 0.00500000000000001
2.004 0.00500000000000001
2.005 0.00500000000000001
2.006 0.00500000000000001
2.007 0.00500000000000001
2.008 0.00500000000000001
2.009 0.00500000000000001
2.01 0.00500000000000001
2.011 0.00500000000000001
2.012 0.00500000000000001
2.013 0.00500000000000002
2.014 0.00500000000000002
2.015 0.00500000000000002
2.016 0.00500000000000002
2.017 0.00500000000000002
2.018 0.00500000000000002
2.019 0.00500000000000002
2.02 0.00500000000000002
2.021 0.00500000000000002
2.022 0.00500000000000002
2.023 0.00500000000000002
2.024 0.00500000000000002
2.025 0.00500000000000002
2.026 0.00500000000000002
2.027 0.00500000000000002
2.028 0.00500000000000002
2.029 0.00500000000000002
2.03 0.00500000000000002
2.031 0.00500000000000002
2.032 0.00500000000000002
2.033 0.00500000000000002
2.034 0.00500000000000002
2.035 0.00500000000000002
2.036 0.00500000000000002
2.037 0.00500000000000002
2.038 0.00500000000000002
2.039 0.00500000000000002
2.04 0.00500000000000002
2.041 0.00500000000000002
2.042 0.00500000000000002
2.043 0.00500000000000002
2.044 0.00500000000000002
2.045 0.00500000000000002
2.046 0.00500000000000003
2.047 0.00500000000000003
2.048 0.00500000000000003
2.049 0.00500000000000003
2.05 0.00500000000000003
2.051 0.00500000000000003
2.052 0.00500000000000003
2.053 0.00500000000000003
2.054 0.00500000000000003
2.055 0.00500000000000003
2.056 0.00500000000000003
2.057 0.00500000000000003
2.058 0.00500000000000003
2.059 0.00500000000000003
2.06 0.00500000000000003
2.061 0.00500000000000003
2.062 0.00500000000000003
2.063 0.00500000000000003
2.064 0.00500000000000003
2.065 0.00500000000000003
2.066 0.00500000000000003
2.067 0.00500000000000003
2.068 0.00500000000000003
2.069 0.00500000000000003
2.07 0.00500000000000003
2.071 0.00500000000000003
2.072 0.00500000000000003
2.073 0.00500000000000003
2.074 0.00500000000000003
2.075 0.00500000000000003
2.076 0.00500000000000003
2.077 0.00500000000000003
2.078 0.00500000000000003
2.079 0.00500000000000003
2.08 0.00500000000000003
2.081 0.00500000000000003
2.082 0.00500000000000003
2.083 0.00500000000000003
2.084 0.00500000000000003
2.085 0.00500000000000004
2.086 0.00500000000000004
2.087 0.00500000000000004
2.088 0.00500000000000004
2.089 0.00500000000000004
2.09 0.00500000000000004
2.091 0.00500000000000004
2.092 0.00500000000000004
2.093 0.00500000000000004
2.094 0.00500000000000004
2.095 0.00500000000000004
2.096 0.00500000000000004
2.097 0.00500000000000004
2.098 0.00500000000000004
2.099 0.00500000000000004
2.1 0.00500000000000004
2.101 0.00500000000000004
2.102 0.00500595058171749
2.103 0.00501202260387816
2.104 0.00501809462603882
2.105 0.00502833333333338
2.106 0.00504566666666671
2.107 0.00506300000000004
2.108 0.00508033333333337
2.109 0.0050976666666667
2.11 0.00511500000000003
2.111 0.00513233333333337
2.112 0.0051496666666667
2.113 0.00516700000000003
2.114 0.00518433333333336
2.115 0.0052016666666667
2.116 0.00521900000000003
2.117 0.00523633333333336
2.118 0.00525366666666669
2.119 0.00527100000000003
2.12 0.00528833333333336
2.121 0.00530566666666669
2.122 0.00532300000000002
2.123 0.00534033333333336
2.124 0.00535766666666669
2.125 0.00537500000000002
2.126 0.00539233333333335
2.127 0.00540966666666669
2.128 0.00542700000000002
2.129 0.00544433333333336
2.13 0.00546166666666669
2.131 0.00547900000000003
2.132 0.00549633333333336
2.133 0.00551366666666668
2.134 0.00553100000000001
2.135 0.00554833333333335
2.136 0.00556566666666668
2.137 0.00558300000000001
2.138 0.00560033333333334
2.139 0.00561766666666668
2.14 0.00563500000000002
2.141 0.00565233333333335
2.142 0.00566966666666668
2.143 0.00568700000000002
2.144 0.00570433333333335
2.145 0.00572166666666668
2.146 0.00573900000000001
2.147 0.00575633333333334
2.148 0.00577366666666667
2.149 0.00579100000000001
2.15 0.00580833333333334
2.151 0.00582566666666668
2.152 0.00584300000000001
2.153 0.00586033333333334
2.154 0.00587766666666667
2.155 0.00589500000000001
2.156 0.00591233333333334
2.157 0.00592966666666667
2.158 0.005947
2.159 0.00596433333333334
2.16 0.00598166666666666
2.161 0.00599899999999999
2.162 0.00601633333333332
2.163 0.00603366666666666
2.164 0.00605099999999999
2.165 0.00606833333333333
2.166 0.00608566666666666
2.167 0.006103
2.168 0.00612033333333333
2.169 0.00613766666666666
2.17 0.00615499999999999
2.171 0.00617233333333332
2.172 0.00618966666666665
2.173 0.00620699999999999
2.174 0.00622433333333332
2.175 0.00624166666666666
2.176 0.00625899999999999
2.177 0.00627633333333332
2.178 0.00629366666666665
2.179 0.00631099999999998
2.18 0.00632833333333332
2.181 0.00634566666666665
2.182 0.00636299999999998
2.183 0.00638033333333331
2.184 0.00639766666666665
2.185 0.00641499999999998
2.186 0.00643233333333331
2.187 0.00644966666666663
2.188 0.00646699999999997
2.189 0.00648433333333331
2.19 0.00650166666666664
2.191 0.00651899999999997
2.192 0.00653633333333331
2.193 0.00655366666666664
2.194 0.00657099999999997
2.195 0.0065883333333333
2.196 0.00660566666666664
2.197 0.00662299999999997
2.198 0.0066403333333333
2.199 0.00665766666666663
2.2 0.00667499999999997
2.201 0.0066923333333333
2.202 0.00670966666666663
2.203 0.00672699999999996
2.204 0.0067443333333333
2.205 0.00676166666666663
2.206 0.00677899999999996
2.207 0.00679633333333329
2.208 0.00681366666666663
2.209 0.00683099999999996
2.21 0.00684833333333329
2.211 0.00686566666666662
2.212 0.00688299999999996
2.213 0.00690033333333329
2.214 0.00691766666666662
2.215 0.00693499999999995
2.216 0.00695233333333329
2.217 0.00696966666666662
2.218 0.00698699999999995
2.219 0.00700433333333328
2.22 0.00702166666666662
2.221 0.00703899999999995
2.222 0.00705633333333328
2.223 0.00707366666666661
2.224 0.00709099999999994
2.225 0.00710833333333328
2.226 0.00712566666666661
2.227 0.00714299999999994
2.228 0.00716033333333328
2.229 0.00717766666666661
2.23 0.00719499999999993
2.231 0.00721233333333326
2.232 0.0072296666666666
2.233 0.00724699999999994
2.234 0.00726433333333327
2.235 0.00728166666666661
2.236 0.00729899999999994
2.237 0.00731633333333327
2.238 0.0073336666666666
2.239 0.00735099999999993
2.24 0.00736833333333327
2.241 0.0073856666666666
2.242 0.00740299999999993
2.243 0.00742033333333326
2.244 0.0074376666666666
2.245 0.00745499999999993
2.246 0.00749998336486692
2.247 0.00756498916636175
2.248 0.0076299949678566
2.249 0.00769500076935143
2.25 0.00783018867924534
2.251 0.00796754716981136
2.252 0.00810490566037744
2.253 0.00824226415094346
2.254 0.00837962264150949
2.255 0.00851698113207551
2.256 0.0086543396226416
2.257 0.00879169811320761
2.258 0.00892905660377362
2.259 0.00906641509433963
2.26 0.0092037735849057
2.261 0.00934113207547174
2.262 0.00947849056603778
2.263 0.00961584905660382
2.264 0.00975320754716991
2.265 0.00989056603773594
2.266 0.010027924528302
2.267 0.010165283018868
2.268 0.0103026415094341
2.269 0.0104400000000001
2.27 0.0105773584905661
2.271 0.0107147169811321
2.272 0.0108520754716982
2.273 0.0109894339622642
2.274 0.0111267924528303
2.275 0.0112641509433963
2.276 0.0114015094339624
2.277 0.0115388679245284
2.278 0.0116762264150945
2.279 0.0118135849056605
2.28 0.0119509433962266
2.281 0.0120883018867926
2.282 0.0122256603773586
2.283 0.0123630188679246
2.284 0.0125003773584907
2.285 0.0126377358490567
2.286 0.0127750943396227
2.287 0.0129124528301888
2.288 0.0130498113207548
2.289 0.0131871698113209
2.29 0.0133245283018869
2.291 0.0134618867924529
2.292 0.013599245283019
2.293 0.0137366037735851
2.294 0.0138739622641511
2.295 0.0140113207547171
2.296 0.0141486792452832
2.297 0.0142860377358492
2.298 0.0144233962264152
2.299 0.0145607547169812
2.3 0.0146981132075473
2.301 0.0148354716981134
2.302 0.0149728301886794
2.303 0.0151101886792454
2.304 0.0152475471698115
2.305 0.0153849056603775
2.306 0.0155222641509436
2.307 0.0156596226415096
2.308 0.0157969811320756
2.309 0.0159343396226417
2.31 0.0160716981132077
2.311 0.0162090566037737
2.312 0.0163464150943397
2.313 0.0164837735849058
2.314 0.0166211320754718
2.315 0.0167584905660379
2.316 0.0168958490566039
2.317 0.01703320754717
2.318 0.017170566037736
2.319 0.0173079245283021
2.32 0.0174452830188681
2.321 0.0175826415094341
2.322 0.0177200000000002
2.323 0.0178573584905662
2.324 0.0179947169811322
2.325 0.0181320754716983
2.326 0.0182694339622643
2.327 0.0184067924528303
2.328 0.0185441509433963
2.329 0.0186815094339624
2.33 0.0188188679245285
2.331 0.0189562264150945
2.332 0.0190935849056605
2.333 0.0192309433962266
2.334 0.0193683018867926
2.335 0.0195056603773587
2.336 0.0196430188679247
2.337 0.0197803773584908
2.338 0.0199177358490568
2.339 0.0200550943396228
2.34 0.0201924528301888
2.341 0.0203298113207549
2.342 0.0204671698113209
2.343 0.0206045283018869
2.344 0.020741886792453
2.345 0.0208792452830191
2.346 0.0210166037735851
2.347 0.0211539622641511
2.348 0.0212913207547172
2.349 0.0214286792452832
2.35 0.0215660377358493
2.351 0.0217033962264153
2.352 0.0218407547169813
2.353 0.0219781132075474
2.354 0.0221154716981134
2.355 0.0222528301886794
2.356 0.0223901886792454
2.357 0.0225275471698115
2.358 0.0226649056603775
2.359 0.0228022641509436
2.36 0.0229396226415096
2.361 0.0230769811320757
2.362 0.0232143396226417
2.363 0.0233516981132078
2.364 0.0234890566037738
2.365 0.0236264150943399
2.366 0.0237637735849059
2.367 0.0239011320754719
2.368 0.0240384905660379
2.369 0.024175849056604
2.37 0.02431320754717
2.371 0.024450566037736
2.372 0.0246051999638893
2.373 0.0248176690439654
2.374 0.0250301381240414
2.375 0.0252426072041174
2.376 0.0258509090909099
2.377 0.0267018181818193
2.378 0.0275527272727283
2.379 0.0284036363636372
2.38 0.0292545454545462
2.381 0.0301054545454556
2.382 0.0309563636363646
2.383 0.0318072727272736
2.384 0.0326581818181826
2.385 0.033509090909092
2.386 0.034360000000001
2.387 0.03521090909091
2.388 0.036061818181819
2.389 0.0369127272727284
2.39 0.0377636363636374
2.391 0.0386145454545464
2.392 0.0394654545454554
2.393 0.0403163636363648
2.394 0.0411672727272738
2.395 0.0420181818181828
2.396 0.0428690909090918
2.397 0.0437200000000012
2.398 0.0445709090909102
2.399 0.0454218181818192
2.4 0.0462727272727282
2.401 0.0471236363636376
2.402 0.0479745454545466
2.403 0.0488254545454556
2.404 0.0496763636363646
2.405 0.050527272727274
2.406 0.051378181818183
2.407 0.052229090909092
2.408 0.053080000000001
2.409 0.0539309090909103
2.41 0.0547818181818193
2.411 0.0556327272727283
2.412 0.0564836363636373
2.413 0.0573345454545465
2.414 0.0581854545454555
2.415 0.0590363636363644
2.416 0.0598872727272734
2.417 0.0607381818181829
2.418 0.061589090909092
2.419 0.0629904342718599
2.42 0.0656761242689634
2.421 0.0683618142660681
2.422 0.0710475042631716
2.423 0.0737331942602751
2.424 0.0769058969479035
2.425 0.0808403374335342
2.426 0.0847747779191632
2.427 0.0887092184047922
2.428 0.0928227836010786
2.429 0.0969868711516548
2.43 0.101150958702229
2.431 0.105355203271039
2.432 0.109755508575938
2.433 0.114155813880837
2.434 0.118556119185737
2.435 0.123092207932648
2.436 0.127734983669711
2.437 0.132377759406774
2.438 0.137020535143839
2.439 0.141899577344609
2.44 0.146791054622416
2.441 0.151682531900223
2.442 0.156660516507757
2.443 0.161806427108284
2.444 0.166952337708811
2.445 0.172098248309338
2.446 0.177433701831084
2.447 0.182839260268894
2.448 0.188244818706704
2.449 0.193682157650309
2.45 0.19935255363641
2.451 0.205022949622509
2.452 0.210693345608608
2.453 0.216501282192434
2.454 0.22244136562506
2.455 0.228381449057683
2.456 0.234321532490306
2.457 0.240507927243438
2.458 0.246721689921073
2.459 0.252935452598705
2.46 0.25922968796511
2.461 0.265720942672994
2.462 0.272212197380881
2.463 0.278703452088765
2.464 0.285385961963562
2.465 0.292158474269848
2.466 0.298930986576137
2.467 0.305723450355147
2.468 0.312780983700346
2.469 0.319838517045544
2.47 0.326896050390746
2.471 0.334086424596479
2.472 0.3414327424211
2.473 0.348779060245722
2.474 0.356125378070347
2.475 0.363720380850088
2.476 0.371359269210145
2.477 0.378998157570201
2.478 0.386708297417931
2.479 0.394644066976611
2.48 0.402579836535292
2.481 0.410515606093973
2.482 0.418641458593409
2.483 0.426878947105663
2.484 0.435116435617917
2.485 0.443360055655517
2.486 0.451904120435083
2.487 0.460448185214646
2.488 0.468992249994209
2.489 0.477663524408594
2.49 0.486517856590167
2.491 0.495372188771736
2.492 0.504226520953305
2.493 0.513329746597478
2.494 0.522495195607306
2.495 0.531660644617129
2.496 0.540885286532985
2.497 0.550362277153506
2.498 0.559839267774031
2.499 0.569316258394551
2.5 0.578973871483972
2.501 0.588762280154321
2.502 0.598550688824674
2.503 0.608339097495023
2.504 0.618425991807462
2.505 0.628522117634605
2.506 0.638618243461752
2.507 0.648823298683602
2.508 0.659222006162708
2.509 0.669620713641814
2.51 0.680019421120925
2.511 0.690641188280438
2.512 0.701337308666754
2.513 0.712033429053069
2.514 0.72277036207679
2.515 0.733758001301676
2.516 0.744745640526562
2.517 0.755733279751448
2.518 0.766870325319078
2.519 0.778139863303849
2.52 0.789409401288619
2.521 0.800678939273389
2.522 0.81219524611064
2.523 0.82373301110897
2.524 0.835270776107299
2.525 0.846887055417906
2.526 0.858678092391326
2.527 0.870469129364741
2.528 0.882260166338156
2.529 0.894216351054614
2.53 0.906243313375238
2.531 0.918270275695857
2.532 0.930316879106159
2.533 0.942562075756577
2.534 0.954807272407001
2.535 0.96705246905742
2.536 0.979393423713909
2.537 0.991838116210307
2.538 1.00428280870671
2.539 1.01672750120311
2.54 1.02932418759039
2.541 1.0419435857085
2.542 1.05456298382662
2.543 1.0672219449006
2.544 1.07999350823362
2.545 1.09276507156664
2.546 1.10553663489967
2.547 1.11839409780051
2.548 1.1312978143148
2.549 1.14420153082909
2.55 1.15710973390143
2.551 1.17012561436688
2.552 1.18314149483233
2.553 1.19615737529777
2.554 1.20921289089327
2.555 1.22232094607976
2.556 1.23542900126625
2.557 1.24853705645273
2.558 1.26170430238294
2.559 1.27488454140322
2.56 1.2880647804235
2.561 1.30125589827341
2.562 1.31448794124432
2.563 1.32771998421523
2.564 1.34095202718614
2.565 1.35420221259334
2.566 1.36746449295808
2.567 1.38072677332282
2.568 1.39398905368755
2.569 1.40725886749559
2.57 1.42052875739901
2.571 1.43379864730243
2.572 1.44706286293597
2.573 1.46031782055023
2.574 1.4735727781645
2.575 1.48682773577876
2.576 1.50005509467334
2.577 1.5132742097945
2.578 1.52649332491567
2.579 1.53970345749469
2.58 1.5528664317274
2.581 1.56602940596011
2.582 1.57919238019282
2.583 1.59231328821673
2.584 1.60539977843342
2.585 1.61848626865012
2.586 1.63157275886681
2.587 1.6445673707044
2.588 1.65755611796459
2.589 1.67054486522478
2.59 1.68349395137314
2.591 1.69636251344596
2.592 1.70923107551877
2.593 1.72209963759158
2.594 1.73486517542797
2.595 1.74759064828352
2.596 1.76031612113908
2.597 1.77302334008702
2.598 1.78558286832796
2.599 1.7981423965689
2.6 1.81070192480983
2.601 1.8231671356429
2.602 1.8355380290681
2.603 1.8479089224933
2.604 1.86027981591849
2.605 1.87246264972289
2.606 1.88462224020337
2.607 1.89678183068386
2.608 1.90887613269119
2.609 1.92080255005325
2.61 1.93272896741531
2.611 1.94465538477738
2.612 1.95641405005846
2.613 1.96809009118025
2.614 1.97976613230204
2.615 1.99142622016711
2.616 2.00283637367687
2.617 2.01424652718663
2.618 2.02565668069638
2.619 2.03694023337347
2.62 2.04806905169951
2.621 2.05919787002555
2.622 2.07032668835159
2.623 2.08120717824353
2.624 2.09204036748135
2.625 2.10287355671917
2.626 2.11363569956436
2.627 2.12415999144288
2.628 2.13468428332139
2.629 2.14520857519991
2.63 2.15553314533677
2.631 2.16573530537391
2.632 2.17593746541105
2.633 2.18613626840126
2.634 2.1960027237454
2.635 2.20586917908954
2.636 2.21573563443368
2.637 2.22546228395492
2.638 2.23497922474181
2.639 2.2444961655287
2.64 2.25401310631559
2.641 2.26324407012974
2.642 2.27239901474859
2.643 2.28155395936745
2.644 2.29064185649448
2.645 2.29942431504761
2.646 2.30820677360073
2.647 2.31698923215387
2.648 2.32555896925104
2.649 2.33396823226742
2.65 2.34237749528379
2.651 2.35078675830017
2.652 2.35884036213836
2.653 2.36687914684413
2.654 2.37491793154991
2.655 2.38282800116043
2.656 2.3904990284512
2.657 2.39817005574196
2.658 2.40584108303273
2.659 2.41324198329913
2.66 2.42054797407048
2.661 2.42785396484183
2.662 2.43511285458209
2.663 2.44205652972961
2.664 2.44900020487714
2.665 2.45594388002466
2.666 2.46270056496991
2.667 2.46928464357461
2.668 2.47586872217931
2.669 2.48245280078401
2.67 2.4887118677308
2.671 2.49493879066748
2.672 2.50116571360416
2.673 2.50728604956041
2.674 2.51315768256236
2.675 2.5190293155643
2.676 2.52490094856625
2.677 2.53052866973122
2.678 2.53604680731727
2.679 2.54156494490332
2.68 2.5470549464176
2.681 2.55222138310658
2.682 2.55738781979557
2.683 2.56255425648456
2.684 2.56755623717578
2.685 2.57237276748654
2.686 2.57718929779731
2.687 2.58200582810808
2.688 2.58652298221977
2.689 2.59099140067115
2.69 2.59545981912253
2.691 2.59984166586484
2.692 2.6039637974799
2.693 2.60808592909496
2.694 2.61220806071003
2.695 2.61611006868243
2.696 2.61988825710585
2.697 2.62366644552926
2.698 2.62743439897554
2.699 2.63087142149442
2.7 2.63430844401331
2.701 2.6377454665322
2.702 2.64104037143357
2.703 2.64413901867266
2.704 2.64723766591175
2.705 2.65033631315083
2.706 2.65316313681931
2.707 2.65592619940333
2.708 2.65868926198735
2.709 2.66138576576529
2.71 2.66381603431896
2.711 2.66624630287263
2.712 2.6686765714263
2.713 2.67091213797065
2.714 2.67301240311869
2.715 2.67511266826674
2.716 2.67721293341479
2.717 2.67899253003756
2.718 2.68076558240471
2.719 2.68253863477186
2.72 2.68419165094123
2.721 2.68564028115221
2.722 2.68708891136319
2.723 2.68853754157417
2.724 2.68974173182126
2.725 2.6908687305008
2.726 2.69199572918034
2.727 2.69307490172387
2.728 2.6938830594967
2.729 2.69469121726952
2.73 2.69549937504234
2.731 2.69613686566289
2.732 2.69662897315372
2.733 2.69712108064455
2.734 2.69761318813538
2.735 2.69781396414496
2.736 2.69799281197852
2.737 2.69817165981209
2.738 2.69825115894188
2.739 2.69811954207617
2.74 2.69798792521046
2.741 2.69785630834476
2.742 2.69750661530041
2.743 2.69706784888732
2.744 2.69662908247423
2.745 2.69616003342954
2.746 2.69541844070048
2.747 2.69467684797142
2.748 2.69393525524236
2.749 2.69304745260345
2.75 2.69200747230328
2.751 2.69096749200311
2.752 2.68992751170293
2.753 2.68862885643565
2.754 2.68729492730921
2.755 2.68596099818278
2.756 2.68454890133436
2.757 2.68292546212653
2.758 2.6813020229187
2.759 2.67967858371087
2.76 2.67786699742092
2.761 2.67595848687655
2.762 2.67404997633218
2.763 2.67212743415822
2.764 2.66993829102216
2.765 2.6677491478861
2.766 2.66556000475004
2.767 2.66324933632138
2.768 2.66078399933849
2.769 2.65831866235561
2.77 2.65585332537272
2.771 2.6531624316552
2.772 2.65042533957035
2.773 2.64768824748549
2.774 2.64489234580208
2.775 2.64188793736011
2.776 2.63888352891814
2.777 2.63587912047618
2.778 2.63271435669073
2.779 2.62944707063651
2.78 2.62617978458229
2.781 2.62291249852807
2.782 2.61938677360645
2.783 2.61586104868484
2.784 2.61233532376322
2.785 2.60871053879382
2.786 2.60493081374966
2.787 2.60115108870551
2.788 2.59737136366135
2.789 2.59339733057573
2.79 2.5893684926579
2.791 2.58533965474007
2.792 2.58126967143622
2.793 2.57699880183593
2.794 2.57272793223563
2.795 2.56845706263534
2.796 2.56405499584834
2.797 2.5595498455575
2.798 2.55504469526666
2.799 2.55053954497582
2.8 2.54581919162838
2.801 2.54108751180428
2.802 2.53635583198018
2.803 2.53154976750824
2.804 2.52659930930816
2.805 2.52164885110807
2.806 2.51669839290799
2.807 2.51159388483826
2.808 2.50643239941947
2.809 2.50127091400068
2.81 2.49608503767397
2.811 2.49072029468911
2.812 2.48535555170425
2.813 2.4799908087194
2.814 2.47452727540687
2.815 2.46896882589717
2.816 2.46341037638747
2.817 2.45785192687777
2.818 2.45213065153388
2.819 2.44639128443063
2.82 2.44065191732739
2.821 2.43486389232869
2.822 2.42895673937907
2.823 2.42304958642945
2.824 2.41714243347983
2.825 2.41112994089746
2.826 2.40506787672322
2.827 2.39900581254897
2.828 2.39293372082915
2.829 2.3867284060039
2.83 2.38052309117864
2.831 2.37431777635339
2.832 2.36805176542459
2.833 2.36171450254815
2.834 2.35537723967172
2.835 2.34903997679529
2.836 2.34260009006792
2.837 2.33614209324921
2.838 2.32968409643051
2.839 2.32319951582899
2.84 2.31663075324858
2.841 2.31006199066817
2.842 2.30349322808776
2.843 2.29686038279101
2.844 2.29018990161325
2.845 2.28351942043547
2.846 2.2768470852785
2.847 2.27008390514051
2.848 2.26332072500251
2.849 2.25655754486452
2.85 2.24975984462099
2.851 2.24291246910364
2.852 2.23606509358629
2.853 2.22921771806894
2.854 2.22230906222742
2.855 2.21538508630486
2.856 2.2084611103823
2.857 2.20152400586978
2.858 2.1945309321053
2.859 2.18753785834081
2.86 2.18054478457633
2.861 2.17351593539632
2.862 2.16646117988092
2.863 2.15940642436551
2.864 2.15235166885011
2.865 2.14524389334335
2.866 2.13813447804304
2.867 2.13102506274274
2.868 2.12389845742633
2.869 2.11674129208129
2.87 2.10958412673625
2.871 2.10242696139122
2.872 2.09523915640385
2.873 2.08804113820237
2.874 2.08084312000089
2.875 2.07364032435548
2.876 2.0664081815545
2.877 2.05917603875351
2.878 2.05194389595252
2.879 2.04469716892263
2.88 2.0374375087086
2.881 2.03017784849457
2.882 2.02291818828054
2.883 2.01563929155103
2.884 2.00835872208104
2.885 2.00107815261105
2.886 1.99379323798593
2.887 1.9864986518865
2.888 1.97920406578707
2.889 1.97190947968763
2.89 1.96461024644548
2.891 1.95730902157075
2.892 1.95000779669601
2.893 1.94270664260299
2.894 1.93540620419173
2.895 1.92810576578047
2.896 1.92080532736922
2.897 1.91350874819812
2.898 1.90621634987055
2.899 1.89892395154297
2.9 1.89163155321539
2.901 1.88435180345832
2.902 1.87707394371753
2.903 1.86979608397674
2.904 1.86252363989764
2.905 1.85526660962487
2.906 1.8480095793521
2.907 1.84075254907933
2.908 1.83351314702965
2.909 1.82628323710008
2.91 1.81905332717052
2.911 1.81182475368969
2.912 1.80462825497853
2.913 1.79743175626735
2.914 1.79023525755618
2.915 1.78305581627361
2.916 1.77589898600102
2.917 1.76874215572842
2.918 1.76158532545584
2.919 1.75446519378942
2.92 1.7473531179146
2.921 1.74024104203978
2.922 1.73313912884505
2.923 1.72607544668497
2.924 1.71901176452489
2.925 1.71194808236481
2.926 1.70491556632241
2.927 1.69790382769179
2.928 1.69089208906117
2.929 1.68388035043054
2.93 1.67692355021066
2.931 1.66996730492423
2.932 1.66301105963779
2.933 1.6560775284275
2.934 1.64918105702566
2.935 1.64228458562383
2.936 1.63538811422199
2.937 1.62854335478146
2.938 1.62171404177093
2.939 1.6148847287604
2.94 1.60806747445782
2.941 1.60131352837198
2.942 1.59455958228614
2.943 1.58780563620031
2.944 1.58109765661985
2.945 1.57442728599835
2.946 1.56775691537685
2.947 1.56108654475535
2.948 1.55450245109758
2.949 1.54792386448004
2.95 1.5413452778625
2.951 1.53479961601411
2.952 1.52832080142428
2.953 1.52184198683445
2.954 1.51536317224462
2.955 1.50896000956079
2.956 1.50258626706263
2.957 1.49621252456447
2.958 1.48985078297366
2.959 1.48358613963321
2.96 1.47732149629276
2.961 1.47105685295231
2.962 1.46484918173762
2.963 1.45869848264871
2.964 1.4525477835598
2.965 1.44639708447088
2.966 1.44035217599681
2.967 1.43432034276727
2.968 1.42828850953774
2.969 1.42229133679902
2.97 1.41638329103669
2.971 1.41047524527436
2.972 1.40456719951203
2.973 1.39874538882998
2.974 1.39296605214269
2.975 1.38718671545541
2.976 1.38141535621838
2.977 1.3757689770354
2.978 1.37012259785241
2.979 1.36447621866943
2.98 1.35889034855079
2.981 1.35337843395523
2.982 1.34786651935967
2.983 1.34235460476411
2.984 1.33695632029267
2.985 1.33157967965439
2.986 1.32620303901611
2.987 1.32085769754304
2.988 1.31561714023177
2.989 1.31037658292049
2.99 1.30513602560921
2.991 1.29998034176989
2.992 1.29487667715532
2.993 1.28977301254075
2.994 1.28467072494684
2.995 1.27970476239869
2.996 1.27473879985053
2.997 1.26977283730238
2.998 1.26486227932868
2.999 1.26003482821667
3 1.25520737710465
3.001 1.25037992599263
3.002 1.24566253831722
3.003 1.24097440801103
3.004 1.23628627770484
3.005 1.23162328920294
3.006 1.22707483558729
3.007 1.22252638197164
3.008 1.21797792835599
3.009 1.21350826988362
3.01 1.20909805336145
3.011 1.20468783683928
3.012 1.20027762031711
3.013 1.19599830286084
3.014 1.19172443953232
3.015 1.18745057620381
3.016 1.18322377712813
3.017 1.17908438309344
3.018 1.17494498905875
3.019 1.17080559502406
3.02 1.16676431418093
3.021 1.16275750554025
3.022 1.15875069689956
3.023 1.15476087945312
3.024 1.15088477230662
3.025 1.14700866516011
3.026 1.1431325580136
3.027 1.13932342858249
3.028 1.13557612473483
3.029 1.13182882088716
3.03 1.1280815170395
3.031 1.12444897583689
3.032 1.12082778478599
3.033 1.11720659373509
3.034 1.11362207181313
3.035 1.11012311119203
3.036 1.10662415057092
3.037 1.10312518994982
3.038 1.09970782159084
3.039 1.09632711062499
3.04 1.09294639965913
3.041 1.08957483020374
3.042 1.08630838811859
3.043 1.08304194603344
3.044 1.0797755039483
3.045 1.07656089727304
3.046 1.07340474329405
3.047 1.07024858931506
3.048 1.06709243533607
3.049 1.06402770566226
3.05 1.06097785901488
3.051 1.0579280123675
3.052 1.05490374735938
3.053 1.05195622726906
3.054 1.04900870717874
3.055 1.04606118708842
3.056 1.04317660829892
3.057 1.04032743399112
3.058 1.03747825968332
3.059 1.03463191632575
3.06 1.03187710702592
3.061 1.02912229772608
3.062 1.02636748842624
3.063 1.02365064050445
3.064 1.02098621543803
3.065 1.01832179037162
3.066 1.01565736530521
3.067 1.01306292704048
3.068 1.01048490543294
3.069 1.0079068838254
3.07 1.00534534675473
3.071 1.00284974783151
3.072 1.0003541489083
3.073 0.99785854998509
3.074 0.99540923179178
3.075 0.992992074783656
3.076 0.990574917775532
3.077 0.988157760767409
3.078 0.985813866708907
3.079 0.983471467812641
3.08 0.981129068916376
3.081 0.978813373038587
3.082 0.976543144462525
3.083 0.974272915886463
3.084 0.972002687310401
3.085 0.969785533576508
3.086 0.967585140319088
3.087 0.965384747061667
3.088 0.96319447885181
3.089 0.96106158591147
3.09 0.958928692971131
3.091 0.95679580003079
3.092 0.954698096360831
3.093 0.952630368736009
3.094 0.950562641111188
3.095 0.948494913486366
3.096 0.946485618053525
3.097 0.94448072074266
3.098 0.942475823431795
3.099 0.9404902877962
3.1 0.938545895720555
3.101 0.93660150364491
3.102 0.934657111569264
3.103 0.932754361151518
3.104 0.930868619298267
3.105 0.928982877445016
3.106 0.927102881557923
3.107 0.925274599366246
3.108 0.92344631717457
3.109 0.921618034982893
3.11 0.91981734928078
3.111 0.918045386455558
3.112 0.916273423630337
3.113 0.914501460805116
3.114 0.912778055562671
3.115 0.911061271808785
3.116 0.909344488054899
3.117 0.907642294770592
3.118 0.905979549792923
3.119 0.904316804815254
3.12 0.902654059837585
3.121 0.901026227857439
3.122 0.899416381360867
3.123 0.897806534864293
3.124 0.89619927627702
3.125 0.894641187966424
3.126 0.893083099655828
3.127 0.891525011345232
3.128 0.889989194906614
3.129 0.888481724486876
3.13 0.886974254067138
3.131 0.8854667836474
3.132 0.884000381712533
3.133 0.882542391395049
3.134 0.881084401077566
3.135 0.879637059398476
3.136 0.878227471982787
3.137 0.876817884567097
3.138 0.875408297151408
3.139 0.874027616396355
3.14 0.872665416948924
3.141 0.871303217501493
3.142 0.869941018054062
3.143 0.868625194483702
3.144 0.867309370913342
3.145 0.865993547342982
3.146 0.864695415649118
3.147 0.863424955864643
3.148 0.862154496080168
3.149 0.860884036295694
3.15 0.859648170833084
3.151 0.858422062743309
3.152 0.857195954653533
3.153 0.855977214296355
3.154 0.854794445810092
3.155 0.853611677323828
3.156 0.852428908837566
3.157 0.851269843758205
3.158 0.850129402784269
3.159 0.848988961810331
3.16 0.847848520836395
3.161 0.846747329512541
3.162 0.845648203959745
3.163 0.844549078406948
3.164 0.843463655986335
3.165 0.842404833763492
3.166 0.841346011540649
3.167 0.840287189317805
3.168 0.839257049699263
3.169 0.838237518715187
3.17 0.837217987731112
3.171 0.836203050244745
3.172 0.835221798408251
3.173 0.834240546571756
3.174 0.833259294735262
3.175 0.832297049097528
3.176 0.831353064317428
3.177 0.830409079537328
3.178 0.829465094757228
3.179 0.828553739445815
3.18 0.827646009630924
3.181 0.826738279816032
3.182 0.825840770434607
3.183 0.824968283493737
3.184 0.824095796552868
3.185 0.823223309611998
3.186 0.822374099603457
3.187 0.821535843445423
3.188 0.820697587287389
3.189 0.819861656437771
3.19 0.819056618971387
3.191 0.818251581505002
3.192 0.817446544038618
3.193 0.816656321608446
3.194 0.815883490742525
3.195 0.815110659876603
3.196 0.814337829010681
3.197 0.813591513477645
3.198 0.812849877121001
3.199 0.812108240764356
3.2 0.811373848188054
3.201 0.8106623942495
3.202 0.809950940310945
3.203 0.809239486372391
3.204 0.808546409739786
3.205 0.807864126128136
3.206 0.807181842516486
3.207 0.806500122190355
3.208 0.805846002854628
3.209 0.805191883518902
3.21 0.804537764183175
3.211 0.80389487422312
3.212 0.803268143608542
3.213 0.802641412993964
3.214 0.802014682379386
3.215 0.801409479857153
3.216 0.800809659358007
3.217 0.80020983885886
3.218 0.799615044070316
3.219 0.799041674679603
3.22 0.798468305288889
3.221 0.797894935898175
3.222 0.797336641926292
3.223 0.796789264637012
3.224 0.796241887347732
3.225 0.795694510058451
3.226 0.795171899870772
3.227 0.794650055675926
3.228 0.79412821148108
3.229 0.793615393957711
3.23 0.7931186238503
3.231 0.792621853742889
3.232 0.792125083635478
3.233 0.791646774838394
3.234 0.791174619811419
3.235 0.790702464784444
3.236 0.79023369160775
3.237 0.789785692654211
3.238 0.789337693700673
3.239 0.788889694747134
3.24 0.788454255238808
3.241 0.788029953351707
3.242 0.787605651464607
3.243 0.787181349577506
3.244 0.786778426705088
3.245 0.786377362877426
3.246 0.785976299049763
3.247 0.785582296728357
3.248 0.785204011953134
3.249 0.784825727177911
3.25 0.784447442402688
3.251 0.784084781659273
3.252 0.78372881692949
3.253 0.783372852199707
3.254 0.783018854963383
3.255 0.782684751272041
3.256 0.782350647580699
3.257 0.782016543889357
3.258 0.781692713173107
3.259 0.781380011513206
3.26 0.781067309853306
3.261 0.780754608193405
3.262 0.78046012696477
3.263 0.780168368329312
3.264 0.779876609693854
3.265 0.779590176902931
3.266 0.779318902284917
3.267 0.779047627666902
3.268 0.778776353048887
3.269 0.778518094687661
3.27 0.778266845080091
3.271 0.778015595472521
3.272 0.777765128505089
3.273 0.777533444900963
3.274 0.777301761296838
3.275 0.777070077692713
3.276 0.776846610097059
3.277 0.77663403348938
3.278 0.776421456881701
3.279 0.776208880274021
3.28 0.776011595017688
3.281 0.775817666399455
3.282 0.775623737781223
3.283 0.775433628849304
3.284 0.775257889213519
3.285 0.775082149577733
3.286 0.774906409941948
3.287 0.774741308291432
3.288 0.774583298631095
3.289 0.774425288970759
3.29 0.774267279310422
3.291 0.77412636790885
3.292 0.773985629216963
3.293 0.773844890525075
3.294 0.773710540378539
3.295 0.773586613648101
3.296 0.773462686917663
3.297 0.773338760187226
3.298 0.773227425231715
3.299 0.773119851455728
3.3 0.773012277679742
3.301 0.772907246935347
3.302 0.772815567106813
3.303 0.772723887278278
3.304 0.772632207449743
3.305 0.772549016838457
3.306 0.772472771950374
3.307 0.772396527062292
3.308 0.772320282174209
3.309 0.772258114663573
3.31 0.772196845708944
3.311 0.772135576754315
3.312 0.772079098385415
3.313 0.77203234635724
3.314 0.771985594329066
3.315 0.771938842300891
3.316 0.771902211974724
3.317 0.771869517866004
3.318 0.771836823757284
3.319 0.771805625528934
3.32 0.77178653033267
3.321 0.771767435136406
3.322 0.771748339940142
3.323 0.771735814696606
3.324 0.771729859405799
3.325 0.771723904114992
3.326 0.771717948824185
3.327 0.771723279533005
3.328 0.771730005140655
3.329 0.771736730748305
3.33 0.771746878485563
3.331 0.771765825984672
3.332 0.771784773483781
3.333 0.771803720982889
3.334 0.771830549614585
3.335 0.771861259998153
3.336 0.77189197038172
3.337 0.771923358997936
3.338 0.771965373258964
3.339 0.772007387519992
3.34 0.77204940178102
3.341 0.772096296233755
3.342 0.772149155365243
3.343 0.772202014496732
3.344 0.77225487362822
3.345 0.772316456885016
3.346 0.772379701879966
3.347 0.772442946874916
3.348 0.772508475046853
3.349 0.772581646898266
3.35 0.772654818749678
3.351 0.772727990601091
3.352 0.772807035555067
3.353 0.772889680152549
3.354 0.772972324750031
3.355 0.773055060975945
3.356 0.773146868416604
3.357 0.773238675857264
3.358 0.773330483297924
3.359 0.773425897635001
3.36 0.773526722316705
3.361 0.773627546998408
3.362 0.773728371680111
3.363 0.773836212016549
3.364 0.773945917273866
3.365 0.774055622531183
3.366 0.774166901692333
3.367 0.774285350859834
3.368 0.774403800027334
3.369 0.774522249194835
3.37 0.774645604491845
3.371 0.774772660904099
3.372 0.774899717316354
3.373 0.775026773728608
3.374 0.775161961897013
3.375 0.775297488888592
3.376 0.77543301588017
3.377 0.775571459741611
3.378 0.775715320647084
3.379 0.775859181552556
3.38 0.776003042458028
3.381 0.776152969327364
3.382 0.776305027481301
3.383 0.776457085635238
3.384 0.776610191664969
3.385 0.77677031040194
3.386 0.776930429138912
3.387 0.777090547875883
3.388 0.777254787050008
3.389 0.777422829704584
3.39 0.77759087235916
3.391 0.777758915013736
3.392 0.777934044067791
3.393 0.778109873974542
3.394 0.778285703881293
3.395 0.778463828964067
3.396 0.778647309457562
3.397 0.778830789951057
3.398 0.779014270444553
3.399 0.779202935543755
3.4 0.779393929958566
3.401 0.779584924373377
3.402 0.779776508968659
3.403 0.779974880639354
3.404 0.78017325231005
3.405 0.780371623980746
3.406 0.780573398728956
3.407 0.780779010990107
3.408 0.780984623251259
3.409 0.78119023551241
3.41 0.781401957149083
3.411 0.78161467333526
3.412 0.781827389521436
3.413 0.782041847522512
3.414 0.782261530968285
3.415 0.782481214414057
3.416 0.78270089785983
3.417 0.782924952885868
3.418 0.783151466925807
3.419 0.783377980965745
3.42 0.783604695823545
3.421 0.78383790379222
3.422 0.784071111760894
3.423 0.784304319729569
3.424 0.784540281748832
3.425 0.784780046980813
3.426 0.785019812212793
3.427 0.785259577444774
3.428 0.785504543361034
3.429 0.785750729190891
3.43 0.785996915020748
3.431 0.786244357637094
3.432 0.786496827399397
3.433 0.7867492971617
3.434 0.787001766924004
3.435 0.787257863573847
3.436 0.787516480603167
3.437 0.787775097632487
3.438 0.788033714661807
3.439 0.788298222080682
3.44 0.788562849711589
3.441 0.788827477342496
3.442 0.789094278329781
3.443 0.789364779896845
3.444 0.789635281463909
3.445 0.789905783030973
3.446 0.790180644923789
3.447 0.79045688376158
3.448 0.790733122599371
3.449 0.791010201527956
3.45 0.791292040971044
3.451 0.791573880414132
3.452 0.79185571985722
3.453 0.792140509827837
3.454 0.792427813210793
3.455 0.792715116593748
3.456 0.793002419976704
3.457 0.793294677724887
3.458 0.79358730838228
3.459 0.793879939039673
3.46 0.794174230691949
3.461 0.79447205195835
3.462 0.794769873224751
3.463 0.795067694491152
3.464 0.795369104057493
3.465 0.795671979267472
3.466 0.795974854477451
3.467 0.796278221415245
3.468 0.796586013903372
3.469 0.796893806391498
3.47 0.797201598879625
3.471 0.797511733867984
3.472 0.797824306968829
3.473 0.798136880069674
3.474 0.79844945317052
3.475 0.798766112944979
3.476 0.799083329993112
3.477 0.799400547041245
3.478 0.799718981055481
3.479 0.800040705385473
3.48 0.800362429715465
3.481 0.800684154045457
3.482 0.801008762982292
3.483 0.801334857928713
3.484 0.801660952875133
3.485 0.801987259519104
3.486 0.802317588416524
3.487 0.802647917313943
3.488 0.802978246211363
3.489 0.803310377914433
3.49 0.803644804097421
3.491 0.80397923028041
3.492 0.804313656463398
3.493 0.804651369961102
3.494 0.80498975676423
3.495 0.805328143567357
3.496 0.805667372518917
3.497 0.806009587269463
3.498 0.80635180202001
3.499 0.806694016770556
3.5 0.807038542477543
3.501 0.807384545681271
3.502 0.807730548885
3.503 0.808076552088728
3.504 0.80842639818395
3.505 0.808776244279172
3.506 0.809126090374395
3.507 0.809477458044216
3.508 0.80983120561277
3.509 0.810184953181324
3.51 0.810538700749878
3.511 0.810895537161465
3.512 0.811253244785188
3.513 0.811610952408912
3.514 0.811969343200928
3.515 0.812331069461659
3.516 0.812692795722391
3.517 0.813054521983122
3.518 0.813418531486407
3.519 0.813784334965984
3.52 0.814150138445561
3.521 0.814515941925137
3.522 0.814885674415364
3.523 0.815255613695624
3.524 0.815625552975884
3.525 0.815996918346202
3.526 0.816371052008983
3.527 0.816745185671765
3.528 0.817119319334546
3.529 0.817496557661309
3.53 0.81787494428845
3.531 0.81825333091559
3.532 0.818632234928275
3.533 0.819014933101612
3.534 0.819397631274949
3.535 0.819780329448287
3.536 0.820165256386922
3.537 0.820552324688294
3.538 0.820939392989666
3.539 0.821326461291038
3.54 0.821717515431295
3.541 0.82210901244254
3.542 0.822500509453785
3.543 0.822893307779625
3.544 0.82328929208258
3.545 0.823685276385535
3.546 0.82408126068849
3.547 0.824480336185457
3.548 0.824880866361961
3.549 0.825281396538464
3.55 0.825682249026844
3.551 0.826087383658734
3.552 0.826492518290623
3.553 0.826897652922512
3.554 0.827304932551524
3.555 0.827714730220637
3.556 0.828124527889751
3.557 0.828534325558864
3.558 0.82894813660418
3.559 0.829362655892354
3.56 0.829777175180529
3.561 0.83019284171692
3.562 0.830612141205995
3.563 0.83103144069507
3.564 0.831450740184144
3.565 0.831873088106344
3.566 0.832297226378156
3.567 0.832721364649967
3.568 0.833145600869071
3.569 0.833574636505458
3.57 0.834003672141845
3.571 0.834432707778233
3.572 0.834863775352649
3.573 0.835297766935449
3.574 0.83573175851825
3.575 0.83616575010105
3.576 0.836603753306451
3.577 0.837042759417503
3.578 0.837481765528554
3.579 0.837921735530523
3.58 0.838365814751663
3.581 0.838809893972804
3.582 0.839253973193944
3.583 0.839701028796402
3.584 0.840150239709469
3.585 0.840599450622536
3.586 0.841048661535603
3.587 0.841502907014221
3.588 0.841957308201053
3.589 0.842411709387884
3.59 0.842868000162732
3.591 0.843327650205166
3.592 0.8437873002476
3.593 0.844246950290034
3.594 0.844710580910548
3.595 0.845175538390423
3.596 0.845640495870297
3.597 0.846106204592869
3.598 0.846576528092021
3.599 0.847046851591174
3.6 0.847517175090326
3.601 0.847990373628069
3.602 0.848466121728337
3.603 0.848941869828605
3.604 0.849417617928873
3.605 0.849898410557459
3.606 0.85037964184068
3.607 0.850860873123902
3.608 0.851343822354209
3.609 0.851830595402223
3.61 0.852317368450236
3.611 0.852804141498249
3.612 0.853294834788903
3.613 0.853787208183546
3.614 0.854279581578189
3.615 0.854772464228681
3.616 0.855270496021652
3.617 0.855768527814622
3.618 0.856266559607592
3.619 0.856767283121878
3.62 0.857270922667589
3.621 0.8577745622133
3.622 0.858278201759011
3.623 0.858786466553416
3.624 0.859295422476935
3.625 0.859804378400455
3.626 0.860314632427545
3.627 0.860828581057103
3.628 0.861342529686662
3.629 0.86185647831622
3.63 0.862373461818051
3.631 0.862892079481876
3.632 0.863410697145701
3.633 0.863929488624026
3.634 0.864452451650347
3.635 0.864975414676669
3.636 0.86549837770299
3.637 0.866023070056323
3.638 0.866550054773369
3.639 0.867077039490416
3.64 0.867604024207462
3.641 0.86813404130005
3.642 0.86866472403605
3.643 0.86919540677205
3.644 0.869726798120959
3.645 0.870260855204142
3.646 0.870794912287325
3.647 0.871328969370508
3.648 0.871864856858938
3.649 0.872401964617533
3.65 0.872939072376128
3.651 0.873476180134723
3.652 0.874015987626922
3.653 0.874555822389158
3.654 0.875095657151393
3.655 0.875636405179739
3.656 0.876178643273845
3.657 0.87672088136795
3.658 0.877263119462056
3.659 0.877806958894437
3.66 0.878351276648641
3.661 0.878895594402845
3.662 0.879440193115182
3.663 0.879986266857714
3.664 0.880532340600246
3.665 0.881078414342778
3.666 0.881625275859416
3.667 0.882172781918505
3.668 0.882720287977593
3.669 0.883267794036682
3.67 0.883816342221869
3.671 0.884364956925743
3.672 0.884913571629617
3.673 0.885462445374586
3.674 0.886011845051475
3.675 0.886561244728364
3.676 0.887110644405252
3.677 0.887660376219036
3.678 0.888210237197169
3.679 0.888760098175301
3.68 0.889309974292676
3.681 0.88985997290028
3.682 0.890409971507884
3.683 0.890959970115489
3.684 0.891509875701944
3.685 0.892059688267251
3.686 0.892609500832557
3.687 0.893159313397863
3.688 0.893708672803629
3.689 0.894257976200912
3.69 0.894807279598195
3.691 0.895356373728253
3.692 0.895904929742587
3.693 0.896453485756921
3.694 0.897002041771255
3.695 0.897550055462945
3.696 0.898097802040496
3.697 0.898645548618048
3.698 0.899193244220395
3.699 0.899740141211213
3.7 0.90028703820203
3.701 0.900833935192847
3.702 0.901380431802157
3.703 0.90192643905629
3.704 0.902472446310422
3.705 0.903018453564555
3.706 0.903563679713913
3.707 0.90410875708141
3.708 0.904653834448906
3.709 0.905198688707987
3.71 0.905742796038896
3.711 0.906286903369804
3.712 0.906831010700713
3.713 0.907374491715967
3.714 0.907917588860337
3.715 0.908460686004707
3.716 0.909003772645712
3.717 0.909545819453592
3.718 0.910087866261471
3.719 0.910629913069351
3.72 0.911171523682655
3.721 0.911712480004093
3.722 0.912253436325531
3.723 0.91279439264697
3.724 0.913334455765659
3.725 0.913874281450704
3.726 0.91441410713575
3.727 0.914953722079254
3.728 0.915492376977956
3.729 0.916031031876658
3.73 0.91656968677536
3.731 0.917107651440374
3.732 0.917645095402781
3.733 0.918182539365189
3.734 0.918719983327596
3.735 0.919256226247206
3.736 0.919792419123367
3.737 0.920328611999527
3.738 0.920864352943018
3.739 0.921399254582981
3.74 0.921934156222945
3.741 0.922469057862908
3.742 0.92300297427712
3.743 0.923536544530934
3.744 0.924070114784749
3.745 0.92460350673887
3.746 0.925135705456584
3.747 0.925667904174298
3.748 0.926200102892012
3.749 0.92673156753298
3.75 0.927262354564643
3.751 0.927793141596305
3.752 0.928323928627969
3.753 0.928853394488869
3.754 0.929382729684529
3.755 0.92991206488019
3.756 0.930440952480064
3.757 0.93096879568977
3.758 0.931496638899477
3.759 0.932024482109183
3.76 0.932551268145115
3.761 0.933077579218916
3.762 0.933603890292718
3.763 0.934130075583651
3.764 0.934654814371596
3.765 0.935179553159541
3.766 0.935704291947486
3.767 0.936228272890602
3.768 0.936751399242739
3.769 0.937274525594876
3.77 0.937797651947014
3.771 0.938319357075398
3.772 0.938840830841777
3.773 0.939362304608155
3.774 0.939883355190606
3.775 0.940403136221274
3.776 0.940922917251943
3.777 0.941442698282612
3.778 0.941961370266457
3.779 0.942479418411464
3.78 0.942997466556471
3.781 0.94351546151041
3.782 0.944031736619804
3.783 0.944548011729199
3.784 0.945064286838593
3.785 0.945579800410051
3.786 0.946094262333882
3.787 0.946608724257713
3.788 0.947123186181544
3.789 0.947636146903608
3.79 0.948148755491923
3.791 0.948661364080239
3.792 0.949173593971461
3.793 0.94968430907431
3.794 0.95019502417716
3.795 0.950705739280009
3.796 0.951215313537962
3.797 0.951724095005393
3.798 0.952232876472825
3.799 0.952741657940256
3.8 0.953248505098027
3.801 0.95375531278009
3.802 0.954262120462152
3.803 0.954768182988147
3.804 0.95527297673489
3.805 0.955777770481632
3.806 0.956282564228375
3.807 0.956785797129977
3.808 0.957288537133114
3.809 0.957791277136252
3.81 0.958293705014016
3.811 0.95879436418134
3.812 0.959295023348663
3.813 0.959795682515986
3.814 0.960295212149289
3.815 0.960793779586945
3.816 0.961292347024601
3.817 0.961790914462257
3.818 0.962287527437409
3.819 0.96278399330248
3.82 0.963280459167551
3.821 0.963776249379661
3.822 0.964270603829231
3.823 0.9647649582788
3.824 0.96525931272837
3.825 0.965752161084462
3.826 0.966244394275613
3.827 0.966736627466763
3.828 0.967228647547781
3.829 0.967718749637595
3.83 0.96820885172741
3.831 0.968698953817225
3.832 0.969188006844357
3.833 0.969675967989919
3.834 0.970163929135481
3.835 0.970651890281044
3.836 0.971137958733897
3.837 0.97162376909229
3.838 0.972109579450682
3.839 0.972594806438952
3.84 0.973078456167257
3.841 0.973562105895563
3.842 0.974045755623869
3.843 0.974527972839993
3.844 0.975009452095295
3.845 0.975490931350598
3.846 0.975972301590104
3.847 0.976451600529485
3.848 0.976930899468866
3.849 0.977410198408248
3.85 0.97788853367774
3.851 0.978365642458284
3.852 0.978842751238828
3.853 0.979319860019372
3.854 0.979795142798459
3.855 0.980270051577248
3.856 0.980744960356037
3.857 0.981219382968998
3.858 0.981692081903115
3.859 0.982164780837232
3.86 0.982637479771349
3.861 0.983108824696037
3.862 0.983579303942566
3.863 0.984049783189094
3.864 0.984520262435622
3.865 0.984988512151645
3.866 0.985456761867668
3.867 0.98592501158369
3.868 0.986392387944078
3.869 0.986858398286678
3.87 0.987324408629277
3.871 0.987790418971877
3.872 0.988254674925732
3.873 0.988718436051992
3.874 0.989182197178251
3.875 0.989645574264438
3.876 0.990107076331441
3.877 0.990568578398444
3.878 0.991030080465448
3.879 0.991490311947233
3.88 0.991949545112062
3.881 0.992408778276892
3.882 0.992868011441721
3.883 0.993325079798713
3.884 0.993782034218451
3.885 0.99423898863819
3.886 0.994695164938005
3.887 0.995149830769736
3.888 0.995604496601466
3.889 0.996059162433197
3.89 0.996512150410352
3.891 0.996964517811158
3.892 0.997416885211963
3.893 0.997868975619908
3.894 0.998319034746871
3.895 0.998769093873835
3.896 0.999219153000799
3.897 0.999668029888216
3.898 1.00011577089842
3.899 1.00056351190862
3.9 1.00101125291883
3.901 1.00145689876533
3.902 1.00190231181586
3.903 1.00234772486638
3.904 1.00279245995416
3.905 1.0032355352021
3.906 1.00367861045003
3.907 1.00412168569797
3.908 1.00456316454696
3.909 1.00500389214938
3.91 1.00544461975181
3.911 1.00588518233004
3.912 1.00632355244404
3.913 1.00676192255804
3.914 1.00720029267204
3.915 1.00763757381362
3.916 1.00807357659627
3.917 1.00850957937893
3.918 1.00894558216158
3.919 1.00937956434612
3.92 1.00981318995451
3.921 1.01024681556291
3.922 1.01067986828718
3.923 1.0111111068784
3.924 1.01154234546961
3.925 1.01197358406083
3.926 1.01240331263019
3.927 1.0128321543613
3.928 1.01326099609242
3.929 1.01368978968948
3.93 1.01411622471759
3.931 1.0145426597457
3.932 1.01496909477381
3.933 1.01539453901808
3.934 1.01581855750026
3.935 1.01624257598244
3.936 1.01666659446462
3.937 1.01708867183573
3.938 1.01751026392906
3.939 1.0179318560224
3.94 1.0183529852317
3.941 1.01877214109327
3.942 1.01919129695484
3.943 1.01961045281641
3.944 1.02002818995467
3.945 1.02044489974156
3.946 1.02086160952844
3.947 1.02127831931533
3.948 1.02169264686215
3.949 1.02210690073145
3.95 1.02252115460074
3.951 1.02293452079625
3.952 1.02334630890503
3.953 1.02375809701381
3.954 1.02416988512259
3.955 1.02457982074092
3.956 1.02498913886243
3.957 1.02539845698395
3.958 1.02580743206822
3.959 1.02621429992373
3.96 1.02662116777923
3.961 1.02702803563474
3.962 1.02743361868399
3.963 1.02783806237676
3.964 1.02824250606952
3.965 1.02864694976228
3.966 1.02904918724038
3.967 1.02945123287372
3.968 1.02985327850706
3.969 1.03025458883401
3.97 1.03065426251125
3.971 1.03105393618849
3.972 1.03145360986573
3.973 1.03185164144602
3.974 1.03224896927048
3.975 1.03264629709494
3.976 1.03304341614195
3.977 1.03343842421695
3.978 1.03383343229196
3.979 1.03422844036696
3.98 1.03462234749181
3.981 1.03501506192068
3.982 1.03540777634954
3.983 1.0358004907784
3.984 1.03619123244501
3.985 1.03658167933106
3.986 1.03697212621711
3.987 1.03736199032888
3.988 1.03775019577543
3.989 1.03813840122199
3.99 1.03852660666854
3.991 1.03891337214657
3.992 1.03929936225695
3.993 1.03968535236732
3.994 1.04007125490838
3.995 1.0404550557859
3.996 1.04083885666343
3.997 1.04122265754095
3.998 1.04160552827278
3.999 1.04198716602076
4 1.04236880376875
4.001 1.04275044151674
4.002 1.04313032690324
4.003 1.04350982762502
4.004 1.0438893283468
4.005 1.04426838577477
4.006 1.04464577557366
4.007 1.04502316537255
4.008 1.04540055517143
4.009 1.04577669407858
4.01 1.0461519990579
4.011 1.04652730403722
4.012 1.04690260901654
4.013 1.04727587586677
4.014 1.04764912212984
4.015 1.04802236839291
4.016 1.04839484226306
4.017 1.04876605591321
4.018 1.04913726956335
4.019 1.0495084832135
4.02 1.04987815185124
4.021 1.05024735899178
4.022 1.05061656613232
4.023 1.05098545640785
4.024 1.0513526831421
4.025 1.05171990987635
4.026 1.05208713661061
4.027 1.05245328847823
4.028 1.05281856090952
4.029 1.0531838333408
4.03 1.05354910577209
4.031 1.05391256569572
4.032 1.05427590992737
4.033 1.05463925415902
4.034 1.05500197069888
4.035 1.0553634128342
4.036 1.05572485496953
4.037 1.05608629710485
4.038 1.05644638852521
4.039 1.05680595466753
4.04 1.05716552080985
4.041 1.05752488346431
4.042 1.05788259971696
4.043 1.0582403159696
4.044 1.05859803222225
4.045 1.05895483658171
4.046 1.059310729048
4.047 1.05966662151428
4.048 1.06002251398057
4.049 1.06037680650895
4.05 1.0607309012922
4.051 1.06108499607545
4.052 1.06143859481638
4.053 1.06179091801991
4.054 1.06214324122344
4.055 1.06249556442697
4.056 1.06284671816132
4.057 1.06319729588846
4.058 1.06354787361559
4.059 1.06389834818034
4.06 1.06424720653441
4.061 1.06459606488847
4.062 1.06494492324253
4.063 1.06529301962521
4.064 1.06564018470952
4.065 1.06598734979383
4.066 1.06633451487814
4.067 1.06668027954265
4.068 1.06702577746052
4.069 1.0673712753784
4.07 1.06771639585176
4.071 1.06806025270652
4.072 1.06840410956129
4.073 1.06874796641606
4.074 1.06909082199576
4.075 1.06943306389073
4.076 1.06977530578571
4.077 1.07011753179212
4.078 1.07045818483063
4.079 1.07079883786914
4.08 1.07113949090765
4.081 1.0714795188449
4.082 1.07181860913026
4.083 1.07215769941562
4.084 1.07249678970098
4.085 1.07283466603298
4.086 1.07317221966852
4.087 1.07350977330405
4.088 1.07384705504122
4.089 1.07418309813024
4.09 1.07451914121927
4.091 1.0748551843083
4.092 1.07519038126471
4.093 1.07552493991056
4.094 1.0758594985564
4.095 1.07619405720225
4.096 1.07652721584161
4.097 1.07686031614737
4.098 1.07719341645313
4.099 1.07752601046043
4.1 1.07785766419918
4.101 1.07818931793793
4.102 1.07852097167668
4.103 1.07885152438089
4.104 1.07918169023514
4.105 1.07951185608939
4.106 1.0798418215494
4.107 1.08017044590947
4.108 1.08049907026953
4.109 1.0808276946296
4.11 1.08115548953565
4.111 1.08148251879183
4.112 1.08180954804802
4.113 1.0821365773042
4.114 1.08246210623104
4.115 1.08278748677366
4.116 1.08311286731628
4.117 1.08343773716192
4.118 1.08376141538127
4.119 1.08408509360063
4.12 1.08440877181999
4.121 1.08473123844561
4.122 1.08505316073201
4.123 1.08537508301842
4.124 1.08569686054141
4.125 1.08601697328517
4.126 1.08633708602893
4.127 1.08665719877269
4.128 1.08697643583485
4.129 1.08729468542627
4.13 1.0876129350177
4.131 1.08793118460912
4.132 1.0882477857852
4.133 1.0885641186146
4.134 1.08888045144399
4.135 1.08919629168046
4.136 1.08951065413814
4.137 1.08982501659582
4.138 1.0901393790535
4.139 1.09045244616307
4.14 1.09076478463935
4.141 1.09107712311562
4.142 1.09138939926416
4.143 1.09169966014932
4.144 1.09200992103449
4.145 1.09232018191965
4.146 1.09262954770049
4.147 1.09293767738486
4.148 1.09324580706924
4.149 1.09355393675361
4.15 1.09386029674149
4.151 1.09416624161538
4.152 1.09447218648928
4.153 1.09477768367913
4.154 1.09508139013285
4.155 1.09538509658656
4.156 1.09568880304028
4.157 1.09599115719637
4.158 1.09629257162022
4.159 1.09659398604407
4.16 1.09689540046791
4.161 1.097194516165
4.162 1.09749358494929
4.163 1.09779265373358
4.164 1.09809083479564
4.165 1.09838750433068
4.166 1.09868417386572
4.167 1.09898084340076
4.168 1.099275648763
4.169 1.0995698654391
4.17 1.0998640821152
4.171 1.100157922821
4.172 1.10044963302846
4.173 1.10074134323593
4.174 1.1010330534434
4.175 1.10132338120856
4.176 1.1016125313377
4.177 1.10190168146684
4.178 1.10219083159598
4.179 1.10247755099527
4.18 1.10276408743639
4.181 1.10305062387752
4.182 1.10333630678337
4.183 1.10362017592679
4.184 1.10390404507021
4.185 1.10418791421363
4.186 1.10446985151279
4.187 1.10475099974881
4.188 1.10503214798482
4.189 1.10531301876913
4.19 1.10559139248806
4.191 1.10586976620699
4.192 1.10614813992592
4.193 1.10642512786272
4.194 1.10670067345486
4.195 1.10697621904701
4.196 1.10725176463915
4.197 1.1075247743032
4.198 1.10779743815888
4.199 1.10807010201455
4.2 1.10834197332676
4.201 1.10861170183627
4.202 1.10888143034578
4.203 1.10915115885529
4.204 1.10941891465393
4.205 1.10968565420758
4.206 1.10995239376123
4.207 1.11021898118661
4.208 1.11048267817471
4.209 1.11074637516281
4.21 1.11101007215091
4.211 1.11127240682191
4.212 1.11153300763478
4.213 1.11179360844765
4.214 1.11205420926051
4.215 1.11231219575188
4.216 1.11256964677982
4.217 1.11282709780775
4.218 1.11308384408887
4.219 1.11333809172218
4.22 1.11359233935549
4.221 1.11384658698881
4.222 1.11409884784949
4.223 1.11434983847849
4.224 1.11460082910748
4.225 1.11485181973648
4.226 1.11509949975147
4.227 1.11534717976647
4.228 1.11559485978146
4.229 1.11584122774922
4.23 1.11608554354052
4.231 1.11632985933181
4.232 1.11657417512311
4.233 1.11681582500437
4.234 1.11705672296228
4.235 1.11729762092019
4.236 1.11753792873277
4.237 1.1177753552476
4.238 1.11801278176243
4.239 1.11825020827726
4.24 1.11848566076234
4.241 1.11871956222403
4.242 1.11895346368572
4.243 1.11918736514741
4.244 1.11941786574487
4.245 1.11964818734948
4.246 1.1198785089541
4.247 1.12010759346599
4.248 1.1203342765626
4.249 1.12056095965921
4.25 1.12078764275582
4.251 1.12101162636186
4.252 1.12123461152619
4.253 1.12145759669052
4.254 1.12168013097206
4.255 1.12189935877983
4.256 1.1221185865876
4.257 1.12233781439536
4.258 1.1225550956449
4.259 1.12277050667183
4.26 1.12298591769876
4.261 1.12320132872569
4.262 1.123413251168
4.263 1.1236247859898
4.264 1.1238363208116
4.265 1.12404671430088
4.266 1.12425431349327
4.267 1.12446191268567
4.268 1.12466951187807
4.269 1.12487439443397
4.27 1.12507799857268
4.271 1.1252816027114
4.272 1.12548492303665
4.273 1.1256844726974
4.274 1.12588402235815
4.275 1.1260835720189
4.276 1.12628122928462
4.277 1.12647666504312
4.278 1.12667210080162
4.279 1.12686753656012
4.28 1.12705942499108
4.281 1.12725068742306
4.282 1.12744194985504
4.283 1.12763219642682
4.284 1.12781922610799
4.285 1.12800625578916
4.286 1.12819328547033
4.287 1.12837761108119
4.288 1.12856034858727
4.289 1.12874308609335
4.29 1.12892573656744
4.291 1.12910412247416
4.292 1.12928250838087
4.293 1.12946089428759
4.294 1.12963747167461
4.295 1.12981144655767
4.296 1.12998542144073
4.297 1.13015939632379
4.298 1.13032979484851
4.299 1.13049929928364
4.3 1.13066880371878
4.301 1.13083744747819
4.302 1.13100242204111
4.303 1.13116739660403
4.304 1.13133237116695
4.305 1.13149468393791
4.306 1.13165506920434
4.307 1.13181545447078
4.308 1.13197583973721
4.309 1.13213171574449
4.31 1.13228745229015
4.311 1.13244318883581
4.312 1.13259723044925
4.313 1.13274825884985
4.314 1.13289928725046
4.315 1.13305031565106
4.316 1.13319776837466
4.317 1.13334402920594
4.318 1.13349029003721
4.319 1.13363587508937
4.32 1.13377730892703
4.321 1.13391874276469
4.322 1.13406017660235
4.323 1.13419902063852
4.324 1.13433556805829
4.325 1.13447211547805
4.326 1.13460866289781
4.327 1.13474066014277
4.328 1.13487226172035
4.329 1.13500386329794
4.33 1.13513391324292
4.331 1.13526050955405
4.332 1.13538710586518
4.333 1.13551370217631
4.334 1.13563675320393
4.335 1.13575828482432
4.336 1.13587981644471
4.337 1.13600088689475
4.338 1.13611729440013
4.339 1.1362337019055
4.34 1.13635010941088
4.341 1.13646402881739
4.342 1.13657525278346
4.343 1.13668647674954
4.344 1.13679770071562
4.345 1.13690436330338
4.346 1.13701034430588
4.347 1.13711632530837
4.348 1.13722092769003
4.349 1.13732160630466
4.35 1.1374222849193
4.351 1.13752296353394
4.352 1.13762015697068
4.353 1.13771547377318
4.354 1.13781079057567
4.355 1.13790589052871
4.356 1.13799578609479
4.357 1.13808568166086
4.358 1.13817557722694
4.359 1.13826311610891
4.36 1.13834753101428
4.361 1.13843194591966
4.362 1.13851636082503
4.363 1.13859623286072
4.364 1.13867510768111
4.365 1.13875398250149
4.366 1.13883168142494
4.367 1.13890495673606
4.368 1.13897823204719
4.369 1.13905150735832
4.37 1.13912138730932
4.371 1.1391890036869
4.372 1.13925662006448
4.373 1.13932423644206
4.374 1.1393861916454
4.375 1.13944808966515
4.376 1.13950998768491
4.377 1.13956969014747
4.378 1.13962581038512
4.379 1.13968193062277
4.38 1.13973805086042
4.381 1.13978967644915
4.382 1.13983995948042
4.383 1.13989024251168
4.384 1.13993958208901
4.385 1.13998396853319
4.386 1.14002835497736
4.387 1.14007274142154
4.388 1.14011387177118
4.389 1.14015233804348
4.39 1.14019080431577
4.391 1.14022927058806
4.392 1.14026224423289
4.393 1.14029486728447
4.394 1.14032749033606
4.395 1.14035821630007
4.396 1.14038509060143
4.397 1.1404119649028
4.398 1.14043883920416
4.399 1.14046164242411
4.4 1.14048286244575
4.401 1.14050408246738
4.402 1.14052469090999
4.403 1.14054035112238
4.404 1.14055601133477
4.405 1.14057167154716
4.406 1.14058459909018
4.407 1.14059479396381
4.408 1.14060498883745
4.409 1.14061518371108
4.41 1.14062059851196
4.411 1.14062542251733
4.412 1.1406302465227
4.413 1.1406335931367
4.414 1.1406331407443
4.415 1.14063268835189
4.416 1.14063223595949
4.417 1.14062831167581
4.418 1.14062267735612
4.419 1.14061704303643
4.42 1.14061110346933
4.421 1.14060038169285
4.422 1.14058965991637
4.423 1.14057893813989
4.424 1.14056596951956
4.425 1.14055025475677
4.426 1.14053453999398
4.427 1.14051882523119
4.428 1.14049899571511
4.429 1.1404783824365
4.43 1.14045776915789
4.431 1.14043605094885
4.432 1.14041063362491
4.433 1.14038521630098
4.434 1.14035979897704
4.435 1.1403314617167
4.436 1.14030133481792
4.437 1.14027120791915
4.438 1.14024103486933
4.439 1.1402062928662
4.44 1.14017155086307
4.441 1.14013680885995
4.442 1.14010025860327
4.443 1.14006099596629
4.444 1.1400217333293
4.445 1.13998247069231
4.446 1.13993971138626
4.447 1.1398960225859
4.448 1.13985233378554
4.449 1.13980786528047
4.45 1.13975984478723
4.451 1.13971182429398
4.452 1.13966380380074
4.453 1.13961336809074
4.454 1.1395611103751
4.455 1.13950885265947
4.456 1.13945659494384
4.457 1.13940036018637
4.458 1.13934395971883
4.459 1.13928755925129
4.46 1.13922974188526
4.461 1.13916929313631
4.462 1.13910884438736
4.463 1.13904839563841
4.464 1.13898502106937
4.465 1.13892061850949
4.466 1.13885621594961
4.467 1.13879131167548
4.468 1.13872304977516
4.469 1.13865478787485
4.47 1.13858652597453
4.471 1.13851630634184
4.472 1.13844427957158
4.473 1.13837225280132
4.474 1.13830022603106
4.475 1.1382248591973
4.476 1.13814916202758
4.477 1.13807346485786
4.478 1.13799669490945
4.479 1.13791742181077
4.48 1.13783814871208
4.481 1.13775887561339
4.482 1.13767720030836
4.483 1.13759444575119
4.484 1.13751169119403
4.485 1.13742866567783
4.486 1.13734252413267
4.487 1.13725638258752
4.488 1.13717024104236
4.489 1.13708255201398
4.49 1.13699311795132
4.491 1.13690368388867
4.492 1.13681424982601
4.493 1.13672206544293
4.494 1.13662943333326
4.495 1.1365368012236
4.496 1.1364433932198
4.497 1.13634765753361
4.498 1.13625192184742
4.499 1.13615618616123
4.5 1.13605852464718
4.501 1.13595977985496
4.502 1.13586103506274
4.503 1.13576220283145
4.504 1.13566054340368
4.505 1.13555888397592
4.506 1.13545722454815
4.507 1.13535438065107
4.508 1.13524990105825
4.509 1.13514542146543
4.51 1.13504094187261
4.511 1.13493425446719
4.512 1.13482704917981
4.513 1.13471984389243
4.514 1.13461211236023
4.515 1.13450227584877
4.516 1.13439243933731
4.517 1.13428260282585
4.518 1.13417126962977
4.519 1.13405889636473
4.52 1.13394652309968
4.521 1.13383414983463
4.522 1.13371938313215
4.523 1.133604567584
4.524 1.13348975203586
4.525 1.13337406779705
4.526 1.1332569044363
4.527 1.13313974107555
4.528 1.1330225777148
4.529 1.13290370181404
4.53 1.13278428511116
4.531 1.13266486840829
4.532 1.13254512787468
4.533 1.13242355230018
4.534 1.13230197672568
4.535 1.13218040115118
4.536 1.13205771080006
4.537 1.13193407082442
4.538 1.13181043084878
4.539 1.13168679087314
4.54 1.13156131595968
4.541 1.13143570293261
4.542 1.13131008990555
4.543 1.13118385204978
4.544 1.13105628643302
4.545 1.13092872081626
4.546 1.1308011551995
4.547 1.13067216778993
4.548 1.13054259964808
4.549 1.13041303150623
4.55 1.13028325781606
4.551 1.13015163419111
4.552 1.13002001056616
4.553 1.12988838694121
4.554 1.12975573018013
4.555 1.12962199811408
4.556 1.12948826604803
4.557 1.12935453398198
4.558 1.12921889988472
4.559 1.12908300641956
4.56 1.12894711295441
4.561 1.12881062161284
4.562 1.12867251379058
4.563 1.12853440596832
4.564 1.12839629814606
4.565 1.12825669389582
4.566 1.12811631875845
4.567 1.12797594362108
4.568 1.12783545247006
4.569 1.12769275705957
4.57 1.12755006164908
4.571 1.12740736623859
4.572 1.12726362660641
4.573 1.12711855796481
4.574 1.12697348932321
4.575 1.1268284206816
4.576 1.12668133830303
4.577 1.1265338434723
4.578 1.12638634864157
4.579 1.12623830839847
4.58 1.12608833442062
4.581 1.12593836044277
4.582 1.12578838646492
4.583 1.12563686790294
4.584 1.12548436181997
4.585 1.12533185573699
4.586 1.12517934965401
4.587 1.1250242585079
4.588 1.12486916736178
4.589 1.12471407621567
4.59 1.12455795624131
4.591 1.12440022707407
4.592 1.12424249790682
4.593 1.12408476873957
4.594 1.1239249406086
4.595 1.12376452046221
4.596 1.12360410031582
4.597 1.12344321370012
4.598 1.12328004961659
4.599 1.12311688553306
4.6 1.12295372144953
4.601 1.12278899110472
4.602 1.12262303012605
4.603 1.12245706914738
4.604 1.1222911081687
4.605 1.12212243982954
4.606 1.12195362899771
4.607 1.12178481816588
4.608 1.12161502037827
4.609 1.12144330673529
4.61 1.12127159309231
4.611 1.12109987944933
4.612 1.12092600809487
4.613 1.12075133868274
4.614 1.12057666927061
4.615 1.12040163881121
4.616 1.12022396067192
4.617 1.12004628253263
4.618 1.11986860439333
4.619 1.11968936479461
4.62 1.11950862497015
4.621 1.11932788514569
4.622 1.11914714532123
4.623 1.11896360231792
4.624 1.1187797478503
4.625 1.11859589338267
4.626 1.11841112031071
4.627 1.11822409824191
4.628 1.11803707617312
4.629 1.11785005410432
4.63 1.11766084205529
4.631 1.11747059942732
4.632 1.11728035679935
4.633 1.11708988502518
4.634 1.11689636888003
4.635 1.11670285273489
4.636 1.11650933658974
4.637 1.11631429026601
4.638 1.11611744764568
4.639 1.11592060502535
4.64 1.11572376240502
4.641 1.11552404726648
4.642 1.11532382521297
4.643 1.11512360315946
4.644 1.11492255733206
4.645 1.11471890288736
4.646 1.11451524844266
4.647 1.11431159399796
4.648 1.11410574378327
4.649 1.11389860398938
4.65 1.11369146419548
4.651 1.11348425363545
4.652 1.11327357553436
4.653 1.11306289743328
4.654 1.11285221933219
4.655 1.11264006881237
4.656 1.11242579944609
4.657 1.1122115300798
4.658 1.11199726071352
4.659 1.11178007596867
4.66 1.11156216237918
4.661 1.11134424878969
4.662 1.11112563273578
4.663 1.11090402196508
4.664 1.11068241119439
4.665 1.11046080042369
4.666 1.11023701457226
4.667 1.11001165366235
4.668 1.10978629275245
4.669 1.10956093184255
4.67 1.10933188192835
4.671 1.10910271792124
4.672 1.10887355391412
4.673 1.10864300179262
4.674 1.10840998191219
4.675 1.10817696203176
4.676 1.10794394215134
4.677 1.10770801541091
4.678 1.10747111971715
4.679 1.10723422402339
4.68 1.10699679281244
4.681 1.10675607199588
4.682 1.10651535117932
4.683 1.10627463036275
4.684 1.10603191395288
4.685 1.10578742786591
4.686 1.10554294177894
4.687 1.10529845569198
4.688 1.10505056062045
4.689 1.10480236911547
4.69 1.1045541776105
4.691 1.10430485598019
4.692 1.10405301890962
4.693 1.10380118183905
4.694 1.10354934476847
4.695 1.10329499769866
4.696 1.10303957491488
4.697 1.10278415213111
4.698 1.10252841201986
4.699 1.10226946337528
4.7 1.1020105147307
4.701 1.10175156608612
4.702 1.10149095375751
4.703 1.10122853910453
4.704 1.10096612445155
4.705 1.10070370979857
4.706 1.10043833178986
4.707 1.10017251098088
4.708 1.0999066901719
4.709 1.09963999932398
4.71 1.0993708322114
4.711 1.09910166509882
4.712 1.09883249798623
4.713 1.09856119468037
4.714 1.09828874111659
4.715 1.0980162875528
4.716 1.09774370492507
4.717 1.09746802476248
4.718 1.0971923445999
4.719 1.09691666443731
4.72 1.09663962257378
4.721 1.09636077566479
4.722 1.0960819287558
4.723 1.09580308184682
4.724 1.09552168728475
4.725 1.09523973348177
4.726 1.09495777967879
4.727 1.09467518599707
4.728 1.09439018515249
4.729 1.0941051843079
4.73 1.09382018346332
4.731 1.09353339030522
4.732 1.09324540227144
4.733 1.09295741423766
4.734 1.09266942620388
4.735 1.09237854010666
4.736 1.09208762473608
4.737 1.0917967093655
4.738 1.09150470435085
4.739 1.09121092149587
4.74 1.09091713864089
4.741 1.09062335578592
4.742 1.0903274110543
4.743 1.09003082056732
4.744 1.08973423008035
4.745 1.08943719994864
4.746 1.08913786168206
4.747 1.08883852341549
4.748 1.08853918514892
4.749 1.08823836852239
4.75 1.08793634232862
4.751 1.08763431613485
4.752 1.08733228994109
4.753 1.08702779335701
4.754 1.08672313908844
4.755 1.08641848481987
4.756 1.08611298303791
4.757 1.08580576054695
4.758 1.08549853805599
4.759 1.08519131556503
4.76 1.08488228704767
4.761 1.08457255618672
4.762 1.08426282532576
4.763 1.08395282512787
4.764 1.08364064574931
4.765 1.08332846637076
4.766 1.08301628699221
4.767 1.08270291328106
4.768 1.08238834523731
4.769 1.08207377719357
4.77 1.08175920914982
4.771 1.08144256846269
4.772 1.08112567160614
4.773 1.0808087747496
4.774 1.08049124258415
4.775 1.08017207676721
4.776 1.07985291095028
4.777 1.07953374513334
4.778 1.07921309921405
4.779 1.07889172428912
4.78 1.07857034936419
4.781 1.07824884548393
4.782 1.07792532130341
4.783 1.07760179712289
4.784 1.07727827294237
4.785 1.07695380853041
4.786 1.07662819494669
4.787 1.07630258136297
4.788 1.07597696777926
4.789 1.07564964937287
4.79 1.07532200623837
4.791 1.07499436310386
4.792 1.07466626693872
4.793 1.07433665410583
4.794 1.07400704127293
4.795 1.07367742844003
4.796 1.07334663150262
4.797 1.07301510882372
4.798 1.07268358614483
4.799 1.07235204496601
4.8 1.07201867229352
4.801 1.07168529962104
4.802 1.07135192694856
4.803 1.0710178382196
4.804 1.07068267540593
4.805 1.07034751259225
4.806 1.07001234977858
4.807 1.06967582003676
4.808 1.0693389269343
4.809 1.06900203383184
4.81 1.06866484005083
4.811 1.06832627651197
4.812 1.06798771297312
4.813 1.06764914943427
4.814 1.06730966786254
4.815 1.06696949373969
4.816 1.06662931961685
4.817 1.066289145494
4.818 1.06594748261617
4.819 1.06560575770688
4.82 1.06526403279759
4.821 1.06492178393292
4.822 1.06457856200828
4.823 1.06423534008363
4.824 1.06389211815899
4.825 1.06354781980575
4.826 1.06320314324787
4.827 1.06285846668999
4.828 1.06251360637495
4.829 1.0621675163004
4.83 1.06182142622586
4.831 1.06147533615131
4.832 1.06112853242871
4.833 1.06078106995405
4.834 1.06043360747939
4.835 1.06008614500473
4.836 1.05973747106204
4.837 1.05938867730383
4.838 1.05903988354562
4.839 1.05869070273731
4.84 1.0583406188121
4.841 1.0579905348869
4.842 1.05764045096169
4.843 1.05728950519169
4.844 1.05693817221604
4.845 1.0565868392404
4.846 1.05623540963005
4.847 1.05588286872053
4.848 1.05553032781102
4.849 1.0551777869015
4.85 1.05482469758785
4.851 1.05447098986101
4.852 1.05411728213418
4.853 1.05376357440735
4.854 1.05340889857786
4.855 1.05305406515027
4.856 1.05269923172268
4.857 1.05234412714904
4.858 1.05198820913725
4.859 1.05163229112546
4.86 1.05127637311367
4.861 1.0509197872826
4.862 1.05056282580317
4.863 1.05020586432374
4.864 1.04984887277378
4.865 1.04949090894327
4.866 1.04913294511277
4.867 1.04877498128226
4.868 1.04841661373325
4.869 1.04805768866821
4.87 1.04769876360318
4.871 1.04733983853815
4.872 1.04698016817757
4.873 1.04662032299457
4.874 1.04626047781158
4.875 1.04590045682831
4.876 1.04553973264391
4.877 1.04517900845951
4.878 1.04481828427511
4.879 1.04445706573866
4.88 1.04409550366942
4.881 1.04373394160018
4.882 1.04337237953093
4.883 1.04301003662877
4.884 1.04264767779125
4.885 1.04228531895372
4.886 1.04192268052506
4.887 1.0415595660358
4.888 1.04119645154655
4.889 1.04083333705729
4.89 1.04046967952131
4.891 1.04010585049689
4.892 1.03974202147247
4.893 1.03937809143526
4.894 1.03901358899223
4.895 1.0386490865492
4.896 1.03828458410617
4.897 1.03791974022004
4.898 1.03755460547496
4.899 1.03718947072988
4.9 1.0368243359848
4.901 1.03645865143721
4.902 1.03609292550664
4.903 1.03572719957608
4.904 1.03536129762345
4.905 1.03499502162395
4.906 1.03462874562445
4.907 1.03426246962495
4.908 1.03389583226926
4.909 1.03352904731739
4.91 1.03316226236552
4.911 1.03279543063006
4.912 1.03242817784238
4.913 1.03206092505469
4.914 1.03169367226701
4.915 1.03132621038689
4.916 1.03095853087995
4.917 1.030590851373
4.918 1.03022317186606
4.919 1.02985515302875
4.92 1.02948708791912
4.921 1.02911902280948
4.922 1.02875086468859
4.923 1.02838245509282
4.924 1.02801404549705
4.925 1.02764563590127
4.926 1.02727702608158
4.927 1.02690831311623
4.928 1.02653960015088
4.929 1.02617087407288
4.93 1.02580189885452
4.931 1.02543292363615
4.932 1.02506394841778
4.933 1.02469487589938
4.934 1.02432567954455
4.935 1.02395648318973
4.936 1.0235872868349
4.937 1.02321794106356
4.938 1.02284856468883
4.939 1.02247918831411
4.94 1.02210978138065
4.941 1.02174026610258
4.942 1.02137075082451
4.943 1.02100123554645
4.944 1.02063166061844
4.945 1.0202620475536
4.946 1.01989243448875
4.947 1.0195228214239
4.948 1.01915315168883
4.949 1.01878348195376
4.95 1.01841381221868
4.951 1.01804413641768
4.952 1.01767445112895
4.953 1.01730476584021
4.954 1.01693508055147
4.955 1.0165654152018
4.956 1.01619575547596
4.957 1.01582609575012
4.958 1.01545644735978
4.959 1.0150868543134
4.96 1.01471726126701
4.961 1.01434766822062
4.962 1.01397813531774
4.963 1.01360864967047
4.964 1.0132391640232
4.965 1.01286967837593
4.966 1.01250030582039
4.967 1.01213093921704
4.968 1.0117615726137
4.969 1.01139223399404
4.97 1.01102294969566
4.971 1.01065366539728
4.972 1.01028438109889
4.973 1.00991512672357
4.974 1.00954588341568
4.975 1.00917664010778
4.976 1.00880739676102
4.977 1.00843815312914
4.978 1.00806890949727
4.979 1.0076996658654
4.98 1.00733040099791
4.981 1.00696111572758
4.982 1.00659183045725
4.983 1.00622254518692
4.984 1.00585318525896
4.985 1.00548381703571
4.986 1.00511444881245
4.987 1.00474504455165
4.988 1.004375552061
4.989 1.00400605957034
4.99 1.00363656707969
4.991 1.00326696199336
4.992 1.00289730392083
4.993 1.0025276458483
4.994 1.00215797329303
4.995 1.00178810832416
4.996 1.00141824335528
4.997 1.00104837838641
4.998 1.00067839924056
4.999 1.00030828606087
5 0.999938172881182
5.001 0.999568059701491
5.002 0.999197700425303
5.003 0.998827297720321
5.004 0.998456895015339
5.005 0.998086412908814
5.006 0.997715679364068
5.007 0.997344945819323
5.008 0.996974212274577
5.009 0.996603244272663
5.01 0.996232138573681
5.011 0.995861032874699
5.012 0.995489918906343
5.013 0.995118399738652
5.014 0.994746880570962
5.015 0.994375361403271
5.016 0.994003655774475
5.017 0.993631681823602
5.018 0.993259707872729
5.019 0.992887733921856
5.02 0.99251536309286
5.021 0.992142893044333
5.022 0.991770422995806
5.023 0.991397850838975
5.024 0.99102484337832
5.025 0.990651835917665
5.026 0.990278828457011
5.027 0.989905485334928
5.028 0.989531899147674
5.029 0.989158312960419
5.03 0.988784726773165
5.031 0.98841053914607
5.032 0.988036332917743
5.033 0.987662126689415
5.034 0.987287682373092
5.035 0.986912814789219
5.036 0.986537947205346
5.037 0.986163079621473
5.038 0.985787685035087
5.039 0.985412114781196
5.04 0.985036544527305
5.041 0.984660870115586
5.042 0.984284555877204
5.043 0.983908241638822
5.044 0.98353192740044
5.045 0.983155196953608
5.046 0.982778097416262
5.047 0.982400997878916
5.048 0.98202389834157
5.049 0.981646038319863
5.05 0.981268112169081
5.051 0.980890186018299
5.052 0.980511990809866
5.053 0.980133196731175
5.054 0.979754402652483
5.055 0.979375608573792
5.056 0.978996178025434
5.057 0.978616474704361
5.058 0.978236771383288
5.059 0.977856982512098
5.06 0.97747632863417
5.061 0.977095674756243
5.062 0.976715020878315
5.063 0.976333890902151
5.064 0.975952245152896
5.065 0.975570599403641
5.066 0.975188953654386
5.067 0.974806409033485
5.068 0.97442373009843
5.069 0.974041051163375
5.07 0.973658092858249
5.071 0.973274339422921
5.072 0.972890585987593
5.073 0.972506832552264
5.074 0.972122353837352
5.075 0.971737484587279
5.076 0.971352615337205
5.077 0.970967699801963
5.078 0.970581673422671
5.079 0.970195647043379
5.08 0.969809620664087
5.081 0.969423078954008
5.082 0.969035854131026
5.083 0.968648629308043
5.084 0.96826140448506
5.085 0.967873163060383
5.086 0.967484698479236
5.087 0.967096233898089
5.088 0.966707500291689
5.089 0.966317754637905
5.09 0.965928008984122
5.091 0.965538263330339
5.092 0.96514772424429
5.093 0.964756656203398
5.094 0.964365588162506
5.095 0.963974520121613
5.096 0.963582120968853
5.097 0.963189708370518
5.098 0.962797295772184
5.099 0.962404443522297
5.1 0.962010873946193
5.101 0.96161730437009
5.102 0.961223734793986
5.103 0.960829518482755
5.104 0.9604351089909
5.105 0.960040699499045
5.106 0.959646206656224
5.107 0.959251276220833
5.108 0.958856345785442
5.109 0.958461415350051
5.11 0.958066373830433
5.111 0.95767124142372
5.112 0.957276109017007
5.113 0.956880976610294
5.114 0.956485954184421
5.115 0.956090938778601
5.116 0.955695923372781
5.117 0.955301051838087
5.118 0.954906472405375
5.119 0.954511892972663
5.12 0.954117313539951
5.121 0.953723277667872
5.122 0.953329453180483
5.123 0.952935628693093
5.124 0.952541922336634
5.125 0.952149171766782
5.126 0.95175642119693
5.127 0.951363670627078
5.128 0.950971616502102
5.129 0.950580258822002
5.13 0.950188901141903
5.131 0.949797543461803
5.132 0.949407709338854
5.133 0.949018063520721
5.134 0.948628417702588
5.135 0.948239340518027
5.136 0.947851725534076
5.137 0.947464110550125
5.138 0.947076495566175
5.139 0.946690454952509
5.14 0.946305189774955
5.141 0.945919924597401
5.142 0.945534819546563
5.143 0.945152223147621
5.144 0.944769626748677
5.145 0.944387030349734
5.146 0.944005778438663
5.147 0.943626169790546
5.148 0.94324656114243
5.149 0.942866952494313
5.15 0.94249012149355
5.151 0.942113819568475
5.152 0.941737517643399
5.153 0.941362049628231
5.154 0.940989373398412
5.155 0.940616697168592
5.156 0.940244020938772
5.157 0.939873790402783
5.158 0.939505058840433
5.159 0.939136327278083
5.16 0.93876763835213
5.161 0.938403170429466
5.162 0.938038702506802
5.163 0.937674234584137
5.164 0.937311599706233
5.165 0.936951714395469
5.166 0.936591829084705
5.167 0.93623194377394
5.168 0.935875930714627
5.169 0.935520946987977
5.17 0.935165963261328
5.171 0.934811919234817
5.172 0.934462156064498
5.173 0.934112392894177
5.174 0.933762629723857
5.175 0.93341602408480
5.176 0.933071800443033
5.177 0.932727576801257
5.178 0.932383353159482
5.179 0.932044753678435
5.18 0.931706388537419
5.181 0.931368023396403
5.182 0.931031820370927
5.183 0.930699632702885
5.184 0.930367445034843
5.185 0.930035257366801
5.186 0.929707877068198
5.187 0.929382185845344
5.188 0.929056494622491
5.189 0.928731682836974
5.19 0.928412756516711
5.191 0.928093830196448
5.192 0.927774903876185
5.193 0.927459483892062
5.194 0.927147300525914
5.195 0.926835117159766
5.196 0.926522933793618
5.197 0.926216772289104
5.198 0.925911206353322
5.199 0.925605640417541
5.2 0.925302022015413
5.201 0.925002947858478
5.202 0.924703873701543
5.203 0.924404799544607
5.204 0.924110118015527
5.205 0.923817409985917
5.206 0.923524701956308
5.207 0.923232493164763
5.208 0.922946025610958
5.209 0.922659558057153
5.21 0.922373090503349
5.211 0.922089496916958
5.212 0.921809144187438
5.213 0.921528791457919
5.214 0.921248438728399
5.215 0.920973236687456
5.216 0.9206988731307
5.217 0.920424509573944
5.218 0.920151611897499
5.219 0.919883111861987
5.22 0.919614611826475
5.221 0.919346111790963
5.222 0.919081283992074
5.223 0.918818521826286
5.224 0.918555759660497
5.225 0.918293165861254
5.226 0.918036015913668
5.227 0.917778865966082
5.228 0.917521716018496
5.229 0.917266870428916
5.23 0.917015207048012
5.231 0.916763543667109
5.232 0.916511880286205
5.233 0.916264559246582
5.234 0.91601825678084
5.235 0.915771954315098
5.236 0.915526698902084
5.237 0.915285631699983
5.238 0.915044564497882
5.239 0.914803497295781
5.24 0.914565444764831
5.241 0.914329487174851
5.242 0.914093529584871
5.243 0.91385757199489
5.244 0.913626498686299
5.245 0.913395525056918
5.246 0.913164551427538
5.247 0.912935375372518
5.248 0.912709260052218
5.249 0.912483144731917
5.25 0.912257029411617
5.251 0.912034510911062
5.252 0.911813128248321
5.253 0.91159174558558
5.254 0.911371053973745
5.255 0.911154278317043
5.256 0.910937502660341
5.257 0.910720727003639
5.258 0.910506371278377
5.259 0.910294076976193
5.26 0.910081782674009
5.261 0.909869488371825
5.262 0.909661244873429
5.263 0.909453306274243
5.264 0.909245367675057
5.265 0.909038782692343
5.266 0.908835074144634
5.267 0.908631365596925
5.268 0.908427657049217
5.269 0.908226862625477
5.27 0.908027258477725
5.271 0.907827654329974
5.272 0.907628448057065
5.273 0.90743282265775
5.274 0.907237197258434
5.275 0.907041571859118
5.276 0.906847834477291
5.277 0.906656062174892
5.278 0.906464289872492
5.279 0.906272517570093
5.28 0.906084025419641
5.281 0.905895980562637
5.282 0.905707935705632
5.283 0.905520863332974
5.284 0.905336420269844
5.285 0.905151977206715
5.286 0.904967534143585
5.287 0.904785385334409
5.288 0.904604418413634
5.289 0.904423451492859
5.29 0.904242652096625
5.291 0.904065035666684
5.292 0.903887419236743
5.293 0.903709802806802
5.294 0.903533605306159
5.295 0.903359213715531
5.296 0.903184822124903
5.297 0.903010430534275
5.298 0.902838611269515
5.299 0.90266731886668
5.3 0.902496026463845
5.301 0.90232538823899
5.302 0.902157069372427
5.303 0.901988750505865
5.304 0.901820431639302
5.305 0.901653849982438
5.306 0.901488379000628
5.307 0.901322908018817
5.308 0.901157437037006
5.309 0.900994688288427
5.31 0.900831939539848
5.311 0.900669190791269
5.312 0.900507454709557
5.313 0.900347302542689
5.314 0.90018715037582
5.315 0.900026998208952
5.316 0.899868773367632
5.317 0.899711092130954
5.318 0.899553410894277
5.319 0.899396128354973
5.32 0.899240792396965
5.321 0.899085456438957
5.322 0.898930120480949
5.323 0.898776028541424
5.324 0.898622914044992
5.325 0.898469799548559
5.326 0.898316685052127
5.327 0.898165622352458
5.328 0.898014667642092
5.329 0.897863712931727
5.33 0.897713497346175
5.331 0.897564716532319
5.332 0.897415935718463
5.333 0.897267154904607
5.334 0.897119974691672
5.335 0.896973386481817
5.336 0.896826798271962
5.337 0.896680475419487
5.338 0.896536098521124
5.339 0.896391721622762
5.34 0.8962473447244
5.341 0.89610410513572
5.342 0.895961958256342
5.343 0.895819811376965
5.344 0.895677664497587
5.345 0.895537541472038
5.346 0.895397643319136
5.347 0.895257745166234
5.348 0.895118504569183
5.349 0.894980873850249
5.35 0.894843243131315
5.351 0.894705612412381
5.352 0.894569536269639
5.353 0.894434191692164
5.354 0.894298847114689
5.355 0.89416366387664
5.356 0.894030624148116
5.357 0.893897584419592
5.358 0.893764544691067
5.359 0.893632573798506
5.36 0.893501857626425
5.361 0.893371141454343
5.362 0.893240425282261
5.363 0.893111700034523
5.364 0.892983326126376
5.365 0.892854952218228
5.366 0.892727144943223
5.367 0.892601132006501
5.368 0.892475119069779
5.369 0.892349106133057
5.37 0.892224592394053
5.371 0.892100959136248
5.372 0.891977325878443
5.373 0.891853740588366
5.374 0.89173250571697
5.375 0.891611270845574
5.376 0.891490035974179
5.377 0.891369792111282
5.378 0.891250974333787
5.379 0.891132156556291
5.38 0.891013338778796
5.381 0.890896469642414
5.382 0.890780087666311
5.383 0.890663705690208
5.384 0.890547790070792
5.385 0.890433862603573
5.386 0.890319935136354
5.387 0.890206007669134
5.388 0.890093514667412
5.389 0.889982060416568
5.39 0.889870606165724
5.391 0.88975915191488
5.392 0.889650114830187
5.393 0.88954115250321
5.394 0.889432190176232
5.395 0.889324131676544
5.396 0.889217679980926
5.397 0.889111228285307
5.398 0.889004776589689
5.399 0.888900221898208
5.4 0.88879629954144
5.401 0.888692377184672
5.402 0.888588811554391
5.403 0.888487437243965
5.404 0.888386062933538
5.405 0.888284688623111
5.406 0.888184674692217
5.407 0.888085867135624
5.408 0.887987059579031
5.409 0.887888252022437
5.41 0.887791823090263
5.411 0.887695600994996
5.412 0.887599378899728
5.413 0.887503964096793
5.414 0.887410346170342
5.415 0.887316728243891
5.416 0.887223110317439
5.417 0.887131328404404
5.418 0.88704033335426
5.419 0.886949338304117
5.42 0.886858580996516
5.421 0.886770227530173
5.422 0.88668187406383
5.423 0.886593520597487
5.424 0.886506444070964
5.425 0.886420750895913
5.426 0.886335057720861
5.427 0.88624936454581
5.428 0.886166002099699
5.429 0.886082987923431
5.43 0.885999973747162
5.431 0.885917660974525
5.432 0.885837344504531
5.433 0.885757028034537
5.434 0.885676711564544
5.435 0.885598160763498
5.436 0.885520560707271
5.437 0.885442960651044
5.438 0.885365469999667
5.439 0.885290605064698
5.44 0.885215740129728
5.441 0.885140875194759
5.442 0.885067194406152
5.443 0.884995083299932
5.444 0.884922972193712
5.445 0.884850861087493
5.446 0.884781023460991
5.447 0.884711684891013
5.448 0.884642346321035
5.449 0.88457359391224
5.45 0.884507046585995
5.451 0.884440499259749
5.452 0.884373951933503
5.453 0.884309090577992
5.454 0.884245353202971
5.455 0.88418161582795
5.456 0.884117878452928
5.457 0.884056941450036
5.458 0.883996032733731
5.459 0.883935124017426
5.46 0.88387529730028
5.461 0.883817235950182
5.462 0.883759174600085
5.463 0.883701113249987
5.464 0.883645258776638
5.465 0.88359006350024
5.466 0.883534868223842
5.467 0.883480134384119
5.468 0.883427823086935
5.469 0.883375511789751
5.47 0.883323200492568
5.471 0.883272473554421
5.472 0.883223042910032
5.473 0.883173612265643
5.474 0.883124181621253
5.475 0.883077434131966
5.476 0.883030857907898
5.477 0.88298428168383
5.478 0.882938638386408
5.479 0.882894889212784
5.48 0.88285114003916
5.481 0.882807390865537
5.482 0.882765657461921
5.483 0.882724707968864
5.484 0.882683758475807
5.485 0.882643113936926
5.486 0.882604936754558
5.487 0.88256675957219
5.488 0.882528582389823
5.489 0.882491777677862
5.49 0.882456345436307
5.491 0.882420913194752
5.492 0.882385480953197
5.493 0.882352467349774
5.494 0.882319752679154
5.495 0.882287038008534
5.496 0.882255076594211
5.497 0.882225052124649
5.498 0.882195027655087
5.499 0.882165003185525
5.5 0.882136762812854
5.501 0.882109401174473
5.502 0.882082039536092
5.503 0.882054836025388
5.504 0.882030109848311
5.505 0.882005383671233
5.506 0.881980657494156
5.507 0.88195710495822
5.508 0.881934986872568
5.509 0.881912868786916
5.51 0.881890750701264
5.511 0.881870800421714
5.512 0.881851263057611
5.513 0.881831725693509
5.514 0.881812775600291
5.515 0.88179579158786
5.516 0.881778807575429
5.517 0.881761823562999
5.518 0.88174640565928
5.519 0.881731947628644
5.52 0.881717489598007
5.521 0.88170305655349
5.522 0.881691097134771
5.523 0.881679137716052
5.524 0.881667178297332
5.525 0.881656207375429
5.526 0.88164671919875
5.527 0.881637231022072
5.528 0.881627742845393
5.529 0.881620185327722
5.53 0.881613141023206
5.531 0.881606096718689
5.532 0.881599487384584
5.533 0.881594859582354
5.534 0.881590231780123
5.535 0.881585603977892
5.536 0.881582337981134
5.537 0.881580099311312
5.538 0.881577860641489
5.539 0.881575621971667
5.54 0.881575650593874
5.541 0.881575773686583
5.542 0.881575896779291
5.543 0.881576836909429
5.544 0.881579294394792
5.545 0.881581751880154
5.546 0.881584209365517
5.547 0.881588374047734
5.548 0.881593138555873
5.549 0.881597903064011
5.55 0.881602963927027
5.551 0.881610008088066
5.552 0.881617052249104
5.553 0.881624096410142
5.554 0.881632311758353
5.555 0.881641608202413
5.556 0.881650904646474
5.557 0.881660201090535
5.558 0.881671522205557
5.559 0.881683043562762
5.56 0.881694564919967
5.561 0.881706745540153
5.562 0.881720464440626
5.563 0.881734183341099
5.564 0.881747902241572
5.565 0.881763118561685
5.566 0.881779007635548
5.567 0.881794896709412
5.568 0.881810957207556
5.569 0.881828989084933
5.57 0.881847020962309
5.571 0.881865052839686
5.572 0.881884078970871
5.573 0.881904226281883
5.574 0.881924373592896
5.575 0.881944520903908
5.576 0.881966463949754
5.577 0.881988699324525
5.578 0.882010934699296
5.579 0.882033685247538
5.58 0.882057981316191
5.581 0.882082277384843
5.582 0.882106573453496
5.583 0.882132170849511
5.584 0.882158500242168
5.585 0.882184829634825
5.586 0.882211219206105
5.587 0.882239554552889
5.588 0.882267889899673
5.589 0.882296225246457
5.59 0.882325391598626
5.591 0.88235570552966
5.592 0.882386019460693
5.593 0.882416333391727
5.594 0.882448227806402
5.595 0.882480492951808
5.596 0.882512758097214
5.597 0.882545408011519
5.598 0.882579597001421
5.599 0.882613785991322
5.6 0.882647974981223
5.601 0.882683282891149
5.602 0.882719368355668
5.603 0.882755453820187
5.604 0.882791539284707
5.605 0.882829456471872
5.606 0.882867411041132
5.607 0.882905365610392
5.608 0.882944001621552
5.609 0.882983797925676
5.61 0.883023594229799
5.611 0.883063390533923
5.612 0.883104567089246
5.613 0.883146179513369
5.614 0.883187791937493
5.615 0.883229678514807
5.616 0.883273118626872
5.617 0.883316558738936
5.618 0.883359998851001
5.619 0.88340445132922
5.62 0.883449766193421
5.621 0.883495081057623
5.622 0.883540395921824
5.623 0.883587499393465
5.624 0.883634737491472
5.625 0.883681975589479
5.626 0.883729844636438
5.627 0.88377905444992
5.628 0.883828264263402
5.629 0.883877474076883
5.63 0.883928118230337
5.631 0.883979348240963
5.632 0.884030578251588
5.633 0.884082015130095
5.634 0.884135313819533
5.635 0.884188612508971
5.636 0.88424191119841
5.637 0.884296247296484
5.638 0.884351663146404
5.639 0.884407078996324
5.64 0.884462494846244
5.641 0.884519816461256
5.642 0.884577397953327
5.643 0.884634979445398
5.644 0.8846931587509
5.645 0.884752954366791
5.646 0.884812749982682
5.647 0.884872545598572
5.648 0.884933834534085
5.649 0.884995892755465
5.65 0.885057950976844
5.651 0.885120124752582
5.652 0.885184494061119
5.653 0.885248863369657
5.654 0.885313232678194
5.655 0.885378640197015
5.656 0.88544536907438
5.657 0.885512097951744
5.658 0.885578826829109
5.659 0.885647554388385
5.66 0.885716691316245
5.661 0.885785828244105
5.662 0.885855505609042
5.663 0.885927099069067
5.664 0.885998692529092
5.665 0.886070285989118
5.666 0.886143407507582
5.667 0.886217505981441
5.668 0.886291604455301
5.669 0.88636570292916
5.67 0.886442354898522
5.671 0.886519006867885
5.672 0.886595658837247
5.673 0.886673325577707
5.674 0.886752579524241
5.675 0.886831833470776
5.676 0.886911087417311
5.677 0.886992408721741
5.678 0.887074313127117
5.679 0.887156217532492
5.68 0.887238580757755
5.681 0.887323184103641
5.682 0.887407787449526
5.683 0.887492390795412
5.684 0.887578532697718
5.685 0.887665883465784
5.686 0.887753234233849
5.687 0.887840585001914
5.688 0.887930591878635
5.689 0.888020738550548
5.69 0.888110885222461
5.691 0.88820199898545
5.692 0.888294990042881
5.693 0.888387981100311
5.694 0.888480972157742
5.695 0.888576075008219
5.696 0.888671958932836
5.697 0.888767842857453
5.698 0.888864079743933
5.699 0.888962905017405
5.7 0.889061730290877
5.701 0.889160555564349
5.702 0.889260905651388
5.703 0.889362720755385
5.704 0.889464535859382
5.705 0.889566350963378
5.706 0.889670900548349
5.707 0.889775753964539
5.708 0.889880607380729
5.709 0.889986355967139
5.71 0.890094296177192
5.711 0.890202236387244
5.712 0.890310176597296
5.713 0.89042024879471
5.714 0.890531324280294
5.715 0.890642399765878
5.716 0.890753698114466
5.717 0.89086795735725
5.718 0.890982216600035
5.719 0.891096475842819
5.72 0.891212221915484
5.721 0.891329713397138
5.722 0.891447204878792
5.723 0.891564696360446
5.724 0.891684976454558
5.725 0.89180574865675
5.726 0.891926520858943
5.727 0.892048092069665
5.728 0.892172193474065
5.729 0.892296294878466
5.73 0.892420396282866
5.731 0.892546625628108
5.732 0.892674104716385
5.733 0.892801583804662
5.734 0.89292913141625
5.735 0.893060036670072
5.736 0.893190941923894
5.737 0.893321847177717
5.738 0.893454177036897
5.739 0.893588556937935
5.74 0.893722936838972
5.741 0.89385731674001
5.742 0.893994515144154
5.743 0.894132418174075
5.744 0.894270321203996
5.745 0.894408902839922
5.746 0.894550377480396
5.747 0.894691852120869
5.748 0.894833326761343
5.749 0.894976901055305
5.75 0.895121995788001
5.751 0.895267090520697
5.752 0.895412185253392
5.753 0.895560838502762
5.754 0.895709601809348
5.755 0.895858365115935
5.756 0.896008466557624
5.757 0.896160946906164
5.758 0.896313427254704
5.759 0.896465907603243
5.76 0.896621193452265
5.761 0.896777414468113
5.762 0.896933635483962
5.763 0.897090372828805
5.764 0.8972502819089
5.765 0.897410190988994
5.766 0.897570100069089
5.767 0.897731928220434
5.768 0.897895458189682
5.769 0.89805898815893
5.77 0.898222518128178
5.771 0.898389317514363
5.772 0.898556401197672
5.773 0.898723484880981
5.774 0.898891649391371
5.775 0.89906221961365
5.776 0.899232789835929
5.777 0.899403360058207
5.778 0.8995763238352
5.779 0.899750313421356
5.78 0.899924303007512
5.781 0.900098594290659
5.782 0.9002759360656
5.783 0.900453277840541
5.784 0.900630619615482
5.785 0.900809538196995
5.786 0.90099016498563
5.787 0.901170791774264
5.788 0.901351418562898
5.789 0.901534844871114
5.79 0.901718689498349
5.791 0.901902534125584
5.792 0.902087197925331
5.793 0.902274193216075
5.794 0.90246118850682
5.795 0.902648183797564
5.796 0.902837183355779
5.797 0.903027262134939
5.798 0.9032173409141
5.799 0.903407540345795
5.8 0.90360063543828
5.801 0.903793730530766
5.802 0.903986825623251
5.803 0.904181188845177
5.804 0.904377233075895
5.805 0.904573277306613
5.806 0.904769321537332
5.807 0.904967728977825
5.808 0.905166655171684
5.809 0.905365581365543
5.81 0.905565098664892
5.811 0.905766839646799
5.812 0.905968580628706
5.813 0.906170321610613
5.814 0.906373711160295
5.815 0.906578199755159
5.816 0.906782688350022
5.817 0.906987176944886
5.818 0.907194319173236
5.819 0.907401488205964
5.82 0.907608657238692
5.821 0.907816819311273
5.822 0.908026601606773
5.823 0.908236383902274
5.824 0.908446166197774
5.825 0.908657908980788
5.826 0.908870237363969
5.827 0.909082565747149
5.828 0.909295290756344
5.829 0.909510098052112
5.83 0.909724905347881
5.831 0.909939712643649
5.832 0.910155846395041
5.833 0.910373065428305
5.834 0.91059028446157
5.835 0.910807503494835
5.836 0.911026926416759
5.837 0.911246490012428
5.838 0.911466053608096
5.839 0.911686368741578
5.84 0.911908209724558
5.841 0.912130050707538
5.842 0.912351891690519
5.843 0.912575324026297
5.844 0.912799375221498
5.845 0.913023426416698
5.846 0.913247713345982
5.847 0.91347390757831
5.848 0.913700101810638
5.849 0.913926296042966
5.85 0.914153528206312
5.851 0.914381798300675
5.852 0.914610068395039
5.853 0.914838338489402
5.854 0.915068396315145
5.855 0.915298675096452
5.856 0.915528953877759
5.857 0.915759776282384
5.858 0.915991996575543
5.859 0.916224216868701
5.86 0.91645643716186
5.861 0.916689913260647
5.862 0.916924007890564
5.863 0.917158102520482
5.864 0.9173923055801
5.865 0.917628207371685
5.866 0.91786410916327
5.867 0.918100010954855
5.868 0.918336695740399
5.869 0.91857433751856
5.87 0.91881197929672
5.871 0.919049621074881
5.872 0.919288668014687
5.873 0.91952798260433
5.874 0.919767297193974
5.875 0.920006981079987
5.876 0.920247901306021
5.877 0.920488821532056
5.878 0.92072974175809
5.879 0.92097161583013
5.88 0.921214074517463
5.881 0.921456533204797
5.882 0.921699006604992
5.883 0.921942936578533
5.884 0.922186866552073
5.885 0.922430796525613
5.886 0.922675288143599
5.887 0.922920622228254
5.888 0.923165956312909
5.889 0.923411290397564
5.89 0.923657680661677
5.891 0.923904351682355
5.892 0.924151022703033
5.893 0.924397922280678
5.894 0.924645863062287
5.895 0.924893803843895
5.896 0.925141744625503
5.897 0.92539037088104
5.898 0.925639514248487
5.899 0.925888657615934
5.9 0.926137800983381
5.901 0.926388035139386
5.902 0.926638314744915
5.903 0.926888594350444
5.904 0.927139252558223
5.905 0.927390613884467
5.906 0.927641975210712
5.907 0.927893336536956
5.908 0.928145464530985
5.909 0.928397861894775
5.91 0.928650259258565
5.911 0.928902785395987
5.912 0.929156173326182
5.913 0.929409561256377
5.914 0.929662949186571
5.915 0.929916828566303
5.916 0.930171161591761
5.917 0.930425494617219
5.918 0.930679827642678
5.919 0.930934979326087
5.92 0.931190211975668
5.921 0.931445444625249
5.922 0.931700933520723
5.923 0.931957020323286
5.924 0.932213107125848
5.925 0.93246919392841
5.926 0.932725838721442
5.927 0.932982734205845
5.928 0.933239629690247
5.929 0.933496586231506
5.93 0.933754244926609
5.931 0.934011903621711
5.932 0.934269562316814
5.933 0.934527558349509
5.934 0.93478593478417
5.935 0.935044311218831
5.936 0.935302687653492
5.937 0.935561642238993
5.938 0.935820690942071
5.939 0.936079739645149
5.94 0.936338945047547
5.941 0.936598620547902
5.942 0.936858296048258
5.943 0.937117971548613
5.944 0.937378019097695
5.945 0.937638275924186
5.946 0.937898532750677
5.947 0.938158805652818
5.948 0.938419598334303
5.949 0.938680391015789
5.95 0.938941183697274
5.951 0.939202182339979
5.952 0.939463465405318
5.953 0.939724748470657
5.954 0.939986031535997
5.955 0.940247674980633
5.956 0.940509402958685
5.957 0.940771130936737
5.958 0.941032938803103
5.959 0.941295066222727
5.96 0.94155719364235
5.961 0.941819321061974
5.962 0.942081657324152
5.963 0.942344138714206
5.964 0.942606620104261
5.965 0.942869101494315
5.966 0.943131885213673
5.967 0.943394675103017
5.968 0.943657464992361
5.969 0.94392035220212
5.97 0.944183405119613
5.971 0.944446458037106
5.972 0.9447095109546
5.973 0.944972729215418
5.974 0.945235999689919
5.975 0.94549927016442
5.976 0.9457625664518
5.977 0.946026009012168
5.978 0.946289451572535
5.979 0.946552894132903
5.98 0.946816405065222
5.981 0.947079974240315
5.982 0.947343543415408
5.983 0.947607112590502
5.984 0.947870757229129
5.985 0.948134407547807
5.986 0.948398057866485
5.987 0.948661719600345
5.988 0.948925405591467
5.989 0.949189091582589
5.99 0.949452777573711
5.991 0.949716456607758
5.992 0.949980132800182
5.993 0.950243808992607
5.994 0.950507479658048
5.995 0.950771100580634
5.996 0.951034721503221
5.997 0.951298342425808
5.998 0.951561913985315
5.999 0.951825434166922
6 0.95208895434853
6.001 0.952352474530137
6.002 0.952615866045079
6.003 0.952879240014567
6.004 0.953142613984054
6.005 0.953405936199061
6.006 0.953669118485287
6.007 0.953932300771513
6.008 0.954195483057739
6.009 0.95445850882206
6.01 0.954721453953884
6.011 0.954984399085708
6.012 0.955247330086255
6.013 0.955509992592536
6.014 0.955772655098818
6.015 0.956035317605099
6.016 0.956297835748839
6.017 0.956560170158436
6.018 0.956822504568033
6.019 0.957084838977631
6.02 0.957346863325933
6.021 0.957608824167704
6.022 0.957870785009476
6.023 0.958132653662675
6.024 0.958394195465481
6.025 0.958655737268288
6.026 0.958917279071094
6.027 0.959178537522734
6.028 0.959439614815433
6.029 0.959700692108132
6.03 0.959961769400831
6.031 0.960222336712282
6.032 0.960482904023733
6.033 0.960743471335184
6.034 0.961003822020203
6.035 0.961263833879265
6.036 0.961523845738327
6.037 0.961783857597389
6.038 0.962043400736098
6.039 0.96230281167163
6.04 0.962562222607163
6.041 0.962821523655601
6.042 0.963080288196462
6.043 0.963339052737323
6.044 0.963597817278184
6.045 0.96385619501698
6.046 0.964114268839867
6.047 0.964372342662754
6.048 0.964630416485642
6.049 0.964887805082418
6.05 0.965145157614661
6.051 0.965402510146905
6.052 0.965659610128928
6.053 0.965916219866403
6.054 0.966172829603878
6.055 0.966429439341354
6.056 0.966685491257622
6.057 0.966941336856457
6.058 0.967197182455293
6.059 0.967452933796227
6.06 0.967707993912551
6.061 0.967963054028874
6.062 0.968218114145198
6.063 0.968472762780066
6.064 0.968727016070007
6.065 0.968981269359948
6.066 0.969235522649888
6.067 0.969489030586599
6.068 0.969742455706285
6.069 0.96999588082597
6.07 0.970249059586559
6.071 0.970501635192118
6.072 0.970754210797677
6.073 0.971006786403236
6.074 0.971258769825356
6.075 0.971510474572917
6.076 0.971762179320478
6.077 0.972013821613907
6.078 0.972264634159598
6.079 0.972515446705288
6.08 0.972766259250979
6.081 0.973016651565629
6.082 0.973266550565577
6.083 0.973516449565527
6.084 0.973766348565476
6.085 0.974015452909253
6.086 0.974264417019589
6.087 0.974513381129925
6.088 0.974762115744224
6.089 0.975010123621075
6.09 0.975258131497925
6.091 0.975506139374776
6.092 0.975753531377892
6.093 0.976000561677386
6.094 0.976247591976881
6.095 0.97649460229795
6.096 0.976740633676216
6.097 0.976986665054482
6.098 0.977232696432747
6.099 0.977478309502322
6.1 0.977723320615488
6.101 0.977968331728654
6.102 0.97821334284182
6.103 0.978457520667808
6.104 0.978701490172003
6.105 0.978945459676197
6.106 0.979189227219351
6.107 0.979432133770701
6.108 0.979675040322052
6.109 0.979917946873403
6.11 0.980160224532659
6.111 0.980402046787295
6.112 0.980643869041931
6.113 0.980885691296567
6.114 0.981126441079834
6.115 0.981367157693883
6.116 0.981607874307933
6.117 0.981848185207577
6.118 0.982087774837167
6.119 0.982327364466758
6.12 0.982566954096349
6.121 0.982805682479693
6.122 0.983044123780954
6.123 0.983282565082215
6.124 0.983520842629368
6.125 0.983758114258427
6.126 0.983995385887486
6.127 0.984232657516545
6.128 0.984469297907086
6.129 0.984705378520072
6.13 0.984941459133058
6.131 0.985177539746044
6.132 0.985412504987881
6.133 0.985647373240922
6.134 0.985882241493963
6.135 0.98611672729882
6.136 0.986350361848045
6.137 0.986583996397269
6.138 0.986817630946493
6.139 0.987050386962335
6.14 0.987282766463871
6.141 0.987515145965407
6.142 0.987747410591703
6.143 0.987978513701679
6.144 0.988209616811655
6.145 0.988440719921631
6.146 0.9886712001186
6.147 0.988901005493145
6.148 0.989130810867689
6.149 0.989360616242233
6.15 0.989589274017784
6.151 0.989817760313025
6.152 0.990046246608266
6.153 0.990274384393481
6.154 0.990501530265547
6.155 0.990728676137613
6.156 0.990955822009679
6.157 0.991182082733165
6.158 0.991407866838185
6.159 0.991633650943204
6.16 0.991859379723787
6.161 0.992083780717888
6.162 0.992308181711989
6.163 0.99253258270609
6.164 0.992756379784632
6.165 0.992979376323943
6.166 0.993202372863253
6.167 0.993425369402564
6.168 0.993647196786973
6.169 0.993868767527622
6.17 0.994090338268272
6.171 0.994311605108989
6.172 0.994531728707105
6.173 0.994751852305221
6.174 0.994971975903338
6.175 0.995191218409611
6.176 0.995409873521322
6.177 0.995628528633033
6.178 0.995847183744744
6.179 0.996064363924481
6.18 0.996281529205915
6.181 0.99649869448735
6.182 0.996715285522608
6.183 0.996930939629894
6.184 0.99714659373718
6.185 0.997362247844466
6.186 0.997576721912877
6.187 0.997790843502143
6.188 0.998004965091409
6.189 0.998218838427586
6.19 0.998431408435046
6.191 0.998643978442506
6.192 0.998856548449967
6.193 0.99906826731125
6.194 0.999279289780206
6.195 0.999490312249162
6.196 0.999701334718119
6.197 0.999910918933331
6.198 1.00012041134511
6.199 1.0003299037569
6.2 1.00053889707353
6.201 1.00074687707579
6.202 1.00095485707805
6.203 1.00116283708031
6.204 1.00136974085401
6.205 1.00157622609439
6.206 1.00178271133477
6.207 1.00198903409259
6.208 1.00219404221873
6.209 1.00239905034488
6.21 1.00260405847103
6.211 1.00280833686388
6.212 1.00301188552344
6.213 1.003215434183
6.214 1.00341898284256
6.215 1.00362124828327
6.216 1.00382335512389
6.217 1.00402546196452
6.218 1.00422717003718
6.219 1.00442785270652
6.22 1.00462853537585
6.221 1.00482921804518
6.222 1.00502895834367
6.223 1.00522823448936
6.224 1.00542751063505
6.225 1.00562670344818
6.226 1.00582459071787
6.227 1.00602247798757
6.228 1.00622036525726
6.229 1.00641763547419
6.23 1.00661415151553
6.231 1.00681066755687
6.232 1.00700718359822
6.233 1.00720256263177
6.234 1.00739772509241
6.235 1.00759288755305
6.236 1.00778774274909
6.237 1.00798156927667
6.238 1.00817539580426
6.239 1.00836922233185
6.24 1.00856223152248
6.241 1.00875473976465
6.242 1.00894724800683
6.243 1.00913974324262
6.244 1.00933095084704
6.245 1.00952215845146
6.246 1.00971336605587
6.247 1.00990406046424
6.248 1.01009398507854
6.249 1.01028390969284
6.25 1.01047383430714
6.251 1.01066275930089
6.252 1.01085141857272
6.253 1.01104007784456
6.254 1.01122851253132
6.255 1.01141592410833
6.256 1.01160333568534
6.257 1.01179074726236
6.258 1.01197745771248
6.259 1.01216363924232
6.26 1.01234982077216
6.261 1.012536002302
6.262 1.01272101992829
6.263 1.0129059890586
6.264 1.01309095818892
6.265 1.01327550915607
6.266 1.0134592835345
6.267 1.01364305791294
6.268 1.01382683229137
6.269 1.01400973561267
6.27 1.01419233288687
6.271 1.01437493016107
6.272 1.01455737670592
6.273 1.01473881452353
6.274 1.01492025234115
6.275 1.01510169015877
6.276 1.01528253423573
6.277 1.01546283024441
6.278 1.01564312625309
6.279 1.01582342226177
6.28 1.01600269528367
6.281 1.01618186713106
6.282 1.01636103897845
6.283 1.01653987887174
6.284 1.01671794420549
6.285 1.01689600953923
6.286 1.01707407487297
6.287 1.01725138888917
6.288 1.01742836535692
6.289 1.01760534182466
6.29 1.01778223259494
6.291 1.01795813784434
6.292 1.01813404309373
6.293 1.01830994834313
6.294 1.0184853584143
6.295 1.01866021009299
6.296 1.01883506177168
6.297 1.01900991345037
6.298 1.01918387423524
6.299 1.01935768999087
6.3 1.0195315057465
6.301 1.01970506693329
6.302 1.01987786441351
6.303 1.02005066189374
6.304 1.02022345937397
6.305 1.02039561645243
6.306 1.0205674133049
6.307 1.02073921015737
6.308 1.02091097752043
6.309 1.02108179139278
6.31 1.02125260526513
6.311 1.02142341913748
6.312 1.02159382757019
6.313 1.02176367611007
6.314 1.02193352464996
6.315 1.02210337318984
6.316 1.02227245410502
6.317 1.02244135496009
6.318 1.02261025581515
6.319 1.02277897066278
6.32 1.02294694148066
6.321 1.02311491229855
6.322 1.02328288311644
6.323 1.0234503156245
6.324 1.02361737405287
6.325 1.02378443248123
6.326 1.02395149090959
6.327 1.02411767249091
6.328 1.02428383617739
6.329 1.02444999986388
6.33 1.02461583902549
6.331 1.02478112561774
6.332 1.02494641220999
6.333 1.02511169880224
6.334 1.02527632983571
6.335 1.02544075385061
6.336 1.02560517786551
6.337 1.02576947061361
6.338 1.02593301951647
6.339 1.02609656841933
6.34 1.02626011732219
6.341 1.02642317941932
6.342 1.02658582683009
6.343 1.02674847424086
6.344 1.02691112165163
6.345 1.02707290603719
6.346 1.02723462546388
6.347 1.02739634489056
6.348 1.02755775888489
6.349 1.02771852383547
6.35 1.02787928878605
6.351 1.02804005373663
6.352 1.02820012219986
6.353 1.02835990618234
6.354 1.02851969016483
6.355 1.0286793734013
6.356 1.02883814992368
6.357 1.02899692644606
6.358 1.02915570296844
6.359 1.02931397285428
6.36 1.02947171542455
6.361 1.02962945799481
6.362 1.02978720056508
6.363 1.02994400994453
6.364 1.03010069207068
6.365 1.03025737419684
6.366 1.03041376285024
6.367 1.03056935804028
6.368 1.03072495323031
6.369 1.03088054842035
6.37 1.03103540874782
6.371 1.03118989050973
6.372 1.03134437227164
6.373 1.03149879703755
6.374 1.03165213887933
6.375 1.03180548072112
6.376 1.0319588225629
6.377 1.03211165118335
6.378 1.032263826613
6.379 1.03241600204266
6.38 1.03256817747231
6.381 1.03271936279153
6.382 1.03287034531704
6.383 1.03302132784256
6.384 1.03317204210092
6.385 1.0333218052303
6.386 1.03347156835968
6.387 1.03362133148905
6.388 1.03377033462666
6.389 1.03391885186789
6.39 1.03406736910912
6.391 1.03421588635035
6.392 1.03436313121143
6.393 1.03451037607251
6.394 1.03465762093359
6.395 1.03480435923453
6.396 1.03495030522346
6.397 1.03509625121238
6.398 1.03524219720131
6.399 1.03538710940619
6.4 1.03553173003096
6.401 1.03567635065572
6.402 1.03582074146494
6.403 1.03596401023355
6.404 1.03610727900215
6.405 1.03625054777075
6.406 1.03639304466438
6.407 1.03653493508482
6.408 1.03667682550525
6.409 1.03681871592569
6.41 1.03695927174796
6.411 1.03709975732822
6.412 1.03724024290849
6.413 1.03738024183581
6.414 1.0375192960839
6.415 1.03765835033198
6.416 1.03779740458007
6.417 1.0379353946165
6.418 1.03807299104041
6.419 1.03821058746431
6.42 1.03834800577028
6.421 1.038484117878
6.422 1.03862022998572
6.423 1.03875634209344
6.424 1.03889168368898
6.425 1.03902628498851
6.426 1.03916088628804
6.427 1.03929548758757
6.428 1.03942870531692
6.429 1.03956176931626
6.43 1.03969483331559
6.431 1.03982744381519
6.432 1.03995894402233
6.433 1.04009044422946
6.434 1.0402219444366
6.435 1.04035236325047
6.436 1.0404822731734
6.437 1.04061218309633
6.438 1.04074197984493
6.439 1.04087027299166
6.44 1.04099856613838
6.441 1.04112685928511
6.442 1.04125439652845
6.443 1.04138104640696
6.444 1.04150769628547
6.445 1.04163434616398
6.446 1.04175957674631
6.447 1.0418845568646
6.448 1.0420095369829
6.449 1.04213411000066
6.45 1.04225739386673
6.451 1.04238067773281
6.452 1.04250396159888
6.453 1.04262616013609
6.454 1.04274772125794
6.455 1.04286928237979
6.456 1.04299080851691
6.457 1.04311062040253
6.458 1.04323043228814
6.459 1.04335024417376
6.46 1.0434693280108
6.461 1.04358736416818
6.462 1.04370540032556
6.463 1.04382343648294
6.464 1.04394003086413
6.465 1.04405626480127
6.466 1.04417249873842
6.467 1.04428838522023
6.468 1.04440279044513
6.469 1.04451719567003
6.47 1.04463160089492
6.471 1.04474493010136
6.472 1.04485748012201
6.473 1.04497003014266
6.474 1.04508258016331
6.475 1.04519330493859
6.476 1.04530397326299
6.477 1.04541464158739
6.478 1.04552462426682
6.479 1.04563338802187
6.48 1.04574215177692
6.481 1.04585091553198
6.482 1.04595825382523
6.483 1.04606511696454
6.484 1.04617198010386
6.485 1.04627857939824
6.486 1.04638355793086
6.487 1.04648853646349
6.488 1.04659351499612
6.489 1.04669750320249
6.49 1.04680061319502
6.491 1.04690372318755
6.492 1.04700683318008
6.493 1.04710823889699
6.494 1.04720949641601
6.495 1.04731075393504
6.496 1.04741144216793
6.497 1.04751086328005
6.498 1.04761028439217
6.499 1.04770970550429
6.5 1.0478078523782
6.501 1.04790545315
6.502 1.04800305392181
6.503 1.04810049230899
6.504 1.04819628880708
6.505 1.04829208530517
6.506 1.04838788180325
6.507 1.04848281996192
6.508 1.04857682825289
6.509 1.04867083654386
6.51 1.04876484483482
6.511 1.04885731136353
6.512 1.04894954751396
6.513 1.0490417836644
6.514 1.04913356323561
6.515 1.04922404331211
6.516 1.04931452338861
6.517 1.04940500346511
6.518 1.04949435253684
6.519 1.049583092606
6.52 1.04967183267516
6.521 1.04976050378669
6.522 1.0498475199151
6.523 1.04993453604351
6.524 1.05002155217192
6.525 1.05010783391445
6.526 1.05019314216871
6.527 1.05027845042297
6.528 1.05036375867722
6.529 1.05044767964928
6.53 1.05053129609599
6.531 1.05061491254269
6.532 1.05069817708378
6.533 1.05078011778952
6.534 1.05086205849526
6.535 1.050943999201
6.536 1.05102494410211
6.537 1.05110522513348
6.538 1.05118550616485
6.539 1.05126578719622
6.54 1.05134444105589
6.541 1.05142307847948
6.542 1.05150171590307
6.543 1.05157973486102
6.544 1.05165674474343
6.545 1.05173375462584
6.546 1.05181076450825
6.547 1.05188653355522
6.548 1.05196193196305
6.549 1.05203733037087
6.55 1.05211247351341
6.551 1.05218627651324
6.552 1.05226007951307
6.553 1.05233388251291
6.554 1.05240681687497
6.555 1.0524790405334
6.556 1.05255126419184
6.557 1.05262348785027
6.558 1.05269424203039
6.559 1.05276490241402
6.56 1.05283556279765
6.561 1.05290571260257
6.562 1.05297482577799
6.563 1.0530439389534
6.564 1.05311305212882
6.565 1.05318106288228
6.566 1.05324864491609
6.567 1.05331622694989
6.568 1.05338364232545
6.569 1.05344970928423
6.57 1.05351577624301
6.571 1.05358184320179
6.572 1.05364716065636
6.573 1.05371172860672
6.574 1.05377629655707
6.575 1.05384086450743
6.576 1.05390411263956
6.577 1.05396719764808
6.578 1.0540302826566
6.579 1.05409295694006
6.58 1.05415457507335
6.581 1.05421619320664
6.582 1.05427781133992
6.583 1.05433845743142
6.584 1.05439862475606
6.585 1.05445879208071
6.586 1.05451887332083
6.587 1.05457760590342
6.588 1.05463633848601
6.589 1.0546950710686
6.59 1.05475316524724
6.591 1.05481047915438
6.592 1.05486779306151
6.593 1.05492510696865
6.594 1.05498124268434
6.595 1.05503715398262
6.596 1.0550930652809
6.597 1.05514865767445
6.598 1.05520318243046
6.599 1.05525770718647
6.6 1.05531223194249
6.601 1.05536590700358
6.602 1.05541906128392
6.603 1.05547221556426
6.604 1.0555253563005
6.605 1.05557715617176
6.606 1.05562895604302
6.607 1.05568075591428
6.608 1.05573202044855
6.609 1.05578248197733
6.61 1.0558329435061
6.611 1.05588340503488
6.612 1.0559328219657
6.613 1.05598196121859
6.614 1.05603110047147
6.615 1.05608000460669
6.616 1.05612783765028
6.617 1.05617567069387
6.618 1.05622350373747
6.619 1.05627060139972
6.62 1.05631714430061
6.621 1.0563636872015
6.622 1.05641023010238
6.623 1.05645554825627
6.624 1.05650081537904
6.625 1.0565460825018
6.626 1.056590904323
6.627 1.05663489915556
6.628 1.05667889398812
6.629 1.05672288882068
6.63 1.05676594157212
6.631 1.05680866332209
6.632 1.05685138507205
6.633 1.05689394121693
6.634 1.05693538908161
6.635 1.05697683694629
6.636 1.05701828481097
6.637 1.05705906983791
6.638 1.05709924301463
6.639 1.05713941619135
6.64 1.05717958936807
6.641 1.0572186018483
6.642 1.05725749953437
6.643 1.05729639722045
6.644 1.05733491201853
6.645 1.05737253341128
6.646 1.05741015480403
6.647 1.05744777619678
6.648 1.05748451639328
6.649 1.05752086069003
6.65 1.05755720498677
6.651 1.05759344705162
6.652 1.05762851344968
6.653 1.05766357984774
6.654 1.0576986462458
6.655 1.05773311165422
6.656 1.05776689935091
6.657 1.0578006870476
6.658 1.05783447474429
6.659 1.0578671620675
6.66 1.05789967026015
6.661 1.05793217845279
6.662 1.05796436656875
6.663 1.05799559445466
6.664 1.05802682234058
6.665 1.05805805022649
6.666 1.05808845820238
6.667 1.05811840497889
6.668 1.05814835175539
6.669 1.05817826007453
6.67 1.05820692493894
6.671 1.05823558980336
6.672 1.05826425466777
6.673 1.05829238079198
6.674 1.05831976294162
6.675 1.05834714509127
6.676 1.05837452724091
6.677 1.05840086974141
6.678 1.0584269683736
6.679 1.05845306700579
6.68 1.05847890877395
6.681 1.058503723086
6.682 1.05852853739806
6.683 1.05855335171011
6.684 1.0585774077997
6.685 1.05860093698894
6.686 1.05862446617818
6.687 1.05864799536743
6.688 1.05867026434968
6.689 1.05869250761342
6.69 1.05871475087716
6.691 1.05873651805148
6.692 1.05875747458705
6.693 1.05877843112262
6.694 1.05879938765818
6.695 1.0588193656703
6.696 1.05883903467501
6.697 1.05885870367972
6.698 1.0588781794344
6.699 1.05889656010557
6.7 1.05891494077674
6.701 1.05893332144791
6.702 1.05895100598552
6.703 1.05896809752047
6.704 1.05898518905542
6.705 1.05900228059037
6.706 1.05901817248215
6.707 1.0590339740782
6.708 1.05904977567425
6.709 1.05906516423299
6.71 1.05907967508746
6.711 1.05909418594193
6.712 1.0591086967964
6.713 1.05912229065445
6.714 1.05913550996466
6.715 1.05914872927486
6.716 1.05916181935038
6.717 1.05917374631364
6.718 1.0591856732769
6.719 1.05919760024017
6.72 1.05920889356011
6.721 1.05921952737375
6.722 1.05923016118739
6.723 1.05924079500103
6.724 1.05925029013664
6.725 1.05925962999798
6.726 1.05926896985931
6.727 1.05927796013679
6.728 1.05928600524314
6.729 1.05929405034949
6.73 1.05930209545584
6.731 1.05930928549413
6.732 1.05931603504281
6.733 1.05932278459149
6.734 1.05932946932216
6.735 1.05933492251049
6.736 1.05934037569882
6.737 1.05934582888715
6.738 1.05935071132375
6.739 1.05935486734905
6.74 1.05935902337436
6.741 1.05936317939966
6.742 1.05936625811342
6.743 1.05936911617302
6.744 1.05937197423262
6.745 1.05937454656316
6.746 1.05937610585437
6.747 1.05937766514557
6.748 1.05937922443677
6.749 1.05937999098962
6.75 1.05938025070975
6.751 1.05938051042989
6.752 1.05938077015002
6.753 1.0593797294964
6.754 1.05937868884277
6.755 1.05937764818915
6.756 1.05937610007672
6.757 1.05937375824666
6.758 1.05937141641661
6.759 1.05936907458655
6.76 1.05936571721279
6.761 1.05936207340362
6.762 1.05935842959445
6.763 1.05935456431238
6.764 1.05934961772141
6.765 1.05934467113044
6.766 1.05933972453948
6.767 1.05933404736193
6.768 1.05932779615206
6.769 1.0593215449422
6.77 1.05931529373233
6.771 1.05930779595613
6.772 1.05930023257118
6.773 1.05929266918623
6.774 1.05928465642435
6.775 1.05927577134257
6.776 1.05926688626078
6.777 1.05925800117899
6.778 1.05924814430634
6.779 1.05923792800419
6.78 1.05922771170204
6.781 1.05921733451062
6.782 1.05920577746458
6.783 1.05919422041854
6.784 1.05918266337249
6.785 1.05917041769006
6.786 1.05915751037658
6.787 1.05914460306311
6.788 1.05913169574964
6.789 1.0591175646243
6.79 1.05910329751986
6.791 1.05908903041543
6.792 1.05907436620979
6.793 1.05905872979087
6.794 1.05904309337195
6.795 1.05902745695303
6.796 1.05901088292424
6.797 1.05899386766729
6.798 1.05897685241034
6.799 1.05895973996808
6.8 1.05894133634958
6.801 1.05892293273108
6.802 1.05890452911257
6.803 1.05888548246693
6.804 1.05886568096333
6.805 1.05884587945974
6.806 1.05882607795615
6.807 1.05880508015523
6.808 1.05878387124302
6.809 1.0587626623308
6.81 1.05874111335487
6.811 1.05871848751051
6.812 1.05869586166615
6.813 1.05867323582178
6.814 1.05864971131034
6.815 1.05862565901029
6.816 1.05860160671025
6.817 1.05857752569061
6.818 1.05855203741135
6.819 1.05852654913209
6.82 1.05850106085283
6.821 1.05847497991744
6.822 1.05844804613542
6.823 1.05842111235341
6.824 1.0583941785714
6.825 1.05836608076837
6.826 1.05833769196008
6.827 1.05830930315179
6.828 1.05828063607903
6.829 1.05825078272092
6.83 1.05822092936282
6.831 1.05819107600471
6.832 1.05816036768407
6.833 1.05812904025263
6.834 1.05809771282118
6.835 1.05806638538973
6.836 1.05803361886932
6.837 1.058000807841
6.838 1.05796799681268
6.839 1.05793464826101
6.84 1.05790034411228
6.841 1.05786603996354
6.842 1.05783173581481
6.843 1.05779630468313
6.844 1.05776049789046
6.845 1.05772469109779
6.846 1.05768867260167
6.847 1.05765135364153
6.848 1.05761403468139
6.849 1.05757671572125
6.85 1.05753859026487
6.851 1.05749974961373
6.852 1.05746090896258
6.853 1.05742206831143
6.854 1.05738181894291
6.855 1.05734144707723
6.856 1.05730107521155
6.857 1.05726022571707
6.858 1.05721831311332
6.859 1.05717640050957
6.86 1.05713448790582
6.861 1.05709149011896
6.862 1.05704802725361
6.863 1.05700456438826
6.864 1.05696096114225
6.865 1.05691593849176
6.866 1.05687091584128
6.867 1.0568258931908
6.868 1.05678011727216
6.869 1.05673352531302
6.87 1.05668693335387
6.871 1.05664034139473
6.872 1.05659237585157
6.873 1.05654420506023
6.874 1.05649603426889
6.875 1.05644745050506
6.876 1.056397691358
6.877 1.05634793221093
6.878 1.05629817306386
6.879 1.05624737529528
6.88 1.05619601826895
6.881 1.05614466124262
6.882 1.05609323992018
6.883 1.05604027549106
6.884 1.05598731106194
6.885 1.05593434663282
6.886 1.05588068692538
6.887 1.05582610556994
6.888 1.05577152421449
6.889 1.05571694285905
6.89 1.05566102781472
6.891 1.05560482000943
6.892 1.05554861220413
6.893 1.05549206084442
6.894 1.05543421706573
6.895 1.05537637328704
6.896 1.05531852950835
6.897 1.05525969843152
6.898 1.05520020915591
6.899 1.0551407198803
6.9 1.0550812306047
6.901 1.05502010285884
6.902 1.05495895856278
6.903 1.05489781426673
6.904 1.05483603744395
6.905 1.05477322860391
6.906 1.05471041976387
6.907 1.05464761092383
6.908 1.0545835130518
6.909 1.05451903014424
6.91 1.05445454723668
6.911 1.05438979597277
6.912 1.05432363583802
6.913 1.05425747570327
6.914 1.05419131556852
6.915 1.05412424800421
6.916 1.05405643799754
6.917 1.05398862799086
6.918 1.05392081798419
6.919 1.05385149139911
6.92 1.05378206801115
6.921 1.05371264462319
6.922 1.05364270086187
6.923 1.05357170058495
6.924 1.05350070030802
6.925 1.0534297000311
6.926 1.05335759066859
6.927 1.05328504999501
6.928 1.05321250932143
6.929 1.05313980321838
6.93 1.05306575864047
6.931 1.05299171406257
6.932 1.05291766948466
6.933 1.05284289120075
6.934 1.05276737921083
6.935 1.05269186722091
6.936 1.05261635523099
6.937 1.05253956972254
6.938 1.05246262681293
6.939 1.05238568390331
6.94 1.05230835055403
6.941 1.05223001321704
6.942 1.05215167588006
6.943 1.05207333854307
6.944 1.05199409138959
6.945 1.05191439611754
6.946 1.05183470084549
6.947 1.05175492628687
6.948 1.05167390957208
6.949 1.05159289285729
6.95 1.0515118761425
6.951 1.05143028120003
6.952 1.05134797953481
6.953 1.0512656778696
6.954 1.05118337620439
6.955 1.05110002583437
6.956 1.05101647571106
6.957 1.05093292558774
6.958 1.0508490967123
6.959 1.0507643346232
6.96 1.0506795725341
6.961 1.050594810445
6.962 1.05050931956235
6.963 1.05042338199978
6.964 1.05033744443721
6.965 1.05025149548483
6.966 1.05016441894112
6.967 1.0500773423974
6.968 1.04999026585368
6.969 1.04990274831443
6.97 1.04981456928188
6.971 1.04972639024933
6.972 1.04963821121679
6.973 1.04954919004699
6.974 1.04945994501793
6.975 1.04937069998887
6.976 1.04928126964905
6.977 1.0491909951158
6.978 1.04910072058254
6.979 1.04901044604929
6.98 1.04891960549926
6.981 1.04882833795413
6.982 1.048737070409
6.983 1.04864580286387
6.984 1.04855361705996
6.985 1.04846139299527
6.986 1.04836916893058
6.987 1.04827662285636
6.988 1.04818347876443
6.989 1.0480903346725
6.99 1.04799719058057
6.991 1.0479033926728
6.992 1.04780936504595
6.993 1.04771533741909
6.994 1.0476211996767
6.995 1.04752632500725
6.996 1.04743145033779
6.997 1.04733657566834
6.998 1.04724127951274
6.999 1.047145594293
7 1.04704990907326
7.001 1.04695422385352
7.002 1.04685783424102
7.003 1.04676137496332
7.004 1.04666491568561
7.005 1.0465682351382
7.006 1.04647103829485
7.007 1.04637384145149
7.008 1.04627664460814
7.009 1.04617896402419
7.01 1.0460810661075
7.011 1.04598316819081
7.012 1.04588521710764
7.013 1.04578665460994
7.014 1.04568809211224
7.015 1.04558952961454
7.016 1.04549067191516
7.017 1.04539148132876
7.018 1.04529229074237
7.019 1.04519310015598
7.02 1.0450934007967
7.021 1.04499361861393
7.022 1.04489383643116
7.023 1.04479391547237
7.024 1.04469357818554
7.025 1.04459324089872
7.026 1.04449290361189
7.027 1.04439223441355
7.028 1.04429137851498
7.029 1.04419052261641
7.03 1.04408965225426
7.031 1.04398831423627
7.032 1.04388697621828
7.033 1.04378563820029
7.034 1.04368411301892
7.035 1.04358232937383
7.036 1.04348054572874
7.037 1.04337876208365
7.038 1.04327664703938
7.039 1.0431744542595
7.04 1.04307226147962
7.041 1.04296999417125
7.042 1.04286742874891
7.043 1.04276486332656
7.044 1.04266229790422
7.045 1.04255953415329
7.046 1.04245663258079
7.047 1.0423537310083
7.048 1.0422508294358
7.049 1.04214763419864
7.05 1.04204443296831
7.051 1.04194123173799
7.052 1.04183793313643
7.053 1.04173446874059
7.054 1.04163100434476
7.055 1.04152753994892
7.056 1.04142389911028
7.057 1.04132020255287
7.058 1.04121650599545
7.059 1.04111277583602
7.06 1.04100885526516
7.061 1.04090493469429
7.062 1.04080101412343
7.063 1.04069697377298
7.064 1.04059283138808
7.065 1.04048868900318
7.066 1.04038454661827
7.067 1.04028019999176
7.068 1.04017583799222
7.069 1.04007147599268
7.07 1.03996704442026
7.071 1.03986246500548
7.072 1.0397578855907
7.073 1.03965330617593
7.074 1.0395485739579
7.075 1.03944377932728
7.076 1.03933898469667
7.077 1.0392341687644
7.078 1.03912916111735
7.079 1.0390241534703
7.08 1.03891914582325
7.081 1.03881403487585
7.082 1.03870881641175
7.083 1.03860359794766
7.084 1.03849837948357
7.085 1.03839297743596
7.086 1.03828755035423
7.087 1.03818212327249
7.088 1.03807664045784
7.089 1.03797100695787
7.09 1.03786537345791
7.091 1.03775973995794
7.092 1.03765397167354
7.093 1.03754813395473
7.094 1.03744229623593
7.095 1.03733644841615
7.096 1.0372304086779
7.097 1.03712436893966
7.098 1.03701832920142
7.099 1.03691220154236
7.1 1.03680596198407
7.101 1.03669972242579
7.102 1.03659348286751
7.103 1.0364870792841
7.104 1.03638064210518
7.105 1.03627420492626
7.106 1.03616772475467
7.107 1.03606109215451
7.108 1.03595445955435
7.109 1.03584782695419
7.11 1.03574107648871
7.111 1.03563425066671
7.112 1.03552742484472
7.113 1.03542059902272
7.114 1.03531358217828
7.115 1.03520656533384
7.116 1.03509954848941
7.117 1.03499245800399
7.118 1.03488525233651
7.119 1.03477804666904
7.12 1.03467084100156
7.121 1.03456348976765
7.122 1.03445609747654
7.123 1.03434870518542
7.124 1.03424128154219
7.125 1.03413370482684
7.126 1.03402612811149
7.127 1.03391855139613
7.128 1.03381087263487
7.129 1.03370311369469
7.13 1.0335953547545
7.131 1.03348759581431
7.132 1.03337966584995
7.133 1.03327172688432
7.134 1.03316378791869
7.135 1.0330557884922
7.136 1.03294767170054
7.137 1.03283955490887
7.138 1.0327314381172
7.139 1.03262319311809
7.14 1.03251490069978
7.141 1.03240660828147
7.142 1.03229829505189
7.143 1.03218982920635
7.144 1.0320813633608
7.145 1.03197289751526
7.146 1.03186434434351
7.147 1.03175570727013
7.148 1.03164707019674
7.149 1.03153843312336
7.15 1.03142964392438
7.151 1.03132083782256
7.152 1.03121203172073
7.153 1.03110317723849
7.154 1.03099420430763
7.155 1.03088523137676
7.156 1.0307762584459
7.157 1.03066717356688
7.158 1.03055803600637
7.159 1.03044889844587
7.16 1.03033974951525
7.161 1.03023044952451
7.162 1.03012114953376
7.163 1.03001184954302
7.164 1.02990247584609
7.165 1.02979301562451
7.166 1.02968355540293
7.167 1.02957409518135
7.168 1.02946450063304
7.169 1.02935488238002
7.17 1.029245264127
7.171 1.0291356084743
7.172 1.02902583438923
7.173 1.02891606030417
7.174 1.02880628621911
7.175 1.02869641534549
7.176 1.02858648762779
7.177 1.02847655991009
7.178 1.02836662916372
7.179 1.02825655001278
7.18 1.02814647086184
7.181 1.0280363917109
7.182 1.02792625137409
7.183 1.02781602298931
7.184 1.02770579460453
7.185 1.02759556621975
7.186 1.02748522020741
7.187 1.0273748447882
7.188 1.02726446936898
7.189 1.0271540664311
7.19 1.02704354617684
7.191 1.02693302592258
7.192 1.02682250566832
7.193 1.02671190268539
7.194 1.02660123979549
7.195 1.02649057690559
7.196 1.02637991401569
7.197 1.02626911490259
7.198 1.0261583115764
7.199 1.02604750825021
7.2 1.02593665462453
7.201 1.02582571157754
7.202 1.02571476853055
7.203 1.02560382548356
7.204 1.02549277415557
7.205 1.02538168673393
7.206 1.02527059931228
7.207 1.02515949085667
7.208 1.02504825319243
7.209 1.0249370155282
7.21 1.02482577786396
7.211 1.02471445746115
7.212 1.02460306368639
7.213 1.02449166991164
7.214 1.02438027613688
7.215 1.02426873334195
7.216 1.02415717758875
7.217 1.02404562183555
7.218 1.02393401404997
7.219 1.02382229045038
7.22 1.02371056685079
7.221 1.02359884325121
7.222 1.0234869980516
7.223 1.0233751007377
7.224 1.02326320342381
7.225 1.02315128994751
7.226 1.02303921305137
7.227 1.02292713615522
7.228 1.02281505925908
7.229 1.02270289334686
7.23 1.02259063100054
7.231 1.02247836865423
7.232 1.02236610630791
7.233 1.02225367751484
7.234 1.02214122385042
7.235 1.02202877018599
7.236 1.0219162652532
7.237 1.02180361440274
7.238 1.02169096355229
7.239 1.02157831270183
7.24 1.02146552986629
7.241 1.02135267596186
7.242 1.02123982205743
7.243 1.02112695979613
7.244 1.0210138969698
7.245 1.02090083414347
7.246 1.02078777131715
7.247 1.02067461613119
7.248 1.02056133851503
7.249 1.02044806089888
7.25 1.02033478328272
7.251 1.0202213247272
7.252 1.02010782645328
7.253 1.01999432817936
7.254 1.01988078233505
7.255 1.01976705753544
7.256 1.01965333273583
7.257 1.01953960793621
7.258 1.01942574370043
7.259 1.01931178650719
7.26 1.01919782931395
7.261 1.01908387212071
7.262 1.01896967904854
7.263 1.01885548359375
7.264 1.01874128813896
7.265 1.01862699991496
7.266 1.01851256033068
7.267 1.0183981207464
7.268 1.01828368116212
7.269 1.01816904907983
7.27 1.01805435949814
7.271 1.01793966991644
7.272 1.01782493939629
7.273 1.01770999394925
7.274 1.0175950485022
7.275 1.01748010305516
7.276 1.01736501365481
7.277 1.01724980647449
7.278 1.01713459929416
7.279 1.01701939211384
7.28 1.01690393338837
7.281 1.01678845860684
7.282 1.0166729838253
7.283 1.01655741879895
7.284 1.01644167054827
7.285 1.01632592229759
7.286 1.01621017404691
7.287 1.01609422467354
7.288 1.01597819708579
7.289 1.01586216949804
7.29 1.01574611053774
7.291 1.01562979774498
7.292 1.01551348495222
7.293 1.01539717215947
7.294 1.01528071383024
7.295 1.01516410996455
7.296 1.01504750609886
7.297 1.01493090223317
7.298 1.0148140340901
7.299 1.01469713328354
7.3 1.01458023247698
7.301 1.01446324688396
7.302 1.0143460432686
7.303 1.01422883965325
7.304 1.01411163603789
7.305 1.01399422560912
7.306 1.01387671331703
7.307 1.01375920102494
7.308 1.01364166986018
7.309 1.01352384302343
7.31 1.01340601618668
7.311 1.01328818934993
7.312 1.01317021832752
7.313 1.01305207107818
7.314 1.01293392382884
7.315 1.01281577657949
7.316 1.01269735525451
7.317 1.01257888172465
7.318 1.01246040819479
7.319 1.01234185827078
7.32 1.01222305259246
7.321 1.01210424691415
7.322 1.01198544123583
7.323 1.01186642598735
7.324 1.01174728229265
7.325 1.01162813859795
7.326 1.0115089914644
7.327 1.01138950388538
7.328 1.01127001630636
7.329 1.01115052872734
7.33 1.01103090124742
7.331 1.01091106391616
7.332 1.01079122658489
7.333 1.01067138925363
7.334 1.01055127098242
7.335 1.01043107803097
7.336 1.01031088507953
7.337 1.01019062706022
7.338 1.01007007262066
7.339 1.00994951818111
7.34 1.00982896374155
7.341 1.00970819991064
7.342 1.00958727811782
7.343 1.00946635632501
7.344 1.00934543453219
7.345 1.00922416093487
7.346 1.00910287267903
7.347 1.00898158442319
7.348 1.00886017566018
7.349 1.00873854309816
7.35 1.00861691053614
7.351 1.00849527797412
7.352 1.0083734101106
7.353 1.00825145957357
7.354 1.00812950903654
7.355 1.00800752058582
7.356 1.00788527840495
7.357 1.00776303622408
7.358 1.00764079404321
7.359 1.00751841389975
7.36 1.0073959064062
7.361 1.00727339891265
7.362 1.00715089141911
7.363 1.00702816645239
7.364 1.00690541997733
7.365 1.00678267350227
7.366 1.00665986323211
7.367 1.00653690410671
7.368 1.00641394498131
7.369 1.00629098585591
7.37 1.00616789817028
7.371 1.0060447527257
7.372 1.00592160728112
7.373 1.00579844903749
7.374 1.0056751436049
7.375 1.00555183817231
7.376 1.00542853273972
7.377 1.00530516448841
7.378 1.00518172539898
7.379 1.00505828630954
7.38 1.0049348472201
7.381 1.00481131583058
7.382 1.00468776941547
7.383 1.00456422300036
7.384 1.00444065633661
7.385 1.00431702892698
7.386 1.00419340151735
7.387 1.00406977410772
7.388 1.00394611171355
7.389 1.00382242964057
7.39 1.0036987475676
7.391 1.00357506464466
7.392 1.0034513542395
7.393 1.00332764383434
7.394 1.00320393342918
7.395 1.0030802221836
7.396 1.00295650977743
7.397 1.00283279737125
7.398 1.00270908496508
7.399 1.00258539226633
7.4 1.00246170419031
7.401 1.0023380161143
7.402 1.00221433817054
7.403 1.00209070075584
7.404 1.00196706334113
7.405 1.00184342592643
7.406 1.00171983393729
7.407 1.00159627351507
7.408 1.00147271309285
7.409 1.00134915267063
7.41 1.00122569350559
7.411 1.00110223640703
7.412 1.00097877930846
7.413 1.00085537018217
7.414 1.00073204273842
7.415 1.00060871529466
7.416 1.00048538785091
7.417 1.0003621789565
7.418 1.00023900749873
7.419 1.00011583604096
7.42 0.999992691930767
7.421 0.999869702790147
7.422 0.999746713649527
7.423 0.999623724508907
7.424 0.999500848038377
7.425 0.99937806754607
7.426 0.999255287053764
7.427 0.999132506561457
7.428 0.999009944600069
7.429 0.998887399087244
7.43 0.998764853574419
7.431 0.998642391681001
7.432 0.998520107478823
7.433 0.998397823276645
7.434 0.998275539074468
7.435 0.998153459097977
7.436 0.998031462537613
7.437 0.997909465977249
7.438 0.997787500814183
7.439 0.997665818226798
7.44 0.997544135639413
7.441 0.997422453052029
7.442 0.997300937213676
7.443 0.997179594930437
7.444 0.997058252647198
7.445 0.99693691036396
7.446 0.996815890719796
7.447 0.996694915071869
7.448 0.996573939423942
7.449 0.996453069876965
7.45 0.996332487195516
7.451 0.996211904514068
7.452 0.99609132183262
7.453 0.995971015887616
7.454 0.995850852503813
7.455 0.995730689120009
7.456 0.995610548017645
7.457 0.995490830262652
7.458 0.995371112507659
7.459 0.995251394752665
7.46 0.995131884660062
7.461 0.995012638865045
7.462 0.994893393070029
7.463 0.994774147275013
7.464 0.994655315061645
7.465 0.994536567557772
7.466 0.994417820053898
7.467 0.994299187966933
7.468 0.994180965085369
7.469 0.994062742203805
7.47 0.993944519322241
7.471 0.993826632522297
7.472 0.993708960594208
7.473 0.99359128866612
7.474 0.993473616738031
7.475 0.993356522094584
7.476 0.993239427451137
7.477 0.99312233280769
7.478 0.993005473574408
7.479 0.992888982546768
7.48 0.992772491519129
7.481 0.99265600049149
7.482 0.99254000082249
7.483 0.992424139741825
7.484 0.99230827866116
7.485 0.99219252914723
7.486 0.992077324341474
7.487 0.991962119535719
7.488 0.991846914729963
7.489 0.991732090930459
7.49 0.99161756649301
7.491 0.99150304205556
7.492 0.99138851761811
7.493 0.991274656591872
7.494 0.991160830482014
7.495 0.991047004372156
7.496 0.990933421445117
7.497 0.990820310578846
7.498 0.990707199712576
7.499 0.990594088846305
7.5 0.990481512456531
7.501 0.990369133749843
7.502 0.990256755043157
7.503 0.990144466225539
7.504 0.990032836594431
7.505 0.989921206963324
7.506 0.989809577332216
7.507 0.989698338356812
7.508 0.989587474717279
7.509 0.989476611077747
7.51 0.989365747438215
7.511 0.989255588415497
7.512 0.989145507683537
7.513 0.989035426951576
7.514 0.98892557816845
7.515 0.988816297260056
7.516 0.988707016351663
7.517 0.98859773544327
7.518 0.98848900991778
7.519 0.98838054574895
7.52 0.98827208158012
7.521 0.988163675767179
7.522 0.988056045253908
7.523 0.987948414740637
7.524 0.987840784227366
7.525 0.987733544977011
7.526 0.987626765035296
7.527 0.987519985093581
7.528 0.987413205151865
7.529 0.987307162574568
7.53 0.987201250120404
7.531 0.98709533766624
7.532 0.986989637468927
7.533 0.98688460941831
7.534 0.986779581367693
7.535 0.986674553317075
7.536 0.986570093097771
7.537 0.986465966366697
7.538 0.986361839635623
7.539 0.98625773126926
7.54 0.986154522773725
7.541 0.98605131427819
7.542 0.985948105782656
7.543 0.98584528069925
7.544 0.985743007355251
7.545 0.985640734011251
7.546 0.985538460667252
7.547 0.985436948977277
7.548 0.985335627700808
7.549 0.98523430642434
7.55 0.985133169254741
7.551 0.9850328169618
7.552 0.984932464668858
7.553 0.984832112375917
7.554 0.984732331904698
7.555 0.984632965511279
7.556 0.98453359911786
7.557 0.984434232724442
7.558 0.984335839062076
7.559 0.984237475484177
7.56 0.984139111906277
7.561 0.984041115431722
7.562 0.983943771585338
7.563 0.983846427738953
7.564 0.983749083892568
7.565 0.983652517531816
7.566 0.983556210332943
7.567 0.983459903134069
7.568 0.983363743434086
7.569 0.983268489798718
7.57 0.983173236163351
7.571 0.983077982527984
7.572 0.982983296246753
7.573 0.982889113090889
7.574 0.982794929935024
7.575 0.98270074677916
7.576 0.982607564027155
7.577 0.982514468266789
7.578 0.982421372506423
7.579 0.982328619082621
7.58 0.98223662763375
7.581 0.982144636184878
7.582 0.982052644736007
7.583 0.98196143814638
7.584 0.981870567924999
7.585 0.981779697703619
7.586 0.981688929915153
7.587 0.981599197837259
7.588 0.981509465759365
7.589 0.981419733681472
7.59 0.98133055603213
7.591 0.981241979013719
7.592 0.981153401995308
7.593 0.981064824976897
7.594 0.980977267577152
7.595 0.980889862534219
7.596 0.980802457491287
7.597 0.980715361560138
7.598 0.98062914540868
7.599 0.980542929257221
7.6 0.980456713105763
7.601 0.980371280729161
7.602 0.980286270385174
7.603 0.980201260041186
7.604 0.980116298606137
7.605 0.980032510985616
7.606 0.979948723365095
7.607 0.979864935744574
7.608 0.979781681169022
7.609 0.979699133187963
7.61 0.979616585206904
7.611 0.979534037225845
7.612 0.979452519620262
7.613 0.979371228194661
7.614 0.979289936769061
7.615 0.979208912772466
7.616 0.97912889481832
7.617 0.979048876864174
7.618 0.978968858910028
7.619 0.978889615188352
7.62 0.978810887621657
7.621 0.978732160054961
7.622 0.978653432488265
7.623 0.978575999151981
7.624 0.978498578888731
7.625 0.978421158625482
7.626 0.97834424156562
7.627 0.978268145521813
7.628 0.978192049478005
7.629 0.978115953434198
7.63 0.978040890051586
7.631 0.977966135126214
7.632 0.977891380200842
7.633 0.977816841734639
7.634 0.977743439679072
7.635 0.977670037623505
7.636 0.977596635567937
7.637 0.97752397725858
7.638 0.977451927468849
7.639 0.977379877679119
7.64 0.977307827889388
7.641 0.977237046955214
7.642 0.97716634701182
7.643 0.977095647068426
7.644 0.977025391775888
7.645 0.976956039259332
7.646 0.976886686742775
7.647 0.976817334226219
7.648 0.976748950114946
7.649 0.976680942605728
7.65 0.97661293509651
7.651 0.976545075271954
7.652 0.976478410350575
7.653 0.976411745429195
7.654 0.976345080507816
7.655 0.976279085670606
7.656 0.976213760917566
7.657 0.976148436164526
7.658 0.976083111411486
7.659 0.976018977254914
7.66 0.975954990250715
7.661 0.975891003246515
7.662 0.97582739013453
7.663 0.975764738459671
7.664 0.975702086784812
7.665 0.975639435109953
7.666 0.975577676484687
7.667 0.975516357719669
7.668 0.975455038954651
7.669 0.975393800019053
7.67 0.975333811744377
7.671 0.975273823469701
7.672 0.975213835195025
7.673 0.975154444552228
7.674 0.975095784348394
7.675 0.97503712414456
7.676 0.974978463940726
7.677 0.974920917284021
7.678 0.97486358273153
7.679 0.97480624817904
7.68 0.974749217969873
7.681 0.974693206649226
7.682 0.97463719532858
7.683 0.974581184007933
7.684 0.974525991590939
7.685 0.974471301082636
7.686 0.974416610574334
7.687 0.974361933249959
7.688 0.974308561134502
7.689 0.974255189019044
7.69 0.974201816903587
7.691 0.974148971177467
7.692 0.974096915035355
7.693 0.974044858893243
7.694 0.973992802751131
7.695 0.973941784316557
7.696 0.973891041728291
7.697 0.973840299140025
7.698 0.973789792555941
7.699 0.973740361102022
7.7 0.973690929648103
7.701 0.973641498194183
7.702 0.973592812707727
7.703 0.973544689968655
7.704 0.973496567229584
7.705 0.973448444490512
7.706 0.973401575794974
7.707 0.97335475935125
7.708 0.973307942907526
7.709 0.973261582820349
7.71 0.973216070252473
7.711 0.973170557684598
7.712 0.973125045116722
7.713 0.973080495626546
7.714 0.97303628451502
7.715 0.972992073403494
7.716 0.972948031166758
7.717 0.972905119092082
7.718 0.972862207017405
7.719 0.972819294942729
7.72 0.972777057109074
7.721 0.972735441651748
7.722 0.972693826194422
7.723 0.972652210737096
7.724 0.972611772999815
7.725 0.97257145174034
7.726 0.972531130480865
7.727 0.972491196754896
7.728 0.972452167273773
7.729 0.972413137792649
7.73 0.972374108311526
7.731 0.972335968488011
7.732 0.97229822836574
7.733 0.972260488243469
7.734 0.972222851076347
7.735 0.972186397893428
7.736 0.97214994471051
7.737 0.972113491527592
7.738 0.972077642069004
7.739 0.97204247340594
7.74 0.972007304742875
7.741 0.97197213607981
7.742 0.97193807002305
7.743 0.971904183460339
7.744 0.971870296897629
7.745 0.971836730255132
7.746 0.971804123373276
7.747 0.971771516491421
7.748 0.971738909609565
7.749 0.971707120174976
7.75 0.971675790554476
7.751 0.971644460933975
7.752 0.97161316955873
7.753 0.971583114780085
7.754 0.97155306000144
7.755 0.971523005222796
7.756 0.971493484861541
7.757 0.971464702505253
7.758 0.971435920148965
7.759 0.971407137792677
7.76 0.971379384138703
7.761 0.971351871785272
7.762 0.971324359431841
7.763 0.971297100595081
7.764 0.971270855825008
7.765 0.971244611054935
7.766 0.971218366284861
7.767 0.971192867961464
7.768 0.971167888355249
7.769 0.971142908749034
7.77 0.971117929142819
7.771 0.971094187026076
7.772 0.97107047016422
7.773 0.971046753302364
7.774 0.971023502756099
7.775 0.971001046206651
7.776 0.970978589657202
7.777 0.970956133107754
7.778 0.970934630988725
7.779 0.970913430268777
7.78 0.970892229548828
7.781 0.970871215883489
7.782 0.970851262194268
7.783 0.970831308505047
7.784 0.970811354815826
7.785 0.970792069477197
7.786 0.970773353474257
7.787 0.970754637471318
7.788 0.970735921468379
7.789 0.970718347823347
7.79 0.970700860162244
7.791 0.970683372501141
7.792 0.970666274919203
7.793 0.97065000625549
7.794 0.970633737591777
7.795 0.970617468928065
7.796 0.970602059117943
7.797 0.970587000107175
7.798 0.970571941096408
7.799 0.97055700211649
7.8 0.970543143414222
7.801 0.970529284711953
7.802 0.970515426009685
7.803 0.970502150879803
7.804 0.970489483141589
7.805 0.970476815403374
7.806 0.97046414766516
7.807 0.970452519752201
7.808 0.970441033633595
7.809 0.970429547514988
7.81 0.970418377910676
7.811 0.970408064067233
7.812 0.970397750223789
7.813 0.970387436380346
7.814 0.970377890071175
7.815 0.970368739158449
7.816 0.970359588245722
7.817 0.970350495012309
7.818 0.970342497685854
7.819 0.970334500359399
7.82 0.970326503032945
7.821 0.970319009172893
7.822 0.970312156088264
7.823 0.970305303003635
7.824 0.970298449919006
7.825 0.970292538799203
7.826 0.970286820611954
7.827 0.970281102424705
7.828 0.970275631859102
7.829 0.970271039224788
7.83 0.970266446590474
7.831 0.97026185395616
7.832 0.970257942209025
7.833 0.9702544657832
7.834 0.970250989357376
7.835 0.970247512931551
7.836 0.97024514336977
7.837 0.970242773807989
7.838 0.970240404246207
7.839 0.97023846271707
7.84 0.970237190674887
7.841 0.970235918632704
7.842 0.970234646590521
7.843 0.970234223324957
7.844 0.970234039457926
7.845 0.970233855590895
7.846 0.970233855125085
7.847 0.970234750088761
7.848 0.970235645052438
7.849 0.970236540016114
7.85 0.970238033892097
7.851 0.970239998342035
7.852 0.970241962791973
7.853 0.97024392724191
7.854 0.970246898826573
7.855 0.970249923418326
7.856 0.97025294801008
7.857 0.970256329872939
7.858 0.970260405262062
7.859 0.970264480651186
7.86 0.97026855604031
7.861 0.970273391690068
7.862 0.970278508532116
7.863 0.970283625374165
7.864 0.97028886606923
7.865 0.970295015019758
7.866 0.970301163970285
7.867 0.970307312920813
7.868 0.970313983480997
7.869 0.970321155195558
7.87 0.970328326910118
7.871 0.970335498624679
7.872 0.970343582416869
7.873 0.970351767551017
7.874 0.970359952685166
7.875 0.970368429001105
7.876 0.970377618210396
7.877 0.970386807419687
7.878 0.970395996628978
7.879 0.970405862255143
7.88 0.97041604619513
7.881 0.970426230135118
7.882 0.970436483052143
7.883 0.970447652378381
7.884 0.97045882170462
7.885 0.970469991030858
7.886 0.970481609336327
7.887 0.970493754704372
7.888 0.970505900072416
7.889 0.97051804544046
7.89 0.970531012501261
7.891 0.970544124566665
7.892 0.970557236632069
7.893 0.970570578462172
7.894 0.970584647880491
7.895 0.97059871729881
7.896 0.970612786717128
7.897 0.970627453380782
7.898 0.97064247080757
7.899 0.970657488234357
7.9 0.970672524434425
7.901 0.970688480525236
7.902 0.970704436616047
7.903 0.970720392706858
7.904 0.970736729818695
7.905 0.970753615229084
7.906 0.970770500639472
7.907 0.97078738604986
7.908 0.970805007440354
7.909 0.970822812825875
7.91 0.970840618211395
7.911 0.970858596616746
7.912 0.970877312632953
7.913 0.97089602864916
7.914 0.970914744665367
7.915 0.970933983427594
7.916 0.970953600730042
7.917 0.97097321803249
7.918 0.970992835334938
7.919 0.971013317786526
7.92 0.971033826995303
7.921 0.971054336204081
7.922 0.971075161819329
7.923 0.971096549934967
7.924 0.971117938050605
7.925 0.971139326166243
7.926 0.971161358691482
7.927 0.971183606019921
7.928 0.97120585334836
7.929 0.971228218108011
7.93 0.971251304230821
7.931 0.971274390353631
7.932 0.971297476476441
7.933 0.9713209963385
7.934 0.971344900837252
7.935 0.971368805336004
7.936 0.971392709834756
7.937 0.971417348454418
7.938 0.971442050910682
7.939 0.971466753366945
7.94 0.971491696860324
7.941 0.97151717685567
7.942 0.971542656851015
7.943 0.97156813684636
7.944 0.971594146826162
7.945 0.97162038394216
7.946 0.971646621058158
7.947 0.971672924477356
7.948 0.971699898295577
7.949 0.971726872113797
7.95 0.971753845932018
7.951 0.971781163566459
7.952 0.971808853668473
7.953 0.971836543770487
7.954 0.9718642338725
7.955 0.97189252937738
7.956 0.971920915344758
7.957 0.971949301312135
7.958 0.971977862895715
7.959 0.972006924310026
7.96 0.972035985724336
7.961 0.972065047138647
7.962 0.972094534321486
7.963 0.972124250764301
7.964 0.972153967207116
7.965 0.972183709034334
7.966 0.972214060087223
7.967 0.972244411140112
7.968 0.972274762193001
7.969 0.972305377348298
7.97 0.972336342592832
7.971 0.972367307837366
7.972 0.9723982730819
7.973 0.97242972522047
7.974 0.972461284238219
7.975 0.972492843255968
7.976 0.972524522678222
7.977 0.972556655050757
7.978 0.972588787423291
7.979 0.972620919795825
7.98 0.972653383930173
7.981 0.972686069239063
7.982 0.972718754547953
7.983 0.972751439856843
7.984 0.97278465235848
7.985 0.972817870185296
7.986 0.972851088012112
7.987 0.972884500436737
7.988 0.972918230363049
7.989 0.972951960289362
7.99 0.972985690215674
7.991 0.973019798736408
7.992 0.973054020343787
7.993 0.973088241951166
7.994 0.973122538960567
7.995 0.973157231830583
7.996 0.973191924700599
7.997 0.973226617570616
7.998 0.973261558404946
7.999 0.973296702119169
8 0.973331845833392
8.001 0.973366989547616
8.002 0.97340253786207
8.003 0.973438112002071
8.004 0.973473686142072
8.005 0.973509395584498
8.006 0.973545379731847
8.007 0.973581363879196
8.008 0.973617348026545
8.009 0.973653612677916
8.01 0.973689986414183
8.011 0.97372636015045
8.012 0.973762774495471
8.013 0.973799517402227
8.014 0.973836260308983
8.015 0.973873003215739
8.016 0.973909920498525
8.017 0.973947012157339
8.018 0.973984103816154
8.019 0.974021195474969
8.02 0.974058579350714
8.021 0.974095999343159
8.022 0.974133419335603
8.023 0.974170925544303
8.024 0.974208653451947
8.025 0.974246381359591
8.026 0.974284109267235
8.027 0.974322029797714
8.028 0.974360045202128
8.029 0.974398060606541
8.03 0.974436092035655
8.031 0.974474374518409
8.032 0.974512657001163
8.033 0.974550939483917
8.034 0.974589332963631
8.035 0.974627862106296
8.036 0.97466639124896
8.037 0.974704920391625
8.038 0.974743639577133
8.039 0.974782394961279
8.04 0.974821150345424
8.041 0.974859953068871
8.042 0.974898914276068
8.043 0.974937875483265
8.044 0.974976836690461
8.045 0.975015912848523
8.046 0.975055059460342
8.047 0.97509420607216
8.048 0.97513335433384
8.049 0.97517266593185
8.05 0.975211977529861
8.051 0.975251289127871
8.052 0.975290658552986
8.053 0.975330114718758
8.054 0.97536957088453
8.055 0.975409027050303
8.056 0.975448581294048
8.057 0.975488161609153
8.058 0.975527741924258
8.059 0.975567340910925
8.06 0.975607024956933
8.061 0.975646709002941
8.062 0.975686393048949
8.063 0.9757261246729
8.064 0.975765892188984
8.065 0.975805659705068
8.066 0.975845427221153
8.067 0.975885265842288
8.068 0.975925107426134
8.069 0.975964949009979
8.07 0.976004819418491
8.071 0.976044743358525
8.072 0.976084667298558
8.073 0.976124591238592
8.074 0.976164583459578
8.075 0.976204599671168
8.076 0.976244615882758
8.077 0.976284645378649
8.078 0.976324763777165
8.079 0.976364882175681
8.08 0.976405000574196
8.081 0.976445177265905
8.082 0.976485407766715
8.083 0.976525638267524
8.084 0.976565868768334
8.085 0.976606210305217
8.086 0.976646562823689
8.087 0.976686915342161
8.088 0.976727307440542
8.089 0.976767791892045
8.09 0.976808276343549
8.091 0.976848760795052
8.092 0.976889343121951
8.093 0.976929969421854
8.094 0.976970595721756
8.095 0.977011234162761
8.096 0.977052012226432
8.097 0.977092790290102
8.098 0.977133568353773
8.099 0.977174422406638
8.1 0.977215362149446
8.101 0.977256301892254
8.102 0.977297241635061
8.103 0.977338328949143
8.104 0.977379440286456
8.105 0.977420551623769
8.106 0.977461708338551
8.107 0.977503001185738
8.108 0.977544294032925
8.109 0.977585586880112
8.11 0.977627002239454
8.111 0.977668486511883
8.112 0.977709970784313
8.113 0.97775146109696
8.114 0.977793146710001
8.115 0.977834832323041
8.116 0.977876517936082
8.117 0.977918292276634
8.118 0.977960189145654
8.119 0.978002086014674
8.12 0.978043982883694
8.121 0.978086058901506
8.122 0.978128176941874
8.123 0.978170294982243
8.124 0.978212459239954
8.125 0.978254808367039
8.126 0.978297157494124
8.127 0.978339506621209
8.128 0.978381997939525
8.129 0.978424588068695
8.13 0.978467178197866
8.131 0.978509768327037
8.132 0.978552604355312
8.133 0.978595445401936
8.134 0.978638286448561
8.135 0.978681224003329
8.136 0.978724325882776
8.137 0.978767427762223
8.138 0.97881052964167
8.139 0.978853837289742
8.14 0.97889720991738
8.141 0.978940582545018
8.142 0.97898399727219
8.143 0.979027650563387
8.144 0.979071303854585
8.145 0.979114957145783
8.146 0.979158767349602
8.147 0.979202711219728
8.148 0.979246655089854
8.149 0.97929059895998
8.15 0.979334822289802
8.151 0.979379066654225
8.152 0.979423311018648
8.153 0.979467654714163
8.154 0.979512209488251
8.155 0.979556764262339
8.156 0.979601319036427
8.157 0.97964610124129
8.158 0.979690976340412
8.159 0.979735851439534
8.16 0.979780759562697
8.161 0.979825964902221
8.162 0.979871170241746
8.163 0.97991637558127
8.164 0.979961747597123
8.165 0.980007293092419
8.166 0.980052838587715
8.167 0.98009838408301
8.168 0.980144237640909
8.169 0.980190133207345
8.17 0.98023602877378
8.171 0.980282021536573
8.172 0.980328277089517
8.173 0.98037453264246
8.174 0.980420788195404
8.175 0.980467287883587
8.176 0.980513913338408
8.177 0.980560538793228
8.178 0.980607183238911
8.179 0.980654188510977
8.18 0.980701193783043
8.181 0.980748199055109
8.182 0.980795375809525
8.183 0.980842770814205
8.184 0.980890165818885
8.185 0.980937560823565
8.186 0.980985287536071
8.187 0.981033082188734
8.188 0.981080876841396
8.189 0.981128761597996
8.19 0.98117696581401
8.191 0.981225170030024
8.192 0.981273374246038
8.193 0.98132183434407
8.194 0.981370458038804
8.195 0.981419081733538
8.196 0.981467705428271
8.197 0.981516758517093
8.198 0.981565811605915
8.199 0.981614864694737
8.2 0.981664089114247
8.201 0.981713581512525
8.202 0.981763073910804
8.203 0.981812566309083
8.204 0.981862409102725
8.205 0.981912350725829
8.206 0.981962292348934
8.207 0.982012311975289
8.208 0.982062712441046
8.209 0.982113112906803
8.21 0.982163513372561
8.211 0.98221416794674
8.212 0.982265022177537
8.213 0.982315876408334
8.214 0.982366730639131
8.215 0.982417991052049
8.216 0.982469272842972
8.217 0.982520554633896
8.218 0.982571972328913
8.219 0.982623653837757
8.22 0.982675335346602
8.221 0.982727016855446
8.222 0.982778969833561
8.223 0.98283102321812
8.224 0.982883076602678
8.225 0.982935171271257
8.226 0.982987568689322
8.227 0.983039966107388
8.228 0.983092363525454
8.229 0.983144922201083
8.23 0.98319763581045
8.231 0.983250349419816
8.232 0.983303063029183
8.233 0.983356036152735
8.234 0.983409038111197
8.235 0.983462040069658
8.236 0.983515117575117
8.237 0.983568380040467
8.238 0.983621642505816
8.239 0.983674904971165
8.24 0.983728325648498
8.241 0.983781820778529
8.242 0.98383531590856
8.243 0.983888825376165
8.244 0.983942525328671
8.245 0.983996225281177
8.246 0.984049925233683
8.247 0.984103706597113
8.248 0.984157583529888
8.249 0.984211460462663
8.25 0.984265337395438
8.251 0.984319341095566
8.252 0.984373367166403
8.253 0.98442739323724
8.254 0.984481448419082
8.255 0.984535595785775
8.256 0.984589743152468
8.257 0.984643890519162
8.258 0.984698096761654
8.259 0.984752337581996
8.26 0.984806578402338
8.261 0.984860820534909
8.262 0.984915126966694
8.263 0.984969433398479
8.264 0.985023739830264
8.265 0.985078061747436
8.266 0.985132405948457
8.267 0.985186750149479
8.268 0.985241094350501
8.269 0.985295446493146
8.27 0.985349800621197
8.271 0.985404154749248
8.272 0.985458505473416
8.273 0.985512841686291
8.274 0.985567177899166
8.275 0.985621514112041
8.276 0.985675823785633
8.277 0.985730114241125
8.278 0.985784404696617
8.279 0.985838695152108
8.28 0.985892914215998
8.281 0.985947131071901
8.282 0.986001347927803
8.283 0.986055528264659
8.284 0.986109643678765
8.285 0.986163759092871
8.286 0.986217874506977
8.287 0.986271892958082
8.288 0.986325879088186
8.289 0.98637986521829
8.29 0.986433829350724
8.291 0.986487658354619
8.292 0.986541487358514
8.293 0.986595316362409
8.294 0.986649047333044
8.295 0.986702691368524
8.296 0.986756335404004
8.297 0.986809979439484
8.298 0.986863427689191
8.299 0.986916858914049
8.3 0.986970290138906
8.301 0.987023646761387
8.302 0.987076837333417
8.303 0.987130027905447
8.304 0.987183218477476
8.305 0.987236221102981
8.306 0.987289143179976
8.307 0.98734206525697
8.308 0.987394960663613
8.309 0.987447586403367
8.31 0.98750021214312
8.311 0.987552837882874
8.312 0.987605308016493
8.313 0.987657609576798
8.314 0.987709911137104
8.315 0.987762212697409
8.316 0.987814207998876
8.317 0.987866157537528
8.318 0.98791810707618
8.319 0.987969957850228
8.32 0.988021527525019
8.321 0.98807309719981
8.322 0.988124666874601
8.323 0.988175971540448
8.324 0.988227133509172
8.325 0.988278295477896
8.326 0.988329440024689
8.327 0.988380166445139
8.328 0.988430892865589
8.329 0.98848161928604
8.33 0.988532146448583
8.331 0.988582409478554
8.332 0.988632672508524
8.333 0.988682935538494
8.334 0.988732795757662
8.335 0.988782567554946
8.336 0.98883233935223
8.337 0.988882002143786
8.338 0.988931254866177
8.339 0.988980507588568
8.34 0.989029760310959
8.341 0.98907868488309
8.342 0.989127390688381
8.343 0.989176096493673
8.344 0.989224802298964
8.345 0.989272939092543
8.346 0.989321070138528
8.347 0.989369201184514
8.348 0.989417103241925
8.349 0.989464631686398
8.35 0.989512160130871
8.351 0.989559688575344
8.352 0.989606731852383
8.353 0.989653630209279
8.354 0.989700528566175
8.355 0.9897473238194
8.356 0.989793577778359
8.357 0.989839831737318
8.358 0.989886085696277
8.359 0.989931986571717
8.36 0.989977598560643
8.361 0.990023210549569
8.362 0.990068822538495
8.363 0.990113834374403
8.364 0.990158807902672
8.365 0.99020378143094
8.366 0.990248545425286
8.367 0.990292884002273
8.368 0.99033722257926
8.369 0.990381561156248
8.37 0.990425445095063
8.371 0.990469152230144
8.372 0.990512859365225
8.373 0.990556497427729
8.374 0.99059957663028
8.375 0.990642655832831
8.376 0.990685735035382
8.377 0.990728502026357
8.378 0.990770956805754
8.379 0.990813411585151
8.38 0.990855866364548
8.381 0.990897768530682
8.382 0.990939602396301
8.383 0.990981436261919
8.384 0.991023097254304
8.385 0.99106431371552
8.386 0.991105530176735
8.387 0.99114674663795
8.388 0.991187551789497
8.389 0.991228154355685
8.39 0.991268756921873
8.391 0.991309322864922
8.392 0.991349315045459
8.393 0.991389307225996
8.394 0.991429299406533
8.395 0.991469018492745
8.396 0.991508403797006
8.397 0.991547789101267
8.398 0.991587174405527
8.399 0.991626052881592
8.4 0.991664834818953
8.401 0.991703616756313
8.402 0.991742260726443
8.403 0.991780442806279
8.404 0.991818624886115
8.405 0.991856806965951
8.406 0.991894619309935
8.407 0.991932205041623
8.408 0.99196979077331
8.409 0.99200737057661
8.41 0.992044363469525
8.411 0.992081356362439
8.412 0.992118349255353
8.413 0.992155106416509
8.414 0.992191509980026
8.415 0.992227913543543
8.416 0.99226431710706
8.417 0.992300257872759
8.418 0.992336075616255
8.419 0.99237189335975
8.42 0.992407606287329
8.421 0.992442841720178
8.422 0.992478077153027
8.423 0.992513312585877
8.424 0.992548218102002
8.425 0.992582874733581
8.426 0.992617531365161
8.427 0.99265218799674
8.428 0.9926862923481
8.429 0.992720373687785
8.43 0.99275445502747
8.431 0.992788336243273
8.432 0.992821845800439
8.433 0.992855355357604
8.434 0.99288886491477
8.435 0.99292195394981
8.436 0.992954895233833
8.437 0.992987836517855
8.438 0.993020704382588
8.439 0.993053080902843
8.44 0.993085457423098
8.441 0.993117833943354
8.442 0.993149918611325
8.443 0.993181733877189
8.444 0.993213549143053
8.445 0.993245364408916
8.446 0.993276672126815
8.447 0.993307929647663
8.448 0.99333918716851
8.449 0.993370278418665
8.45 0.993400981703872
8.451 0.99343168498908
8.452 0.993462388274287
8.453 0.993492711558371
8.454 0.993522864117314
8.455 0.993553016676256
8.456 0.993583125457847
8.457 0.993612730799901
8.458 0.993642336141955
8.459 0.993671941484009
8.46 0.993701291283531
8.461 0.993730352918071
8.462 0.993759414552611
8.463 0.993788476187151
8.464 0.993817073251293
8.465 0.993845594687696
8.466 0.993874116124099
8.467 0.993902503388311
8.468 0.993930488135952
8.469 0.993958472883593
8.47 0.993986457631234
8.471 0.994014101144068
8.472 0.994041552712323
8.473 0.994069004280578
8.474 0.994096439958732
8.475 0.994123361856977
8.476 0.994150283755222
8.477 0.994177205653466
8.478 0.994203906564244
8.479 0.994230302301854
8.48 0.994256698039463
8.481 0.994283093777073
8.482 0.994309066167163
8.483 0.994334939253514
8.484 0.994360812339864
8.485 0.994386581597838
8.486 0.994411935542306
8.487 0.994437289486773
8.488 0.99446264343124
8.489 0.994487693152528
8.49 0.994512531464488
8.491 0.994537369776448
8.492 0.994562208088408
8.493 0.994586544519698
8.494 0.994610870708526
8.495 0.994635196897354
8.496 0.994659334905918
8.497 0.994683152499438
8.498 0.994706970092958
8.499 0.994730787686478
8.5 0.994754221830373
8.501 0.994777534884912
8.502 0.994800847939452
8.503 0.994824086010665
8.504 0.994846899176365
8.505 0.994869712342066
8.506 0.994892525507766
8.507 0.994915071261616
8.508 0.994937389220187
8.509 0.994959707178758
8.51 0.994982025137329
8.511 0.995003886907259
8.512 0.995025714340409
8.513 0.99504754177356
8.514 0.995069213736723
8.515 0.995090555326162
8.516 0.995111896915601
8.517 0.995133238505041
8.518 0.995154238469458
8.519 0.995175098896896
8.52 0.995195959324333
8.521 0.995216772103741
8.522 0.995237156050886
8.523 0.99525753999803
8.524 0.995277923945174
8.525 0.995298076711013
8.526 0.995317988859573
8.527 0.995337901008134
8.528 0.995357813156695
8.529 0.995377314242406
8.53 0.995396759274092
8.531 0.995416204305778
8.532 0.99543552447997
8.533 0.99545450707649
8.534 0.995473489673011
8.535 0.995492472269532
8.536 0.995511152748772
8.537 0.995529677591836
8.538 0.995548202434901
8.539 0.995566704624378
8.54 0.995584776395695
8.541 0.995602848167013
8.542 0.99562091993833
8.543 0.995638794418031
8.544 0.99565641779931
8.545 0.99567404118059
8.546 0.995691664561869
8.547 0.995708919665236
8.548 0.995726099338187
8.549 0.995743279011137
8.55 0.995760362098232
8.551 0.995777102744563
8.552 0.995793843390894
8.553 0.995810584037226
8.554 0.995827059733162
8.555 0.995843366034583
8.556 0.995859672336004
8.557 0.995875978637425
8.558 0.995891855275645
8.559 0.995907731913864
8.56 0.995923608552084
8.561 0.995939319447522
8.562 0.995954771104249
8.563 0.995970222760977
8.564 0.995985674417705
8.565 0.996000798240602
8.566 0.996015829597546
8.567 0.996030860954491
8.568 0.996045821656363
8.569 0.996060437395234
8.57 0.996075053134105
8.571 0.996089668872976
8.572 0.996104054487483
8.573 0.996118259289989
8.574 0.996132464092495
8.575 0.996146668895002
8.576 0.996160487755585
8.577 0.996174286303436
8.578 0.996188084851287
8.579 0.996201746864337
8.58 0.996215143839241
8.581 0.996228540814146
8.582 0.996241937789051
8.583 0.996255045033352
8.584 0.99626804511702
8.585 0.996281045200688
8.586 0.996293998219213
8.587 0.996306606093352
8.588 0.996319213967492
8.589 0.996331821841632
8.59 0.996344232076584
8.591 0.996356452422905
8.592 0.996368672769226
8.593 0.996380893115547
8.594 0.996392768900369
8.595 0.996404606400581
8.596 0.996416443900792
8.597 0.996428171733327
8.598 0.996439631069138
8.599 0.996451090404949
8.6 0.99646254974076
8.601 0.996473755108341
8.602 0.996484840961461
8.603 0.996495926814581
8.604 0.996506986851632
8.605 0.996517703903769
8.606 0.996528420955907
8.607 0.996539138008045
8.608 0.996549687565317
8.609 0.996560040498182
8.61 0.996570393431046
8.611 0.996580746363911
8.612 0.996590793774847
8.613 0.996600787270148
8.614 0.996610780765448
8.615 0.996620689119344
8.616 0.996630327858791
8.617 0.996639966598237
8.618 0.996649605337684
8.619 0.996659023530418
8.62 0.996668312195719
8.621 0.99667760086102
8.622 0.996686882618472
8.623 0.996695825891337
8.624 0.996704769164202
8.625 0.996713712437067
8.626 0.996722516018533
8.627 0.996731118580671
8.628 0.996739721142808
8.629 0.996748323704945
8.63 0.996756657443869
8.631 0.996764923976988
8.632 0.996773190510108
8.633 0.996781394087239
8.634 0.99678932927305
8.635 0.996797264458861
8.636 0.996805199644672
8.637 0.996812945364435
8.638 0.996820553884647
8.639 0.996828162404858
8.64 0.996835770925069
8.641 0.996843067810584
8.642 0.996850355057913
8.643 0.996857642305242
8.644 0.996864821661465
8.645 0.996871809211277
8.646 0.99687879676109
8.647 0.996885784310903
8.648 0.996892575335458
8.649 0.996899300851594
8.65 0.996906026367729
8.651 0.996912720568992
8.652 0.996919222407461
8.653 0.996925724245931
8.654 0.9969322260844
8.655 0.996938629702393
8.656 0.996944946219207
8.657 0.996951262736022
8.658 0.996957579252837
8.659 0.996963760561259
8.66 0.99696993011243
8.661 0.9969760996636
8.662 0.996982235545785
8.663 0.996988296487323
8.664 0.996994357428861
8.665 0.9970004183704
8.666 0.997006430134402
8.667 0.997012420822319
8.668 0.997018411510235
8.669 0.997024399327367
8.67 0.997030358117673
8.671 0.997036316907979
8.672 0.997042275698285
8.673 0.997048237588623
8.674 0.99705420283733
8.675 0.997060168086036
8.676 0.997066133334743
8.677 0.997072137571988
8.678 0.997078147635106
8.679 0.997084157698224
8.68 0.997090189385653
8.681 0.997096282619194
8.682 0.997102375852735
8.683 0.997108469086277
8.684 0.997114641312
8.685 0.997120856071975
8.686 0.99712707083195
8.687 0.997133291987223
8.688 0.997139666629643
8.689 0.997146041272063
8.69 0.997152415914484
8.691 0.99715887579944
8.692 0.997165448680316
8.693 0.997172021561193
8.694 0.997178594442069
8.695 0.997185361330409
8.696 0.997192170805753
8.697 0.997198980281096
8.698 0.997205847496041
8.699 0.997212931921863
8.7 0.997220016347685
8.701 0.997227100773507
8.702 0.997234373183223
8.703 0.997241770915535
8.704 0.997249168647846
8.705 0.997256566380158
8.706 0.997264312258345
8.707 0.997272061653157
8.708 0.997279811047969
8.709 0.997287708649816
8.71 0.99729584806314
8.711 0.997303987476464
8.712 0.997312126889788
8.713 0.997320596151495
8.714 0.997329163939342
8.715 0.997337731727189
8.716 0.997346374191921
8.717 0.997355408710302
8.718 0.997364443228683
8.719 0.997373477747064
8.72 0.997382790063044
8.721 0.99739232966797
8.722 0.997401869272896
8.723 0.997411408877821
8.724 0.99742145931875
8.725 0.997431542366232
8.726 0.997441625413714
8.727 0.997451900454723
8.728 0.997462565300773
8.729 0.997473230146822
8.73 0.997483894992871
8.731 0.997495006350217
8.732 0.997506291350845
8.733 0.997517576351473
8.734 0.997528933788266
8.735 0.997540877299483
8.736 0.9975528208107
8.737 0.997564764321917
8.738 0.997577056266435
8.739 0.997589696644253
8.74 0.99760233702207
8.741 0.997614977399888
8.742 0.99762827212583
8.743 0.99764164772626
8.744 0.99765502332669
8.745 0.997668615529134
8.746 0.997682764708186
8.747 0.997696913887239
8.748 0.997711063066292
8.749 0.997725756241549
8.75 0.997740717355235
8.751 0.997755678468922
8.752 0.997770690600047
8.753 0.997786502004378
8.754 0.99780231340871
8.755 0.997818124813042
8.756 0.997834336108368
8.757 0.997851036159356
8.758 0.997867736210344
8.759 0.997884436261331
8.76 0.997901914994559
8.761 0.997919542048214
8.762 0.99793716910187
8.763 0.997955018188021
8.764 0.997973610600354
8.765 0.997992203012688
8.766 0.998010795425021
8.767 0.998030010140462
8.768 0.998049606267485
8.769 0.998069202394508
8.77 0.998088808942238
8.771 0.998109447139962
8.772 0.998130085337685
8.773 0.998150723535409
8.774 0.998171793903817
8.775 0.998193512528252
8.776 0.998215231152687
8.777 0.998236949777123
8.778 0.998259552239909
8.779 0.998282389647067
8.78 0.998305227054225
8.781 0.998328272746356
8.782 0.998352267292248
8.783 0.99837626183814
8.784 0.998400256384032
8.785 0.998424930912933
8.786 0.998450118411472
8.787 0.998475305910011
8.788 0.99850049340855
8.789 0.998526815491842
8.79 0.998553184849498
8.791 0.998579554207154
8.792 0.998606318890818
8.793 0.998633817751351
8.794 0.998661316611885
8.795 0.998688815472418
8.796 0.998717110380039
8.797 0.998745684979879
8.798 0.99877425957972
8.799 0.998802967036406
8.8 0.998832563611983
8.801 0.998862160187561
8.802 0.998891756763138
8.803 0.998921856809042
8.804 0.998952421596785
8.805 0.998982986384529
8.806 0.999013551172272
8.807 0.999044948108239
8.808 0.999076427344579
8.809 0.999107906580919
8.81 0.999139644022767
8.811 0.999171983944133
8.812 0.999204323865499
8.813 0.999236663786865
8.814 0.999269560484035
8.815 0.999302707326857
8.816 0.999335854169679
8.817 0.999369061265132
8.818 0.999402961265839
8.819 0.999436861266547
8.82 0.999470761267254
8.821 0.99950498998329
8.822 0.999539589378313
8.823 0.999574188773336
8.824 0.999608788168359
8.825 0.999643942805823
8.826 0.999679187831591
8.827 0.999714432857359
8.828 0.999749825849921
8.829 0.999785662742864
8.83 0.999821499635807
8.831 0.99985733652875
8.832 0.999893517808001
8.833 0.99992989280455
8.834 0.999966267801098
8.835 1.00000265732785
8.836 1.00003951666443
8.837 1.00007637600101
8.838 1.00011323533759
8.839 1.00015027551629
8.84 1.00018756542934
8.841 1.00022485534238
8.842 1.00026214525543
8.843 1.00029974038692
8.844 1.00033740711286
8.845 1.0003750738388
8.846 1.0004128051746
8.847 1.00045079494987
8.848 1.00048878472513
8.849 1.0005267745004
8.85 1.00056492315426
8.851 1.00060318221528
8.852 1.00064144127629
8.853 1.00067970033731
8.854 1.00071817061007
8.855 1.00075664519327
8.856 1.00079511977647
8.857 1.00083365421036
8.858 1.00087229055218
8.859 1.00091092689399
8.86 1.0009495632358
8.861 1.00098828165385
8.862 1.00102702599071
8.863 1.00106577032757
8.864 1.00110452279915
8.865 1.00114332136748
8.866 1.00118211993581
8.867 1.00122091850414
8.868 1.00125971732514
8.869 1.00129851636137
8.87 1.0013373153976
8.871 1.00137611443383
8.872 1.0014148639051
8.873 1.00145360964566
8.874 1.00149235538623
8.875 1.00153106686783
8.876 1.00156970554916
8.877 1.00160834423049
8.878 1.00164698291182
8.879 1.00168550740895
8.88 1.00172398526747
8.881 1.00176246312599
8.882 1.00180091952587
8.883 1.00183918279802
8.884 1.00187744607016
8.885 1.0019157093423
8.886 1.00195384112296
8.887 1.00199183604515
8.888 1.00202983096735
8.889 1.00206782588954
8.89 1.00210553735183
8.891 1.00214321016051
8.892 1.00218088296918
8.893 1.00221845429104
8.894 1.00225575122262
8.895 1.00229304815421
8.896 1.00233034508579
8.897 1.00236735845454
8.898 1.00240422574547
8.899 1.00244109303639
8.9 1.0024779361571
8.901 1.0025143200438
8.902 1.0025507039305
8.903 1.00258708781719
8.904 1.00262323535005
8.905 1.00265908206895
8.906 1.00269492878784
8.907 1.00273077550674
8.908 1.0027661317526
8.909 1.00280138754012
8.91 1.00283664332765
8.911 1.00287175728229
8.912 1.00290636837487
8.913 1.00294097946746
8.914 1.00297559056004
8.915 1.00300977559294
8.916 1.00304368822701
8.917 1.00307760086109
8.918 1.00311151349516
8.919 1.00314467390715
8.92 1.00317783431915
8.921 1.00321099473114
8.922 1.00324384080874
8.923 1.00327619523508
8.924 1.00330854966143
8.925 1.00334090408777
8.926 1.00337258790973
8.927 1.00340408258685
8.928 1.00343557726397
8.929 1.00346691702039
8.93 1.00349750039926
8.931 1.00352808377814
8.932 1.00355866715701
8.933 1.00358873019529
8.934 1.00361838439451
8.935 1.00364803859373
8.936 1.00367769279296
8.937 1.00370647216653
8.938 1.00373520549664
8.939 1.00376393882675
8.94 1.00379236212147
8.941 1.0038201835828
8.942 1.00384800504413
8.943 1.00387582650546
8.944 1.00390298887282
8.945 1.0039299074657
8.946 1.00395682605858
8.947 1.00398363738729
8.948 1.00400966211206
8.949 1.00403568683683
8.95 1.0040617115616
8.951 1.00408728500381
8.952 1.0041124248608
8.953 1.00413756471779
8.954 1.00416270457478
8.955 1.00418705615107
8.956 1.00421132014062
8.957 1.00423558413016
8.958 1.00425959672825
8.959 1.00428299385068
8.96 1.00430639097312
8.961 1.00432978809555
8.962 1.00435260186858
8.963 1.00437514112424
8.964 1.0043976803799
8.965 1.0044201602149
8.966 1.00444185060412
8.967 1.00446354099333
8.968 1.00448523138254
8.969 1.00450653543335
8.97 1.00452738595646
8.971 1.00454823647957
8.972 1.00456908700267
8.973 1.00458923128987
8.974 1.0046092509472
8.975 1.00462927060454
8.976 1.00464909301416
8.977 1.00466829080606
8.978 1.00468748859795
8.979 1.00470668638984
8.98 1.00472537207671
8.981 1.0047437570035
8.982 1.00476214193028
8.983 1.00478051077977
8.984 1.00479809184178
8.985 1.0048156729038
8.986 1.00483325396581
8.987 1.00485050913341
8.988 1.00486729533098
8.989 1.00488408152855
8.99 1.00490086772613
8.991 1.00491702523242
8.992 1.00493302556589
8.993 1.00494902589936
8.994 1.00496487862871
8.995 1.00498010209841
8.996 1.00499532556811
8.997 1.00501054903782
8.998 1.00502532714672
8.999 1.00503978275299
9 1.00505423835925
9.001 1.00506869396551
9.002 1.00508241347457
9.003 1.00509611021773
9.004 1.00510980696089
9.005 1.00512323375345
9.006 1.00513618063384
9.007 1.00514912751423
9.008 1.00516207439462
9.009 1.00517446562819
9.01 1.00518667164615
9.011 1.00519887766411
9.012 1.00521098122138
9.013 1.00522245537724
9.014 1.00523392953309
9.015 1.00524540368895
9.016 1.00525649472807
9.017 1.00526724602216
9.018 1.00527799731626
9.019 1.00528874861035
9.02 1.00529884315193
9.021 1.00530888058459
9.022 1.00531891801725
9.023 1.00532873694296
9.024 1.00533806951453
9.025 1.00534740208609
9.026 1.00535673465765
9.027 1.00536558012668
9.028 1.00537421683748
9.029 1.00538285354827
9.03 1.00539142844163
9.031 1.005399378292
9.032 1.00540732814237
9.033 1.00541527799274
9.034 1.00542290247026
9.035 1.00543017446053
9.036 1.0054374464508
9.037 1.00544471844107
9.038 1.00545140852335
9.039 1.00545801165386
9.04 1.00546461478437
9.041 1.00547104635143
9.042 1.00547698962251
9.043 1.0054829328936
9.044 1.00548887616468
9.045 1.00549439637735
9.046 1.00549968878934
9.047 1.00550498120133
9.048 1.00551024793897
9.049 1.0055148984922
9.05 1.00551954904543
9.051 1.00552419959866
9.052 1.00552857802277
9.053 1.00553259571757
9.054 1.00553661341237
9.055 1.00554063110718
9.056 1.00554413723834
9.057 1.00554753107506
9.058 1.00555092491177
9.059 1.00555418962835
9.06 1.0055569686073
9.061 1.00555974758626
9.062 1.00556252656521
9.063 1.00556494202971
9.064 1.00556711515124
9.065 1.00556928827277
9.066 1.00557146139429
9.067 1.00557304362731
9.068 1.00557461989175
9.069 1.00557619615619
9.07 1.00557754903506
9.071 1.00557853744275
9.072 1.00557952585043
9.073 1.00558051425812
9.074 1.00558105738781
9.075 1.00558146751238
9.076 1.00558187763694
9.077 1.00558219793196
9.078 1.00558204662185
9.079 1.00558189531174
9.08 1.00558174400163
9.081 1.0055812959193
9.082 1.00558060502334
9.083 1.00557991412739
9.084 1.00557922323143
9.085 1.00557804575506
9.086 1.00557683722037
9.087 1.00557562868567
9.088 1.00557425657275
9.089 1.00557255234643
9.09 1.00557084812012
9.091 1.00556914389381
9.092 1.00556709857145
9.093 1.00556492060062
9.094 1.0055627426298
9.095 1.00556051496127
9.096 1.00555788519305
9.097 1.00555525542483
9.098 1.00555262565662
9.099 1.00554978096326
9.1 1.00554672134476
9.101 1.00554366172626
9.102 1.00554060210776
9.103 1.00553717945545
9.104 1.00553371193378
9.105 1.00553024441211
9.106 1.00552666882275
9.107 1.00552281534502
9.108 1.0055189618673
9.109 1.00551510838958
9.11 1.00551101102586
9.111 1.0055067935392
9.112 1.00550257605253
9.113 1.00549833804215
9.114 1.00549377849366
9.115 1.00548921894516
9.116 1.00548465939667
9.117 1.00547995579656
9.118 1.00547507613334
9.119 1.00547019647013
9.12 1.00546531680692
9.121 1.00546018668293
9.122 1.00545500885211
9.123 1.0054498310213
9.124 1.00544458965977
9.125 1.00543913560847
9.126 1.00543368155717
9.127 1.00542822750586
9.128 1.00542261580507
9.129 1.00541690748039
9.13 1.00541119915571
9.131 1.00540548850777
9.132 1.00539954785683
9.133 1.00539360720589
9.134 1.00538766655495
9.135 1.00538164175234
9.136 1.00537549072225
9.137 1.00536933969215
9.138 1.00536318866206
9.139 1.00535688877066
9.14 1.00535054930853
9.141 1.0053442098464
9.142 1.00533784041699
9.143 1.00533133446994
9.144 1.00532482852289
9.145 1.00531832257583
9.146 1.00531173424223
9.147 1.00530508375736
9.148 1.0052984332725
9.149 1.00529178278763
9.15 1.0052850146157
9.151 1.00527824154014
9.152 1.00527146846458
9.153 1.00526466016376
9.154 1.00525778644462
9.155 1.00525091272547
9.156 1.00524403900633
9.157 1.00523710705179
9.158 1.00523015463618
9.159 1.00522320222056
9.16 1.00521624242753
9.161 1.00520923326256
9.162 1.00520222409758
9.163 1.00519521493261
9.164 1.00518818767047
9.165 1.00518114370325
9.166 1.00517409973604
9.167 1.00516705576882
9.168 1.00516000010343
9.169 1.00515294328108
9.17 1.00514588645873
9.171 1.00513883236397
9.172 1.0051317846336
9.173 1.00512473690324
9.174 1.00511768917287
9.175 1.00511066285948
9.176 1.00510364616821
9.177 1.00509662947693
9.178 1.00508961702455
9.179 1.00508265331949
9.18 1.00507568961443
9.181 1.00506872590936
9.182 1.00506179742296
9.183 1.00505490865122
9.184 1.00504801987948
9.185 1.00504113110773
9.186 1.00503432565316
9.187 1.00502753376185
9.188 1.00502074187054
9.189 1.00501397968612
9.19 1.00500730662236
9.191 1.0050006335586
9.192 1.00499396049483
9.193 1.00498737752686
9.194 1.00498084523776
9.195 1.00497431294866
9.196 1.00496778554121
9.197 1.00496141597388
9.198 1.00495504640656
9.199 1.00494867683923
9.2 1.00494238483284
9.201 1.0049361999344
9.202 1.00493001503596
9.203 1.00492383013752
9.204 1.00491781259805
9.205 1.00491183431561
9.206 1.00490585603317
9.207 1.00489992346336
9.208 1.00489417374403
9.209 1.00488842402471
9.21 1.00488267430538
9.211 1.00487707238709
9.212 1.00487157317799
9.213 1.00486607396889
9.214 1.00486057475979
9.215 1.00485534255889
9.216 1.00485011580713
9.217 1.00484488905538
9.218 1.00483977053418
9.219 1.00483483629745
9.22 1.00482990206072
9.221 1.00482496782399
9.222 1.00482025577411
9.223 1.00481561388851
9.224 1.00481097200291
9.225 1.00480637210586
9.226 1.00480201014391
9.227 1.00479764818196
9.228 1.00479328622001
9.229 1.00478906861314
9.23 1.00478497397543
9.231 1.00478087933771
9.232 1.0047767847
9.233 1.00477292695636
9.234 1.00476908704346
9.235 1.00476524713056
9.236 1.00476148469779
9.237 1.00475788691028
9.238 1.00475428912277
9.239 1.00475069133527
9.24 1.0047472565112
9.241 1.00474388824968
9.242 1.00474051998815
9.243 1.00473717341927
9.244 1.0047340220843
9.245 1.00473087074933
9.246 1.00472771941436
9.247 1.00472466819968
9.248 1.00472172119184
9.249 1.00471877418401
9.25 1.00471582717617
9.251 1.00471304888873
9.252 1.00471029360861
9.253 1.00470753832849
9.254 1.00470483141302
9.255 1.0047022552612
9.256 1.00469967910938
9.257 1.00469710295757
9.258 1.00469463671481
9.259 1.00469222709188
9.26 1.00468981746894
9.261 1.00468741554248
9.262 1.004685159849
9.263 1.00468290415552
9.264 1.00468064846205
9.265 1.00467845495379
9.266 1.00467634059035
9.267 1.00467422622692
9.268 1.00467211186348
9.269 1.00467010434647
9.27 1.00466811871365
9.271 1.00466613308084
9.272 1.0046641729969
9.273 1.00466230349529
9.274 1.00466043399368
9.275 1.00465856449208
9.276 1.00465675814486
9.277 1.00465499217504
9.278 1.00465322620521
9.279 1.00465146023539
9.28 1.00464978519793
9.281 1.00464811016048
9.282 1.00464643512302
9.283 1.00464479063541
9.284 1.0046431939309
9.285 1.00464159722639
9.286 1.00464000052188
9.287 1.00463845508952
9.288 1.00463692411854
9.289 1.00463539314756
9.29 1.00463387120937
9.291 1.00463239337249
9.292 1.00463091553561
9.293 1.00462943769874
9.294 1.00462798256129
9.295 1.0046265452591
9.296 1.00462510795691
9.297 1.00462367065473
9.298 1.00462225989105
9.299 1.00462085052413
9.3 1.00461944115722
9.301 1.00461803700449
9.302 1.00461664297342
9.303 1.00461524894235
9.304 1.00461385491129
9.305 1.00461246287782
9.306 1.00461107158318
9.307 1.00460968028855
9.308 1.00460828781036
9.309 1.00460688665273
9.31 1.00460548549511
9.311 1.00460408433749
9.312 1.00460267172403
9.313 1.004601248104
9.314 1.00459982448397
9.315 1.00459840086394
9.316 1.00459694568827
9.317 1.00459548700641
9.318 1.00459402832456
9.319 1.00459255582094
9.32 1.00459104947784
9.321 1.00458954313474
9.322 1.00458803679164
9.323 1.00458648947129
9.324 1.00458492286752
9.325 1.00458335626375
9.326 1.00458178455978
9.327 1.00458014509593
9.328 1.00457850563209
9.329 1.00457686616824
9.33 1.00457518739302
9.331 1.00457346246967
9.332 1.00457173754631
9.333 1.00457001262296
9.334 1.00456820434953
9.335 1.00456638136726
9.336 1.00456455838499
9.337 1.00456270884471
9.338 1.0045607752041
9.339 1.00455884156348
9.34 1.00455690792287
9.341 1.00455489662986
9.342 1.00455283973149
9.343 1.00455078283312
9.344 1.0045487232176
9.345 1.00454653046205
9.346 1.0045443377065
9.347 1.00454214495095
9.348 1.00453989132819
9.349 1.00453755011604
9.35 1.00453520890388
9.351 1.00453286769173
9.352 1.00453039763476
9.353 1.0045278953666
9.354 1.00452539309843
9.355 1.00452285783573
9.356 1.00452018191212
9.357 1.00451750598852
9.358 1.00451483006491
9.359 1.00451204611349
9.36 1.00450918393503
9.361 1.00450632175657
9.362 1.0045034595781
9.363 1.00450040618062
9.364 1.00449734686914
9.365 1.00449428755766
9.366 1.00449115900294
9.367 1.00448790734912
9.368 1.00448465569529
9.369 1.00448140404147
9.37 1.00447801800046
9.371 1.00447458716374
9.372 1.00447115632701
9.373 1.00446770225801
9.374 1.00446410547649
9.375 1.00446050869497
9.376 1.00445691191344
9.377 1.00445323419738
9.378 1.00444948470918
9.379 1.00444573522099
9.38 1.00444198573279
9.381 1.00443810793351
9.382 1.00443421897675
9.383 1.00443033001999
9.384 1.00442640193178
9.385 1.00442238674457
9.386 1.00441837155736
9.387 1.00441435637014
9.388 1.00441026208829
9.389 1.00440613390874
9.39 1.00440200572919
9.391 1.00439786857176
9.392 1.00439364063799
9.393 1.00438941270421
9.394 1.00438518477044
9.395 1.00438091530894
9.396 1.00437660085905
9.397 1.00437228640917
9.398 1.00436797195928
9.399 1.00436359375754
9.4 1.00435920602966
9.401 1.00435481830177
9.402 1.00435041496352
9.403 1.00434596719576
9.404 1.00434151942799
9.405 1.00433707166023
9.406 1.00433259347131
9.407 1.00432809890178
9.408 1.00432360433224
9.409 1.00431910842016
9.41 1.00431458028697
9.411 1.00431005215377
9.412 1.00430552402058
9.413 1.0043009871474
9.414 1.00429643868867
9.415 1.00429189022994
9.416 1.0042873417712
9.417 1.00428278750077
9.418 1.00427823195461
9.419 1.00427367640844
9.42 1.00426912215392
9.421 1.00426457275844
9.422 1.00426002336295
9.423 1.00425547396747
9.424 1.00425093620527
9.425 1.00424640619858
9.426 1.00424187619189
9.427 1.00423734618521
9.428 1.00423284847916
9.429 1.00422835109939
9.43 1.00422385371961
9.431 1.00421937376854
9.432 1.00421492225379
9.433 1.00421047073904
9.434 1.00420601922429
9.435 1.00420161321896
9.436 1.00419722080734
9.437 1.00419282839573
9.438 1.00418844755871
9.439 1.00418412748835
9.44 1.00417980741798
9.441 1.00417548734761
9.442 1.0041712143459
9.443 1.0041669798549
9.444 1.0041627453639
9.445 1.0041585108729
9.446 1.00415436927033
9.447 1.0041502335968
9.448 1.00414609792328
9.449 1.0041419992281
9.45 1.00413797561017
9.451 1.00413395199223
9.452 1.0041299283743
9.453 1.00412599496783
9.454 1.0041220966436
9.455 1.00411819831937
9.456 1.00411431523364
9.457 1.00411055544124
9.458 1.00410679564882
9.459 1.00410303585641
9.46 1.00409935194897
9.461 1.00409574392649
9.462 1.004092135904
9.463 1.00408852788152
9.464 1.0040850667162
9.465 1.00408162370176
9.466 1.00407818068733
9.467 1.00407478758181
9.468 1.00407152281353
9.469 1.00406825804525
9.47 1.00406499327697
9.471 1.00406185680316
9.472 1.00405878351915
9.473 1.00405571023515
9.474 1.00405264923448
9.475 1.00404978067286
9.476 1.00404691211123
9.477 1.0040440435496
9.478 1.0040412730702
9.479 1.00403862246908
9.48 1.00403597186795
9.481 1.00403332126683
9.482 1.00403086487254
9.483 1.00402844547002
9.484 1.00402602606751
9.485 1.00402366288544
9.486 1.00402148791965
9.487 1.00401931295386
9.488 1.00401713798807
9.489 1.00401512278068
9.49 1.00401320548973
9.491 1.00401128819877
9.492 1.00400937361695
9.493 1.00400772723895
9.494 1.00400608086095
9.495 1.00400443448295
9.496 1.00400290176538
9.497 1.00400153953844
9.498 1.0040001773115
9.499 1.00399881508457
9.5 1.00399768779508
9.501 1.00399662295733
9.502 1.00399555811957
9.503 1.00399454919473
9.504 1.00399379498426
9.505 1.0039930407738
9.506 1.00399228656333
9.507 1.00399171540088
9.508 1.00399128232728
9.509 1.00399084925369
9.51 1.00399041618009
9.511 1.00399028106911
9.512 1.00399015837324
9.513 1.00399003567737
9.514 1.00399001435424
9.515 1.00399018129476
9.516 1.00399034823529
9.517 1.00399051517582
9.518 1.00399088105611
9.519 1.00399131683416
9.52 1.0039917526122
9.521 1.00399222063527
9.522 1.00399290445195
9.523 1.00399358826863
9.524 1.00399427208531
9.525 1.00399507406667
9.526 1.0039959851231
9.527 1.00399689617954
9.528 1.00399780723597
9.529 1.0039989061536
9.53 1.00400002365091
9.531 1.00400114114821
9.532 1.00400231433812
9.533 1.00400361747742
9.534 1.00400492061672
9.535 1.00400622375602
9.536 1.00400764063706
9.537 1.00400910861946
9.538 1.00401057660187
9.539 1.00401205610781
9.54 1.00401366813444
9.541 1.00401528016107
9.542 1.0040168921877
9.543 1.00401856213964
9.544 1.00402029741161
9.545 1.00402203268359
9.546 1.00402376795556
9.547 1.00402559133149
9.548 1.00402742904993
9.549 1.00402926676836
9.55 1.00403112489869
9.551 1.00403304426471
9.552 1.00403496363072
9.553 1.00403688299673
9.554 1.00403884130592
9.555 1.00404082152063
9.556 1.00404280173534
9.557 1.00404478315155
9.558 1.00404680341607
9.559 1.0040488236806
9.56 1.00405084394512
9.561 1.00405287229504
9.562 1.0040549118105
9.563 1.00405695132596
9.564 1.00405899084142
9.565 1.00406102910304
9.566 1.00406306707055
9.567 1.00406510503806
9.568 1.00406713853621
9.569 1.00406915415688
9.57 1.00407116977756
9.571 1.00407318539824
9.572 1.00407517556295
9.573 1.00407714803792
9.574 1.00407912051288
9.575 1.00408109298785
9.576 1.00408300279711
9.577 1.00408491132748
9.578 1.00408681985786
9.579 1.00408869703314
9.58 1.00409052082003
9.581 1.00409234460692
9.582 1.00409416839382
9.583 1.00409591196852
9.584 1.00409763021305
9.585 1.00409934845759
9.586 1.00410104775093
9.587 1.00410263965423
9.588 1.00410423155752
9.589 1.00410582346081
9.59 1.00410733590844
9.591 1.00410878067161
9.592 1.00411022543477
9.593 1.00411167019794
9.594 1.00411295877783
9.595 1.004114235602
9.596 1.00411551242616
9.597 1.0041167288542
9.598 1.00411781694047
9.599 1.00411890502675
9.6 1.00411999311302
9.601 1.00412093242819
9.602 1.00412181097769
9.603 1.0041226895272
9.604 1.00412354504314
9.605 1.00412419325699
9.606 1.00412484147084
9.607 1.00412548968469
9.608 1.00412601484263
9.609 1.00412641192194
9.61 1.00412680900126
9.611 1.00412720608058
9.612 1.00412736385849
9.613 1.0041274890044
9.614 1.0041276141503
9.615 1.00412766025848
9.616 1.00412749267209
9.617 1.00412732508569
9.618 1.00412715749929
9.619 1.00412678298232
9.62 1.00412630186474
9.621 1.00412582074717
9.622 1.00412532291309
9.623 1.00412450746545
9.624 1.00412369201781
9.625 1.00412287657017
9.626 1.00412190486579
9.627 1.00412073428921
9.628 1.00411956371263
9.629 1.00411839313605
9.63 1.00411691053937
9.631 1.00411536403496
9.632 1.00411381753055
9.633 1.00411218374626
9.634 1.00411024051514
9.635 1.00410829728403
9.636 1.00410635405291
9.637 1.00410415613118
9.638 1.00410179537447
9.639 1.00409943461776
9.64 1.00409707386105
9.641 1.00409427477987
9.642 1.00409147569868
9.643 1.0040886766175
9.644 1.00408569847821
9.645 1.00408244027367
9.646 1.00407918206913
9.647 1.00407592386459
9.648 1.00407229132071
9.649 1.00406855319393
9.65 1.00406481506716
9.651 1.00406099260635
9.652 1.00405675839702
9.653 1.00405252418768
9.654 1.00404828997835
9.655 1.00404378634278
9.656 1.00403907101516
9.657 1.00403435568755
9.658 1.00402964035993
9.659 1.00402449434968
9.66 1.00401932567193
9.661 1.00401415699417
9.662 1.00400884363198
9.663 1.00400324941176
9.664 1.00399765519154
9.665 1.00399206097133
9.666 1.00398617640472
9.667 1.00398018444972
9.668 1.00397419249471
9.669 1.00396815614846
9.67 1.00396179426634
9.671 1.00395543238422
9.672 1.00394907050211
9.673 1.00394253413908
9.674 1.00393583013752
9.675 1.00392912613596
9.676 1.00392242213441
9.677 1.00391543525226
9.678 1.00390841693894
9.679 1.00390139862563
9.68 1.00389429722612
9.681 1.00388699240872
9.682 1.00387968759131
9.683 1.00387238277391
9.684 1.00386490204294
9.685 1.00385733852912
9.686 1.0038497750153
9.687 1.00384219533927
9.688 1.00383440093671
9.689 1.00382660653416
9.69 1.0038188121316
9.691 1.00381092431175
9.692 1.00380292682813
9.693 1.00379492934451
9.694 1.00378693186088
9.695 1.00377878539488
9.696 1.00377061263787
9.697 1.00376243988087
9.698 1.00375423173209
9.699 1.00374591150936
9.7 1.00373759128663
9.701 1.00372927106391
9.702 1.00372087545662
9.703 1.00371243557586
9.704 1.0037039956951
9.705 1.00369555397733
9.706 1.0036870222462
9.707 1.00367849051508
9.708 1.00366995878395
9.709 1.00366140079532
9.71 1.00365280502151
9.711 1.00364420924769
9.712 1.00363561347387
9.713 1.00362698871205
9.714 1.00361835670322
9.715 1.00360972469439
9.716 1.00360109108437
9.717 1.0035924506482
9.718 1.00358381021203
9.719 1.00357516977586
9.72 1.00356654058029
9.721 1.00355791952445
9.722 1.00354929846862
9.723 1.00354067741279
9.724 1.00353210212932
9.725 1.0035235282615
9.726 1.00351495439368
9.727 1.0035064075243
9.728 1.00349790865217
9.729 1.00348940978003
9.73 1.00348091090789
9.731 1.00347248913828
9.732 1.0034640930695
9.733 1.00345569700072
9.734 1.00344731921749
9.735 1.00343905375974
9.736 1.003430788302
9.737 1.00342252284426
9.738 1.00341434134843
9.739 1.0034062343094
9.74 1.00339812727037
9.741 1.00339002023134
9.742 1.00338208452059
9.743 1.00337416370794
9.744 1.0033662428953
9.745 1.00335838843321
9.746 1.00335068165462
9.747 1.00334297487603
9.748 1.00333526809745
9.749 1.00332773060807
9.75 1.00332026567122
9.751 1.00331280073437
9.752 1.00330536006596
9.753 1.00329816477852
9.754 1.00329096949108
9.755 1.00328377420364
9.756 1.0032767216956
9.757 1.00326982386524
9.758 1.00326292603488
9.759 1.00325602820452
9.76 1.0032494133545
9.761 1.0032428407889
9.762 1.0032362682233
9.763 1.00322978745654
9.764 1.00322356796337
9.765 1.00321734847021
9.766 1.00321112897705
9.767 1.00320515705595
9.768 1.0031993184429
9.769 1.00319347982984
9.77 1.0031876575643
9.771 1.00318222763903
9.772 1.00317679771376
9.773 1.00317136778849
9.774 1.00316612555627
9.775 1.00316113212646
9.776 1.00315613869665
9.777 1.00315114526684
9.778 1.00314653256559
9.779 1.00314200343891
9.78 1.00313747431224
9.781 1.00313304852883
9.782 1.00312901151296
9.783 1.00312497449709
9.784 1.00312093748122
9.785 1.00311721241644
9.786 1.00311369531905
9.787 1.00311017822167
9.788 1.00310666112428
9.789 1.0031036862758
9.79 1.00310071690457
9.791 1.00309774753335
9.792 1.00309499686498
9.793 1.00309260302759
9.794 1.00309020919019
9.795 1.0030878153528
9.796 1.00308588222092
9.797 1.00308408670238
9.798 1.00308229118384
9.799 1.00308059038164
9.8 1.00307938684024
9.801 1.00307818329883
9.802 1.00307697975742
9.803 1.00307609255496
9.804 1.00307546417526
9.805 1.00307483579556
9.806 1.00307420741586
9.807 1.00307410386876
9.808 1.0030740338216
9.809 1.00307396377445
9.81 1.00307407242341
9.811 1.00307454387962
9.812 1.00307501533584
9.813 1.00307548679205
9.814 1.00307633601369
9.815 1.0030773321441
9.816 1.00307832827451
9.817 1.00307938026788
9.818 1.00308088424332
9.819 1.00308238821876
9.82 1.0030838921942
9.821 1.00308564167757
9.822 1.00308763666886
9.823 1.00308963166015
9.824 1.00309162665145
9.825 1.00309404366889
9.826 1.00309651284686
9.827 1.00309898202484
9.828 1.00310157926292
9.829 1.00310450579841
9.83 1.0031074323339
9.831 1.00311035886939
9.832 1.00311358055887
9.833 1.00311694762269
9.834 1.00312031468652
9.835 1.0031237071723
9.836 1.0031274979353
9.837 1.00313128869829
9.838 1.00313507946129
9.839 1.00313905331579
9.84 1.00314325094878
9.841 1.00314744858178
9.842 1.00315164621477
9.843 1.00315617148206
9.844 1.00316075915588
9.845 1.0031653468297
9.846 1.0031700203422
9.847 1.00317498122767
9.848 1.00317994211315
9.849 1.00318490299862
9.85 1.00319008484123
9.851 1.00319540210918
9.852 1.00320071937714
9.853 1.00320604004062
9.854 1.00321169686189
9.855 1.00321735368315
9.856 1.00322301050442
9.857 1.00322879641534
9.858 1.00323477596075
9.859 1.00324075550616
9.86 1.00324673505156
9.861 1.00325295625399
9.862 1.00325924169436
9.863 1.00326552713474
9.864 1.00327186460695
9.865 1.00327843911312
9.866 1.00328501361929
9.867 1.00329158812546
9.868 1.0032983178065
9.869 1.00330516454929
9.87 1.00331201129209
9.871 1.00331885803488
9.872 1.00332594996882
9.873 1.00333305211907
9.874 1.00334015426931
9.875 1.00334733992195
9.876 1.00335468065048
9.877 1.00336202137901
9.878 1.00336936210753
9.879 1.0033768669304
9.88 1.00338442940804
9.881 1.00339199188568
9.882 1.0033995810029
9.883 1.00340734840048
9.884 1.00341511579805
9.885 1.00342288319562
9.886 1.0034307484004
9.887 1.00343870388873
9.888 1.00344665937707
9.889 1.00345461486541
9.89 1.0034627262018
9.891 1.00347085295174
9.892 1.00347897970167
9.893 1.00348715278134
9.894 1.00349543396369
9.895 1.00350371514605
9.896 1.00351199632841
9.897 1.00352037245701
9.898 1.00352879124262
9.899 1.00353721002823
9.9 1.00354563847577
9.901 1.00355417803545
9.902 1.00356271759514
9.903 1.00357125715483
9.904 1.00357984556863
9.905 1.00358848907323
9.906 1.00359713257782
9.907 1.00360577608242
9.908 1.00361449450655
9.909 1.00362322512688
9.91 1.00363195574722
9.911 1.0036407039392
9.912 1.0036495048461
9.913 1.003658305753
9.914 1.0036671066599
9.915 1.00367594177953
9.916 1.00368479614382
9.917 1.00369365050812
9.918 1.00370250597126
9.919 1.00371139696377
9.92 1.00372028795629
9.921 1.0037291789488
9.922 1.00373807825692
9.923 1.00374698904848
9.924 1.00375589984005
9.925 1.00376481063161
9.926 1.00377372382878
9.927 1.00378263759023
9.928 1.00379155135167
9.929 1.00380046234126
9.93 1.00380936224341
9.931 1.00381826214557
9.932 1.00382716204772
9.933 1.00383604384368
9.934 1.00384491305736
9.935 1.00385378227105
9.936 1.00386265148474
9.937 1.00387147413114
9.938 1.00388029582719
9.939 1.00388911752325
9.94 1.00389791609012
9.941 1.0039066752749
9.942 1.00391543445967
9.943 1.00392419364444
9.944 1.00393290093671
9.945 1.00394159184188
9.946 1.00395028274705
9.947 1.00395896297884
9.948 1.0039675827281
9.949 1.00397620247736
9.95 1.00398482222662
9.951 1.00399340199903
9.952 1.00400194771708
9.953 1.00401049343513
9.954 1.00401903915319
9.955 1.00402751334819
9.956 1.00403598215974
9.957 1.0040444509713
9.958 1.00405289425267
9.959 1.00406128328242
9.96 1.00406967231217
9.961 1.00407806134191
9.962 1.00408639168512
9.963 1.00409469805777
9.964 1.00410300443042
9.965 1.00411130224983
9.966 1.00411952309008
9.967 1.00412774393033
9.968 1.00413596477058
9.969 1.00414414229107
9.97 1.00415227472363
9.971 1.00416040715619
9.972 1.00416853958875
9.973 1.00417659169228
9.974 1.00418463284185
9.975 1.00419267399142
9.976 1.00420068971825
9.977 1.00420863670953
9.978 1.00421658370081
9.979 1.00422453069209
9.98 1.00423241364121
9.981 1.0042402635989
9.982 1.0042481135566
9.983 1.00425595851885
9.984 1.00426370856767
9.985 1.00427145861648
9.986 1.00427920866529
9.987 1.00428691348907
9.988 1.00429456075371
9.989 1.00430220801834
9.99 1.00430985528298
9.991 1.00431741485025
9.992 1.00432495645541
9.993 1.00433249806057
9.994 1.00434001578807
9.995 1.00434744885846
9.996 1.00435488192884
9.997 1.00436231499923
9.998 1.00436968010947
9.999 1.00437700176979
10 1.0043843234301
10.001 1.00439164509042
10.002 1.00439885246536
10.003 1.00440605984031
10.004 1.00441326721525
10.005 1.00442042889754
10.006 1.00442751911182
10.007 1.0044346093261
10.008 1.00444169954038
10.009 1.00444869612661
10.01 1.00445566630493
10.011 1.00446263648325
10.012 1.00446958576665
10.013 1.00447643303371
10.014 1.00448328030077
10.015 1.00449012756783
10.016 1.00449690439442
10.017 1.00450362587492
10.018 1.00451034735542
10.019 1.00451706883592
10.02 1.00452366808767
10.021 1.00453026090631
10.022 1.00453685372496
10.023 1.00454340182098
10.024 1.00454986310247
10.025 1.00455632438397
10.026 1.00456278566547
10.027 1.00456914882587
10.028 1.00457547569492
10.029 1.00458180256397
10.03 1.00458811295849
10.031 1.00459430253979
10.032 1.00460049212109
10.033 1.00460668170239
10.034 1.00461279980054
10.035 1.0046188492188
10.036 1.00462489863706
10.037 1.00463094805532
10.038 1.00463686873908
10.039 1.004642775119
10.04 1.00464868149892
10.041 1.00465454556388
10.042 1.00466030603016
10.043 1.00466606649645
10.044 1.00467182696273
10.045 1.00467748625254
10.046 1.00468309792988
10.047 1.00468870960723
10.048 1.00469431066808
10.049 1.00469977068119
10.05 1.00470523069431
10.051 1.00471069070743
10.052 1.00471607963236
10.053 1.00472138510595
10.054 1.00472669057953
10.055 1.00473199605312
10.056 1.00473716772411
10.057 1.00474231578287
10.058 1.00474746384163
10.059 1.00475257343076
10.06 1.0047575611994
10.061 1.00476254896804
10.062 1.00476753673667
10.063 1.0047724217111
10.064 1.00477724631431
10.065 1.00478207091753
10.066 1.00478689219993
10.067 1.00479155076243
10.068 1.00479620932493
10.069 1.00480086788743
10.07 1.00480545719437
10.071 1.00480994684085
10.072 1.00481443648734
10.073 1.00481892613382
10.074 1.00482327834726
10.075 1.00482759620243
10.076 1.0048319140576
10.077 1.00483619872612
10.078 1.00484034191468
10.079 1.00484448510324
10.08 1.0048486282918
10.081 1.00485266850606
10.082 1.00485663415272
10.083 1.00486059979937
10.084 1.00486456544603
10.085 1.00486835711418
10.086 1.00487214340155
10.087 1.00487592968891
10.088 1.00487965241451
10.089 1.00488326214141
10.09 1.00488687186831
10.091 1.00489048159521
10.092 1.00489396194496
10.093 1.00489739916899
10.094 1.00490083639302
10.095 1.00490425003471
10.096 1.00490751881348
10.097 1.00491078759226
10.098 1.00491405637104
10.099 1.00491723802437
10.1 1.00492034241551
10.101 1.00492344680665
10.102 1.0049265511978
10.103 1.00492950808533
10.104 1.00493245214647
10.105 1.00493539620761
10.106 1.0049382918243
10.107 1.00494107961304
10.108 1.00494386740178
10.109 1.00494665519053
10.11 1.00494933642893
10.111 1.00495197200291
10.112 1.00495460757689
10.113 1.00495722981672
10.114 1.00495971723356
10.115 1.00496220465039
10.116 1.00496469206722
10.117 1.00496711031627
10.118 1.00496945363358
10.119 1.00497179695088
10.12 1.00497414026818
10.121 1.00497636174903
10.122 1.00497856502443
10.123 1.00498076829982
10.124 1.00498293621931
10.125 1.00498500351042
10.126 1.00498707080154
10.127 1.00498913809265
10.128 1.00499111963143
10.129 1.00499305499588
10.13 1.00499499036033
10.131 1.00499692061002
10.132 1.00499872810542
10.133 1.00500053560083
10.134 1.00500234309624
10.135 1.00500409735273
10.136 1.00500578103672
10.137 1.00500746472071
10.138 1.00500914840469
10.139 1.00501073389056
10.14 1.00501229782075
10.141 1.00501386175093
10.142 1.00501540138492
10.143 1.00501684961893
10.144 1.00501829785294
10.145 1.00501974608695
10.146 1.00502112733782
10.147 1.00502246393326
10.148 1.00502380052871
10.149 1.00502513712416
10.15 1.00502636721447
10.151 1.00502759622898
10.152 1.00502882524349
10.153 1.00503001491914
10.154 1.00503114041034
10.155 1.00503226590153
10.156 1.00503339139273
10.157 1.00503444029533
10.158 1.00503546632083
10.159 1.00503649234633
10.16 1.00503750310654
10.161 1.00503843372396
10.162 1.00503936434139
10.163 1.00504029495881
10.164 1.00504117533348
10.165 1.00504201460045
10.166 1.00504285386742
10.167 1.00504369313438
10.168 1.00504445034609
10.169 1.00504520232023
10.17 1.00504595429437
10.171 1.00504667880089
10.172 1.00504734753981
10.173 1.00504801627874
10.174 1.00504868501766
10.175 1.00504929674872
10.176 1.00504988631005
10.177 1.00505047587138
10.178 1.00505105716952
10.179 1.00505157161089
10.18 1.00505208605225
10.181 1.00505260049362
10.182 1.00505307940381
10.183 1.00505352278282
10.184 1.00505396616183
10.185 1.00505440954085
10.186 1.00505479328566
10.187 1.00505516965994
10.188 1.00505554603423
10.189 1.00505590478333
10.19 1.00505621821051
10.191 1.00505653163769
10.192 1.00505684506487
10.193 1.00505711903609
10.194 1.00505737357379
10.195 1.00505762811148
10.196 1.00505787935926
10.197 1.00505807906509
10.198 1.00505827877092
10.199 1.00505847847675
10.2 1.00505865533417
10.201 1.00505880426576
10.202 1.00505895319734
10.203 1.00505910212893
10.204 1.00505921181855
10.205 1.00505931403351
10.206 1.00505941624847
10.207 1.00505950865186
10.208 1.00505956820782
10.209 1.00505962776378
10.21 1.00505968731974
10.211 1.00505972294285
10.212 1.00505974389743
10.213 1.00505976485201
10.214 1.00505978546115
10.215 1.00505977187197
10.216 1.00505975828278
10.217 1.0050597446936
10.218 1.00505971890996
10.219 1.00505967483464
10.22 1.00505963075933
10.221 1.00505958668401
10.222 1.00505952173016
10.223 1.00505945122632
10.224 1.00505938072248
10.225 1.00505930619188
10.226 1.00505921331714
10.227 1.0050591204424
10.228 1.00505902756766
10.229 1.00505892394966
10.23 1.0050588122271
10.231 1.00505870050454
10.232 1.00505858878198
10.233 1.00505846040232
10.234 1.00505833132861
10.235 1.0050582022549
10.236 1.00505806746408
10.237 1.00505792205578
10.238 1.00505777664747
10.239 1.00505763123917
10.24 1.00505747449552
10.241 1.00505731376917
10.242 1.00505715304283
10.243 1.00505699045729
10.244 1.00505681542947
10.245 1.00505664040165
10.246 1.00505646537383
10.247 1.00505628343785
10.248 1.00505609512511
10.249 1.00505590681236
10.25 1.00505571849962
10.251 1.00505551902266
10.252 1.00505531844155
10.253 1.00505511786045
10.254 1.00505491390379
10.255 1.00505470207088
10.256 1.00505449023796
10.257 1.00505427840504
10.258 1.0050540595098
10.259 1.00505383744163
10.26 1.00505361537347
10.261 1.0050533925678
10.262 1.00505316128094
10.263 1.00505292999408
10.264 1.00505269870722
10.265 1.00505246356535
10.266 1.00505222407635
10.267 1.00505198458735
10.268 1.00505174509835
10.269 1.00505149942975
10.27 1.00505125275517
10.271 1.00505100608059
10.272 1.00505075786376
10.273 1.00505050502016
10.274 1.00505025217656
10.275 1.00504999933296
10.276 1.00504974319178
10.277 1.00504948519571
10.278 1.00504922719964
10.279 1.00504896907949
10.28 1.00504870694752
10.281 1.00504844481554
10.282 1.00504818268357
10.283 1.00504791924146
10.284 1.00504765399014
10.285 1.00504738873882
10.286 1.00504712348749
10.287 1.0050468565329
10.288 1.00504658917878
10.289 1.00504632182466
10.29 1.00504605425329
10.291 1.00504578581293
10.292 1.00504551737258
10.293 1.00504524893223
10.294 1.00504498045076
10.295 1.00504471194072
10.296 1.00504444343068
10.297 1.00504417492064
10.298 1.00504390733855
10.299 1.00504363977539
10.3 1.00504337221223
10.301 1.00504310537554
10.302 1.00504283977582
10.303 1.0050425741761
10.304 1.00504230857637
10.305 1.00504204524144
10.306 1.00504178262171
10.307 1.00504152000197
10.308 1.00504125798172
10.309 1.00504099935854
10.31 1.00504074073536
10.311 1.00504048211217
10.312 1.00504022619607
10.313 1.00503997258599
10.314 1.00503971897591
10.315 1.00503946536584
10.316 1.00503921736335
10.317 1.00503896978293
10.318 1.00503872220252
10.319 1.0050384768769
10.32 1.0050382363427
10.321 1.00503799580851
10.322 1.00503775527432
10.323 1.0050375204647
10.324 1.00503728799328
10.325 1.00503705552186
10.326 1.00503682395838
10.327 1.0050366005663
10.328 1.00503637717422
10.329 1.00503615378214
10.33 1.00503593533705
10.331 1.00503572204086
10.332 1.00503550874466
10.333 1.00503529544847
10.334 1.00503509193124
10.335 1.0050348897475
10.336 1.00503468756376
10.337 1.00503448865485
10.338 1.00503429860012
10.339 1.00503410854538
10.34 1.00503391849065
10.341 1.00503373711199
10.342 1.00503356020282
10.343 1.00503338329365
10.344 1.00503320709259
10.345 1.00503304434553
10.346 1.00503288159848
10.347 1.00503271885143
10.348 1.005032562783
10.349 1.00503241521463
10.35 1.00503226764625
10.351 1.00503212007788
10.352 1.00503198595156
10.353 1.00503185457842
10.354 1.00503172320528
10.355 1.00503159561873
10.356 1.00503148145739
10.357 1.00503136729604
10.358 1.0050312531347
10.359 1.00503115009264
10.36 1.00503105415965
10.361 1.00503095822665
10.362 1.00503086229366
10.363 1.00503078560557
10.364 1.00503070891748
10.365 1.00503063222939
10.366 1.00503056344326
10.367 1.00503050701664
10.368 1.00503045059001
10.369 1.00503039416338
10.37 1.00503035433355
10.371 1.00503031918488
10.372 1.0050302840362
10.373 1.00503025262443
10.374 1.00503023945757
10.375 1.0050302262907
10.376 1.00503021312383
10.377 1.00503021208385
10.378 1.00503022057215
10.379 1.00503022906044
10.38 1.00503023754874
10.381 1.00503026609769
10.382 1.00503029570248
10.383 1.00503032530726
10.384 1.00503036190851
10.385 1.00503041209111
10.386 1.00503046227372
10.387 1.00503051245633
10.388 1.00503057726751
10.389 1.00503064748926
10.39 1.00503071771102
10.391 1.00503079027283
10.392 1.00503087999506
10.393 1.00503096971729
10.394 1.00503105943952
10.395 1.00503115883227
10.396 1.0050312675163
10.397 1.00503137620033
10.398 1.00503148488437
10.399 1.00503161014922
10.4 1.00503173725639
10.401 1.00503186436356
10.402 1.00503199665722
10.403 1.00503214164885
10.404 1.00503228664049
10.405 1.00503243163212
10.406 1.00503258841889
10.407 1.00503275075631
10.408 1.00503291309374
10.409 1.00503307660766
10.41 1.0050332557522
10.411 1.00503343489674
10.412 1.00503361404128
10.413 1.0050338006693
10.414 1.00503399608229
10.415 1.00503419149528
10.416 1.00503438690827
10.417 1.00503459569157
10.418 1.00503480683433
10.419 1.0050350179771
10.42 1.00503523276573
10.421 1.0050354590996
10.422 1.00503568543347
10.423 1.00503591176734
10.424 1.00503614733224
10.425 1.00503638831855
10.426 1.00503662930485
10.427 1.00503687057343
10.428 1.00503712567349
10.429 1.00503738077356
10.43 1.00503763587362
10.431 1.00503789653947
10.432 1.00503816521463
10.433 1.00503843388978
10.434 1.00503870256494
10.435 1.00503898166923
10.436 1.00503926338081
10.437 1.00503954509238
10.438 1.00503982917853
10.439 1.00504012338785
10.44 1.00504041759717
10.441 1.0050407118065
10.442 1.00504101295208
10.443 1.00504131912048
10.444 1.00504162528887
10.445 1.00504193145727
10.446 1.00504224870346
10.447 1.00504256629226
10.448 1.00504288388107
10.449 1.00504320538729
10.45 1.00504353385783
10.451 1.00504386232836
10.452 1.0050441907989
10.453 1.00504452702673
10.454 1.00504486584032
10.455 1.00504520465392
10.456 1.00504554484013
10.457 1.00504589345811
10.458 1.0050462420761
10.459 1.00504659069409
10.46 1.0050469442229
10.461 1.00504730210661
10.462 1.00504765999031
10.463 1.00504801787401
10.464 1.0050483837866
10.465 1.00504875039735
10.466 1.0050491170081
10.467 1.00504948615725
10.468 1.00504986095638
10.469 1.0050502357555
10.47 1.00505061055463
10.471 1.00505099070855
10.472 1.00505137315738
10.473 1.00505175560621
10.474 1.00505213869504
10.475 1.0050525282549
10.476 1.00505291781476
10.477 1.00505330737462
10.478 1.00505370008922
10.479 1.00505409622144
10.48 1.00505449235367
10.481 1.00505488848589
10.482 1.00505528986743
10.483 1.00505569203334
10.484 1.00505609419925
10.485 1.00505649779387
10.486 1.0050569054548
10.487 1.00505731311573
10.488 1.00505772077666
10.489 1.00505813165922
10.49 1.0050585442765
10.491 1.00505895689378
10.492 1.00505936968777
10.493 1.00505978672272
10.494 1.00506020375767
10.495 1.00506062079263
10.496 1.00506103949555
10.497 1.00506146040951
10.498 1.00506188132346
10.499 1.00506230223742
10.5 1.00506272589045
10.501 1.00506315014473
10.502 1.00506357439902
10.503 1.00506399924166
10.504 1.00506442629761
10.505 1.00506485335356
10.506 1.00506528040951
10.507 1.00506570882325
10.508 1.00506613814219
10.509 1.00506656746112
10.51 1.00506699678006
10.511 1.00506742780608
10.512 1.00506785884933
10.513 1.00506828989259
10.514 1.00506872138607
10.515 1.00506915361414
10.516 1.0050695858422
10.517 1.00507001807027
10.518 1.00507045016215
10.519 1.00507088221335
10.52 1.00507131426456
10.521 1.0050717456918
10.522 1.00507217384327
10.523 1.00507260199473
10.524 1.00507303014619
10.525 1.00507345387352
10.526 1.00507387398109
10.527 1.00507429408866
10.528 1.00507471419624
10.529 1.00507512284706
10.53 1.0050755307666
10.531 1.00507593868615
10.532 1.00507634121607
10.533 1.00507673280343
10.534 1.0050771243908
10.535 1.00507751597816
10.536 1.00507789282257
10.537 1.00507826393361
10.538 1.00507863504465
10.539 1.00507900344744
10.54 1.00507934993802
10.541 1.00507969642859
10.542 1.00508004291916
10.543 1.00508037502743
10.544 1.00508069275339
10.545 1.00508101047935
10.546 1.0050813282053
10.547 1.00508161664247
10.548 1.00508190145967
10.549 1.00508218627687
10.55 1.00508246071926
10.551 1.00508270848356
10.552 1.00508295624786
10.553 1.00508320401216
10.554 1.00508342417444
10.555 1.00508363074169
10.556 1.00508383730894
10.557 1.00508404115571
10.558 1.00508420238177
10.559 1.00508436360782
10.56 1.00508452483388
10.561 1.00508466379153
10.562 1.00508477553225
10.563 1.00508488727296
10.564 1.00508499901368
10.565 1.00508506570563
10.566 1.00508512381686
10.567 1.00508518192809
10.568 1.00508522675139
10.569 1.00508522708899
10.57 1.00508522742659
10.571 1.00508522776419
10.572 1.00508518971277
10.573 1.0050851281326
10.574 1.00508506655243
10.575 1.00508500431164
10.576 1.00508487666955
10.577 1.00508474902746
10.578 1.00508462138536
10.579 1.00508446566085
10.58 1.00508426781269
10.581 1.00508406996453
10.582 1.00508387211637
10.583 1.00508361553155
10.584 1.00508334333318
10.585 1.00508307113481
10.586 1.00508278480746
10.587 1.00508243411474
10.588 1.00508208342201
10.589 1.00508173272929
10.59 1.00508133493262
10.591 1.0050809016014
10.592 1.00508046827017
10.593 1.00508003493895
10.594 1.00507951829638
10.595 1.00507899818252
10.596 1.00507847806865
10.597 1.0050779261304
10.598 1.00507731508974
10.599 1.00507670404908
10.6 1.00507609300842
10.601 1.00507541161527
10.602 1.00507470550367
10.603 1.00507399939208
10.604 1.00507328038252
10.605 1.00507247505584
10.606 1.00507166972916
10.607 1.00507086440249
10.608 1.00507000532901
10.609 1.0050690966431
10.61 1.0050681879572
10.611 1.00506727927129
10.612 1.00506627275732
10.613 1.00506525656805
10.614 1.00506424037877
10.615 1.00506319069524
10.616 1.00506206285845
10.617 1.00506093502165
10.618 1.00505980718486
10.619 1.00505859945182
10.62 1.00505735582336
10.621 1.00505611219491
10.622 1.00505485897159
10.623 1.00505349540733
10.624 1.00505213184306
10.625 1.0050507682788
10.626 1.00504934639696
10.627 1.00504785875275
10.628 1.00504637110853
10.629 1.00504488346432
10.63 1.00504328554738
10.631 1.00504166967907
10.632 1.00504005381075
10.633 1.00503840485038
10.634 1.00503665661382
10.635 1.00503490837727
10.636 1.00503316014071
10.637 1.00503132453623
10.638 1.00502943978729
10.639 1.00502755503834
10.64 1.00502566606971
10.641 1.00502364066423
10.642 1.00502161525875
10.643 1.00501958985328
10.644 1.00501750363151
10.645 1.00501533342536
10.646 1.0050131632192
10.647 1.00501099301305
10.648 1.00500870216159
10.649 1.00500638301061
10.65 1.00500406385962
10.651 1.00500171409085
10.652 1.0049992418509
10.653 1.00499676961096
10.654 1.00499429737101
10.655 1.00499173236352
10.656 1.00498910289046
10.657 1.0049864734174
10.658 1.00498384394434
10.659 1.00498105632239
10.66 1.00497826547291
10.661 1.00497547462343
10.662 1.00497262265174
10.663 1.00496966660708
10.664 1.00496671056243
10.665 1.00496375451778
10.666 1.00496067064135
10.667 1.004957546397
10.668 1.00495442215265
10.669 1.00495127224651
10.67 1.00494797692358
10.671 1.00494468160065
10.672 1.00494138627773
10.673 1.00493799701777
10.674 1.00493452773739
10.675 1.004931058457
10.676 1.00492758917662
10.677 1.00492395543844
10.678 1.00492030932171
10.679 1.00491666320499
10.68 1.0049129595794
10.681 1.00490913374746
10.682 1.00490530791552
10.683 1.00490148208357
10.684 1.00489752660982
10.685 1.00489351818378
10.686 1.00488950975774
10.687 1.0048854827844
10.688 1.00488128888538
10.689 1.00487709498636
10.69 1.00487290108734
10.691 1.00486861489591
10.692 1.00486423264503
10.693 1.00485985039415
10.694 1.00485546814327
10.695 1.00485091760934
10.696 1.00484634412772
10.697 1.0048417706461
10.698 1.00483714475489
10.699 1.00483237716365
10.7 1.00482760957241
10.701 1.00482284198117
10.702 1.00481794437752
10.703 1.00481297979778
10.704 1.00480801521804
10.705 1.00480304064493
10.706 1.00479787619781
10.707 1.0047927117507
10.708 1.00478754730358
10.709 1.0047822936481
10.71 1.00477692645472
10.711 1.00477155926134
10.712 1.00476619206795
10.713 1.00476065420571
10.714 1.00475508138719
10.715 1.00474950856867
10.716 1.00474388987926
10.717 1.00473810855672
10.718 1.00473232723417
10.719 1.00472654591163
10.72 1.00472063564552
10.721 1.00471464294007
10.722 1.00470865023463
10.723 1.00470265752918
10.724 1.00469645056195
10.725 1.00469024359473
10.726 1.0046840366275
10.727 1.00467774497541
10.728 1.00467132086752
10.729 1.00466489675963
10.73 1.00465847265175
10.731 1.00465187692861
10.732 1.00464523280118
10.733 1.00463858867375
10.734 1.00463190665358
10.735 1.00462503962773
10.736 1.00461817260187
10.737 1.00461130557602
10.738 1.00460431211487
10.739 1.00459721931171
10.74 1.00459012650855
10.741 1.00458303370539
10.742 1.00457572367886
10.743 1.00456840221952
10.744 1.00456108076018
10.745 1.00455368057891
10.746 1.0045461275845
10.747 1.0045385745901
10.748 1.00453102159569
10.749 1.0045232974791
10.75 1.00451551007075
10.751 1.0045077226624
10.752 1.00449990677891
10.753 1.00449188207773
10.754 1.00448385737655
10.755 1.00447583267538
10.756 1.00446768548663
10.757 1.00445942061375
10.758 1.00445115574087
10.759 1.00444289086799
10.76 1.00443440724958
10.761 1.00442589932612
10.762 1.00441739140265
10.763 1.00440881215964
10.764 1.00440005830671
10.765 1.00439130445378
10.766 1.00438255060085
10.767 1.00437362755824
10.768 1.00436462489696
10.769 1.00435562223568
10.77 1.00434660195629
10.771 1.00433734760779
10.772 1.00432809325929
10.773 1.00431883891078
10.774 1.00430946746187
10.775 1.00429995854726
10.776 1.00429044963265
10.777 1.00428094071804
10.778 1.00427121297519
10.779 1.00426144661559
10.78 1.00425168025599
10.781 1.00424185141867
10.782 1.00423182473521
10.783 1.00422179805174
10.784 1.00421177136828
10.785 1.00420157886709
10.786 1.00419128898087
10.787 1.00418099909466
10.788 1.00417070388681
10.789 1.00416014791897
10.79 1.00414959195113
10.791 1.0041390359833
10.792 1.00412836974165
10.793 1.0041175448133
10.794 1.00410671988495
10.795 1.0040958949566
10.796 1.00408485255674
10.797 1.004073755789
10.798 1.00406265902127
10.799 1.00405151005706
10.8 1.00404013857105
10.801 1.00402876708505
10.802 1.00401739559904
10.803 1.00400586311479
10.804 1.00399421404559
10.805 1.0039825649764
10.806 1.00397091590721
10.807 1.00395899748535
10.808 1.003947070733
10.809 1.00393514398065
10.81 1.00392311941382
10.811 1.00391092095457
10.812 1.00389872249532
10.813 1.00388652403606
10.814 1.00387412688478
10.815 1.00386166350283
10.816 1.00384920012087
10.817 1.00383670059953
10.818 1.00382397907908
10.819 1.00381125755863
10.82 1.00379853603818
10.821 1.00378568129996
10.822 1.00377270842522
10.823 1.00375973555049
10.824 1.00374676267575
10.825 1.00373356479654
10.826 1.00372034735172
10.827 1.0037071299069
10.828 1.00369383874847
10.829 1.00368038351777
10.83 1.00366692828708
10.831 1.00365347305639
10.832 1.00363985612452
10.833 1.00362616989216
10.834 1.00361248365979
10.835 1.00359877724786
10.836 1.00358486679803
10.837 1.0035709563482
10.838 1.00355704589838
10.839 1.00354303108059
10.84 1.0035289031975
10.841 1.00351477531442
10.842 1.00350064743133
10.843 1.00348633628357
10.844 1.00347199775144
10.845 1.0034576592193
10.846 1.00344326768231
10.847 1.00342872528532
10.848 1.00341418288834
10.849 1.00339964049136
10.85 1.00338496999197
10.851 1.00337023051435
10.852 1.00335549103673
10.853 1.00334074394725
10.854 1.0033258141732
10.855 1.00331088439914
10.856 1.00329595462509
10.857 1.00328094594078
10.858 1.0032658326545
10.859 1.00325071936821
10.86 1.00323560608193
10.861 1.00322034787867
10.862 1.00320505786438
10.863 1.00318976785008
10.864 1.00317444214758
10.865 1.00315898218946
10.866 1.00314352223134
10.867 1.00312806227323
10.868 1.00311250441934
10.869 1.00309688130162
10.87 1.00308125818389
10.871 1.00306563506617
10.872 1.0030498571368
10.873 1.00303407764367
10.874 1.00301829815055
10.875 1.00300246181277
10.876 1.00298653272844
10.877 1.00297060364412
10.878 1.00295467455979
10.879 1.00293863551409
10.88 1.00292256362278
10.881 1.00290649173146
10.882 1.0028903980765
10.883 1.0028741901624
10.884 1.0028579822483
10.885 1.0028417743342
10.886 1.00282549533889
10.887 1.00280915818621
10.888 1.00279282103354
10.889 1.00277648388086
10.89 1.00276003162108
10.891 1.00274357201403
10.892 1.00272711240698
10.893 1.00271061462878
10.894 1.00269403935157
10.895 1.00267746407435
10.896 1.00266088879714
10.897 1.00264423512204
10.898 1.00262755095886
10.899 1.00261086679569
10.9 1.00259417140133
10.901 1.0025773851364
10.902 1.00256059887147
10.903 1.00254381260654
10.904 1.00252697868284
10.905 1.00251009710037
10.906 1.0024932155179
10.907 1.00247633393542
10.908 1.00245937355827
10.909 1.00244240344246
10.91 1.00242543332664
10.911 1.00240844032106
10.912 1.00239138845611
10.913 1.00237433659116
10.914 1.00235728472621
10.915 1.00234018263476
10.916 1.00232305580488
10.917 1.002305928975
10.918 1.00228879805427
10.919 1.00227160304367
10.92 1.00225440803307
10.921 1.00223721302246
10.922 1.00221999038343
10.923 1.00220273397631
10.924 1.00218547756919
10.925 1.00216822116207
10.926 1.00215091888061
10.927 1.00213360786117
10.928 1.00211629684174
10.929 1.00209897482185
10.93 1.00208161597431
10.931 1.00206425712678
10.932 1.00204689827924
10.933 1.00202951398449
10.934 1.00201211409306
10.935 1.00199471420162
10.936 1.00197731396759
10.937 1.00195987981646
10.938 1.00194244566533
10.939 1.00192501151421
10.94 1.00190756637288
10.941 1.00189010474627
10.942 1.00187264311965
10.943 1.00185518149304
10.944 1.00183770352032
10.945 1.00182022120242
10.946 1.00180273888453
10.947 1.00178525406152
10.948 1.00176775782627
10.949 1.00175026159102
10.95 1.00173276535578
10.951 1.00171526435575
10.952 1.00169775976125
10.953 1.00168025516674
10.954 1.00166275057224
10.955 1.00164524103595
10.956 1.00162773129375
10.957 1.00161022155156
10.958 1.00159271103808
10.959 1.00157519909221
10.96 1.00155768714634
10.961 1.00154017520048
10.962 1.00152266380247
10.963 1.00150515259695
10.964 1.00148764139143
10.965 1.00147013066488
10.966 1.00145262314373
10.967 1.00143511562258
10.968 1.00141760810142
10.969 1.00140010402703
10.97 1.00138260313427
10.971 1.0013651022415
10.972 1.00134760134874
10.973 1.00133010916686
10.974 1.00131261784651
10.975 1.00129512652615
10.976 1.00127763896072
10.977 1.00126016015679
10.978 1.00124268135286
10.979 1.00122520254893
10.98 1.00120773441271
10.981 1.00119027106923
10.982 1.00117280772574
10.983 1.00115534585462
10.984 1.0011379009156
10.985 1.00112045597658
10.986 1.00110301103756
10.987 1.00108557613233
10.988 1.0010681525418
10.989 1.00105072895127
10.99 1.00103330536073
10.991 1.00101590266176
10.992 1.00099850336373
10.993 1.00098110406571
10.994 1.00096371157681
10.995 1.00094633951531
10.996 1.00092896745381
10.997 1.00091159539231
10.998 1.00089424264636
10.999 1.0008769007654
11 1.00085955888445
11.001 1.00084221799723
11.002 1.00082490924084
11.003 1.00080760048445
11.004 1.00079029172806
11.005 1.00077299812047
11.006 1.00075572543267
11.007 1.00073845274486
11.008 1.00072118005705
11.009 1.00070393896946
11.01 1.00068670529425
11.011 1.00066947161905
11.012 1.00065224633517
11.013 1.0006350546166
11.014 1.00061786289802
11.015 1.00060067117944
11.016 1.00058350595224
11.017 1.00056635913431
11.018 1.00054921231637
11.019 1.00053206549844
11.02 1.00051496556827
11.021 1.000497866595
11.022 1.00048076762173
11.023 1.00046368744027
11.024 1.00044663925569
11.025 1.0004295910711
11.026 1.00041254288651
11.027 1.00039553553878
11.028 1.00037854108689
11.029 1.000361546635
11.03 1.00034456068463
11.031 1.00032762290947
11.032 1.0003106851343
11.033 1.00029374735914
11.034 1.00027684177918
11.035 1.00025996362476
11.036 1.00024308547034
11.037 1.00022620731592
11.038 1.00020938734673
11.039 1.00019257175707
11.04 1.00017575616741
11.041 1.00015896154056
11.042 1.00014221145968
11.043 1.00012546137881
11.044 1.00010871129793
11.045 1.00009200981855
11.046 1.00007532819047
11.047 1.0000586465624
11.048 1.000041972074
11.049 1.00002536184275
11.05 1.00000875161149
11.051 0.999992141380238
11.052 0.999975567575996
11.053 0.999959031685582
11.054 0.999942495795169
11.055 0.999925959904756
11.056 0.999909492025019
11.057 0.999893033419467
11.058 0.999876574813914
11.059 0.999860137870158
11.06 0.999843759493485
11.061 0.999827381116813
11.062 0.99981100274014
11.063 0.999794679257581
11.064 0.999778384053809
11.065 0.999762088850036
11.066 0.999745797952109
11.067 0.999729588865256
11.068 0.999713379778403
11.069 0.99969717069155
11.07 0.99968100079151
11.071 0.999664880765596
11.072 0.999648760739683
11.073 0.999632640713769
11.074 0.999616597051972
11.075 0.999600569031017
11.076 0.999584541010063
11.077 0.999568533877883
11.078 0.999552600805908
11.079 0.999536667733932
11.08 0.999520734661956
11.081 0.99950486130471
11.082 0.999489026125733
11.083 0.999473190946755
11.084 0.999457355767778
11.085 0.999441621425819
11.086 0.999425887083861
11.087 0.999410152741902
11.088 0.999394458874548
11.089 0.999378828313627
11.09 0.999363197752706
11.091 0.999347567191785
11.092 0.999332019851564
11.093 0.999316495983848
11.094 0.999300972116132
11.095 0.999285466459539
11.096 0.999270049716075
11.097 0.999254632972612
11.098 0.999239216229148
11.099 0.999223857356191
11.1 0.999208543952918
11.101 0.999193230549645
11.102 0.999177917146372
11.103 0.999162697932409
11.104 0.999147483675778
11.105 0.999132269419146
11.106 0.999117087446567
11.107 0.99910196814303
11.108 0.999086848839493
11.109 0.999071729535956
11.11 0.999056676486887
11.111 0.999041647942896
11.112 0.999026619398904
11.113 0.999011601242833
11.114 0.998996659264839
11.115 0.998981717286845
11.116 0.998966775308852
11.117 0.998951875340807
11.118 0.998937015735263
11.119 0.998922156129718
11.12 0.998907296524174
11.121 0.99889250727964
11.122 0.998877725852996
11.123 0.998862944426353
11.124 0.998848184455462
11.125 0.998833477014172
11.126 0.998818769572881
11.127 0.998804062131591
11.128 0.998789402148728
11.129 0.998774764499242
11.13 0.998760126849757
11.131 0.998745493792149
11.132 0.99873092174092
11.133 0.99871634968969
11.134 0.998701777638461
11.135 0.998687233833397
11.136 0.998672723186877
11.137 0.998658212540356
11.138 0.998643701893835
11.139 0.9986292398768
11.14 0.99861478644144
11.141 0.998600333006079
11.142 0.998585892294945
11.143 0.998571491877197
11.144 0.998557091459448
11.145 0.998542691041699
11.146 0.99852832138311
11.147 0.998513969789425
11.148 0.99849961819574
11.149 0.998485267494666
11.15 0.998470960531496
11.151 0.998456653568327
11.152 0.998442346605158
11.153 0.998428056221145
11.154 0.998413789694943
11.155 0.998399523168741
11.156 0.998385256642538
11.157 0.998371019111072
11.158 0.998356788828289
11.159 0.998342558545506
11.16 0.998328334352199
11.161 0.998314136119287
11.162 0.998299937886374
11.163 0.998285739653462
11.164 0.998271557577217
11.165 0.998257387200628
11.166 0.998243216824039
11.167 0.99822904644745
11.168 0.998214899023752
11.169 0.998200752309937
11.17 0.998186605596122
11.171 0.998172465891229
11.172 0.998158338646641
11.173 0.998144211402052
11.174 0.998130084157464
11.175 0.998115968369634
11.176 0.998101856400724
11.177 0.998087744431814
11.178 0.998073634014402
11.179 0.998059533127622
11.18 0.998045432240842
11.181 0.998031331354062
11.182 0.99801723411823
11.183 0.998003140120031
11.184 0.997989046121832
11.185 0.997974952123634
11.186 0.997960860604866
11.187 0.997946769301702
11.188 0.997932677998537
11.189 0.997918586230832
11.19 0.997904493429153
11.191 0.997890400627473
11.192 0.997876307825794
11.193 0.99786221103967
11.194 0.997848112545928
11.195 0.997834014052186
11.196 0.997819914668738
11.197 0.997805806289385
11.198 0.997791697910031
11.199 0.997777589530678
11.2 0.997763474393328
11.201 0.997749351934815
11.202 0.997735229476302
11.203 0.99772110701779
11.204 0.997706968662021
11.205 0.997692827930801
11.206 0.997678687199581
11.207 0.997664540627134
11.208 0.997650377429659
11.209 0.997636214232183
11.21 0.997622051034707
11.211 0.997607870508359
11.212 0.99759368065108
11.213 0.9975794907938
11.214 0.997565299702387
11.215 0.997551078991755
11.216 0.997536858281123
11.217 0.997522637570491
11.218 0.997508401789692
11.219 0.99749414603216
11.22 0.997479890274629
11.221 0.997465634517097
11.222 0.997451346582397
11.223 0.997437051584417
11.224 0.997422756586437
11.225 0.997408452467318
11.226 0.997394114035341
11.227 0.997379775603364
11.228 0.997365437171387
11.229 0.997351070162883
11.23 0.997336684103361
11.231 0.997322298043839
11.232 0.997307911984317
11.233 0.997293474621913
11.234 0.997279036741299
11.235 0.997264598860684
11.236 0.997250139732271
11.237 0.997235645936397
11.238 0.997221152140523
11.239 0.997206658344649
11.24 0.997192122539153
11.241 0.997177574185328
11.242 0.997163025831504
11.243 0.997148470272479
11.244 0.997133876886151
11.245 0.997119283499822
11.246 0.997104690113495
11.247 0.99709007756718
11.248 0.997075449344512
11.249 0.997060821121844
11.25 0.997046192899176
11.251 0.997031541514744
11.252 0.997016888651901
11.253 0.997002235789059
11.254 0.996987578159692
11.255 0.996972910852838
11.256 0.996958243545985
11.257 0.996943576239131
11.258 0.996928905873828
11.259 0.996914234319129
11.26 0.996899562764429
11.261 0.996884891864044
11.262 0.996870226257662
11.263 0.99685556065128
11.264 0.996840895044898
11.265 0.996826237510757
11.266 0.996811588048858
11.267 0.996796938586958
11.268 0.996782289125059
11.269 0.996767663106335
11.27 0.996753039985083
11.271 0.99673841686383
11.272 0.996723803972884
11.273 0.996709217388442
11.274 0.996694630804001
11.275 0.996680044219559
11.276 0.996665488946211
11.277 0.996650949094744
11.278 0.996636409243278
11.279 0.99662187280756
11.28 0.996607389885234
11.281 0.996592906962908
11.282 0.996578424040582
11.283 0.996563971324642
11.284 0.996549555527619
11.285 0.996535139730597
11.286 0.996520723933575
11.287 0.996506373086586
11.288 0.996492034611033
11.289 0.996477696135479
11.29 0.996463377788981
11.291 0.99644912683106
11.292 0.99643487587314
11.293 0.996420624915219
11.294 0.996406434539852
11.295 0.996392281295729
11.296 0.996378128051605
11.297 0.996363975886581
11.298 0.996349930552419
11.299 0.996335885218257
11.3 0.996321839884095
11.301 0.996307841792384
11.302 0.996293914564348
11.303 0.996279987336312
11.304 0.996266060108277
11.305 0.99625223423905
11.306 0.996238435313305
11.307 0.996224636387559
11.308 0.996210862391536
11.309 0.996197201964245
11.31 0.996183541536954
11.311 0.996169881109663
11.312 0.996156305438305
11.313 0.996142793705633
11.314 0.996129281972962
11.315 0.99611577024029
11.316 0.99610241104277
11.317 0.996089058200882
11.318 0.996075705358993
11.319 0.996062411697537
11.32 0.996049227942596
11.321 0.996036044187656
11.322 0.996022860432715
11.323 0.996009809347278
11.324 0.99599680487545
11.325 0.995983800403622
11.326 0.995970820564099
11.327 0.995958005571548
11.328 0.995945190578996
11.329 0.995932375586445
11.33 0.995919664425122
11.331 0.995907049108012
11.332 0.995894433790901
11.333 0.99588181847379
11.334 0.99586939413984
11.335 0.995856988694334
11.336 0.995844583248829
11.337 0.995832243823654
11.338 0.995820058445918
11.339 0.995807873068182
11.34 0.995795687690446
11.341 0.995783661194825
11.342 0.995771706081023
11.343 0.995759750967221
11.344 0.995747815090227
11.345 0.995736100436523
11.346 0.99572438578282
11.347 0.995712671129116
11.348 0.995701074283856
11.349 0.995689610286415
11.35 0.995678146288974
11.351 0.995666682291534
11.352 0.99565544262718
11.353 0.995644239482167
11.354 0.995633036337153
11.355 0.995621900954287
11.356 0.995610968857865
11.357 0.995600036761442
11.358 0.99558910466502
11.359 0.995578352565242
11.36 0.995567701713575
11.361 0.995557050861908
11.362 0.99554640875347
11.363 0.995536049342723
11.364 0.995525689931977
11.365 0.995515330521231
11.366 0.99550509779806
11.367 0.995495040024398
11.368 0.995484982250737
11.369 0.995474924477075
11.37 0.995465119288345
11.371 0.995455373347932
11.372 0.995445627407519
11.373 0.995435945872989
11.374 0.995426521961989
11.375 0.99541709805099
11.376 0.99540767413999
11.377 0.995398446242081
11.378 0.995389354556659
11.379 0.995380262871237
11.38 0.995371171185815
11.381 0.995362414893796
11.382 0.995353665446541
11.383 0.995344915999285
11.384 0.995336294130496
11.385 0.995327889489908
11.386 0.995319484849319
11.387 0.99531108020873
11.388 0.995302932085797
11.389 0.995294864968438
11.39 0.99528679785108
11.391 0.995278780168135
11.392 0.995271042613538
11.393 0.995263305058941
11.394 0.995255567504344
11.395 0.995248003614984
11.396 0.99524058766268
11.397 0.995233171710375
11.398 0.99522575575807
11.399 0.995218631492661
11.4 0.995211529182179
11.401 0.995204426871697
11.402 0.995197422379248
11.403 0.99519062575012
11.404 0.995183829120993
11.405 0.995177032491865
11.406 0.995170447244565
11.407 0.995163948336322
11.408 0.995157449428079
11.409 0.995150979495877
11.41 0.99514477034805
11.411 0.995138561200222
11.412 0.995132352052395
11.413 0.995126280986541
11.414 0.99512035363866
11.415 0.995114426290779
11.416 0.995108498942898
11.417 0.995102812573757
11.418 0.995097159065353
11.419 0.99509150555695
11.42 0.995085923835878
11.421 0.995080536206483
11.422 0.995075148577087
11.423 0.995069760947692
11.424 0.995064543544532
11.425 0.995059413833675
11.426 0.995054284122819
11.427 0.995049166909866
11.428 0.995044287157079
11.429 0.995039407404292
11.43 0.995034527651506
11.431 0.995029754377663
11.432 0.995025116622477
11.433 0.995020478867292
11.434 0.995015841112106
11.435 0.995011397607739
11.436 0.995006993889685
11.437 0.995002590171631
11.438 0.994998236190443
11.439 0.994994058549051
11.44 0.994989880907659
11.441 0.994985703266268
11.442 0.994981658675754
11.443 0.994977699150555
11.444 0.994973739625357
11.445 0.994969780100158
11.446 0.994966030730684
11.447 0.99496228136121
11.448 0.994958531991735
11.449 0.994954861478411
11.45 0.994951314304191
11.451 0.994947767129972
11.452 0.994944219955753
11.453 0.994940824284667
11.454 0.994937471345234
11.455 0.994934118405801
11.456 0.994930797133001
11.457 0.994927630467885
11.458 0.994924463802768
11.459 0.994921297137651
11.46 0.994918230328289
11.461 0.99491524197702
11.462 0.994912253625751
11.463 0.994909265274482
11.464 0.994906438758923
11.465 0.994903620761033
11.466 0.994900802763143
11.467 0.994898039978841
11.468 0.99489538437386
11.469 0.994892728768879
11.47 0.994890073163898
11.471 0.994887530294598
11.472 0.994885029122057
11.473 0.994882527949516
11.474 0.994880044353612
11.475 0.994877689653042
11.476 0.994875334952471
11.477 0.994872980251901
11.478 0.994870696192197
11.479 0.99486848000313
11.48 0.994866263814062
11.481 0.994864047624994
11.482 0.994861948931855
11.483 0.99485986329382
11.484 0.994857777655784
11.485 0.994855727569012
11.486 0.994853764521541
11.487 0.994851801474069
11.488 0.994849838426597
11.489 0.99484795332759
11.49 0.994846104910213
11.491 0.994844256492836
11.492 0.994842415542332
11.493 0.99484067379458
11.494 0.994838932046828
11.495 0.994837190299076
11.496 0.994835493957536
11.497 0.99483385091894
11.498 0.994832207880344
11.499 0.994830564841748
11.5 0.994828998939537
11.501 0.994827446649628
11.502 0.99482589435972
11.503 0.994824361938983
11.504 0.994822892437292
11.505 0.994821422935601
11.506 0.994819953433911
11.507 0.994818531073701
11.508 0.994817136399759
11.509 0.994815741725817
11.51 0.994814348389221
11.511 0.994813020582558
11.512 0.994811692775896
11.513 0.994810364969233
11.514 0.994809061314363
11.515 0.994807792414511
11.516 0.994806523514658
11.517 0.994805254614806
11.518 0.994804026472027
11.519 0.994802808518517
11.52 0.994801590565006
11.521 0.994800380778811
11.522 0.994799205811172
11.523 0.994798030843533
11.524 0.994796855875894
11.525 0.99479570131033
11.526 0.994794561518683
11.527 0.994793421727036
11.528 0.994792281935388
11.529 0.9947911732296
11.53 0.994790065485229
11.531 0.994788957740859
11.532 0.994787862379261
11.533 0.99478678903148
11.534 0.9947857156837
11.535 0.994784642335919
11.536 0.994783596780962
11.537 0.994782560490279
11.538 0.994781524199595
11.539 0.994780493469377
11.54 0.9947794968963
11.541 0.994778500323223
11.542 0.994777503750145
11.543 0.994776529637468
11.544 0.994775575442504
11.545 0.99477462124754
11.546 0.994773667052576
11.547 0.994772754293144
11.548 0.994771845136802
11.549 0.994770935980459
11.55 0.994770041610847
11.551 0.994769180153634
11.552 0.994768318696421
11.553 0.994767457239208
11.554 0.994766631033741
11.555 0.994765819936165
11.556 0.99476500883859
11.557 0.994764202512827
11.558 0.994763444435397
11.559 0.994762686357967
11.56 0.994761928280537
11.561 0.99476119692982
11.562 0.994760494533043
11.563 0.994759792136267
11.564 0.99475908973949
11.565 0.994758438099524
11.566 0.994757794043908
11.567 0.994757149988292
11.568 0.994756521793111
11.569 0.994755938739165
11.57 0.994755355685218
11.571 0.994754772631272
11.572 0.994754230957741
11.573 0.994753711565972
11.574 0.994753192174203
11.575 0.994752675435342
11.576 0.994752222366258
11.577 0.994751769297174
11.578 0.99475131622809
11.579 0.994750892821779
11.58 0.994750508735888
11.581 0.994750124649997
11.582 0.994749740564106
11.583 0.994749415226051
11.584 0.994749102783861
11.585 0.994748790341672
11.586 0.994748493503366
11.587 0.994748255365385
11.588 0.994748017227405
11.589 0.994747779089424
11.59 0.994747587130274
11.591 0.99474742595701
11.592 0.994747264783747
11.593 0.994747103610484
11.594 0.994747021266193
11.595 0.994746939718154
11.596 0.994746858170115
11.597 0.994746807890655
11.598 0.994746808628349
11.599 0.994746809366044
11.6 0.994746810103738
11.601 0.994746876250038
11.602 0.994746961933973
11.603 0.994747047617908
11.604 0.994747147318923
11.605 0.994747320609608
11.606 0.994747493900292
11.607 0.994747667190976
11.608 0.994747890128652
11.609 0.994748153686593
11.61 0.994748417244534
11.611 0.994748680802475
11.612 0.994749031712514
11.613 0.99474938819822
11.614 0.994749744683925
11.615 0.994750132713761
11.616 0.99475058478774
11.617 0.994751036861718
11.618 0.994751488935697
11.619 0.994752011748797
11.62 0.994752562071556
11.621 0.994753112394316
11.622 0.994753673817096
11.623 0.994754325049144
11.624 0.994754976281192
11.625 0.99475562751324
11.626 0.994756330530186
11.627 0.994757085332031
11.628 0.994757840133875
11.629 0.994758594935719
11.63 0.994759444282535
11.631 0.994760305314684
11.632 0.994761166346833
11.633 0.994762057868409
11.634 0.994763027791371
11.635 0.994763997714332
11.636 0.994764967637294
11.637 0.99476601229964
11.638 0.994767093773922
11.639 0.994768175248205
11.64 0.994769263575197
11.641 0.994770459261307
11.642 0.994771654947418
11.643 0.994772850633528
11.644 0.99477409891219
11.645 0.994775411470637
11.646 0.994776724029084
11.647 0.994778036587531
11.648 0.994779449553567
11.649 0.994780881644858
11.65 0.994782313736149
11.651 0.994783773931911
11.652 0.994785328216555
11.653 0.994786882501199
11.654 0.994788436785842
11.655 0.994790068479879
11.656 0.994791747618383
11.657 0.994793426756887
11.658 0.994795107170535
11.659 0.994796913823407
11.66 0.994798720476279
11.661 0.994800527129152
11.662 0.994802385851974
11.663 0.994804322679723
11.664 0.994806259507471
11.665 0.99480819633522
11.666 0.994810238102922
11.667 0.994812307766054
11.668 0.994814377429187
11.669 0.994816471513796
11.67 0.994818676851796
11.671 0.994820882189795
11.672 0.994823087527795
11.673 0.994825374318852
11.674 0.994827722556953
11.675 0.994830070795053
11.676 0.994832419033154
11.677 0.994834915750747
11.678 0.994837418654986
11.679 0.994839921559225
11.68 0.994842482788225
11.681 0.994845152334638
11.682 0.994847821881052
11.683 0.994850491427466
11.684 0.994853293151355
11.685 0.994856141315978
11.686 0.994858989480602
11.687 0.994861862422478
11.688 0.994864901181348
11.689 0.994867939940218
11.69 0.994870978699088
11.691 0.994874122794505
11.692 0.994877364123658
11.693 0.99488060545281
11.694 0.994883846781962
11.695 0.994887283348264
11.696 0.994890739223735
11.697 0.994894195099206
11.698 0.994897718931382
11.699 0.994901401329207
11.7 0.994905083727032
11.701 0.994908766124856
11.702 0.99491261308657
11.703 0.994916533982785
11.704 0.994920454878999
11.705 0.994924395813168
11.706 0.994928567183809
11.707 0.994932738554449
11.708 0.99493690992509
11.709 0.994941204647447
11.71 0.99494563846855
11.711 0.994950072289652
11.712 0.994954506110755
11.713 0.994959175938645
11.714 0.994963884186245
11.715 0.994968592433846
11.716 0.994973372282079
11.717 0.994978366932214
11.718 0.994983361582348
11.719 0.994988356232482
11.72 0.9949935418449
11.721 0.994998834873604
11.722 0.995004127902308
11.723 0.995009430241649
11.724 0.995015033624958
11.725 0.995020637008267
11.726 0.995026240391577
11.727 0.995031979153755
11.728 0.995037904867706
11.729 0.995043830581657
11.73 0.995049756295607
11.731 0.995055952797967
11.732 0.995062212818595
11.733 0.995068472839223
11.734 0.995074802116394
11.735 0.995081408419736
11.736 0.995088014723077
11.737 0.995094621026419
11.738 0.995101438702422
11.739 0.995108403264513
11.74 0.995115367826604
11.741 0.995122332388694
11.742 0.995129659780875
11.743 0.995136994577751
11.744 0.995144329374627
11.745 0.995151805589507
11.746 0.995159522597204
11.747 0.995167239604901
11.748 0.995174956612598
11.749 0.995182973202306
11.75 0.995191084396861
11.751 0.995199195591415
11.752 0.995207367710403
11.753 0.99521588506785
11.754 0.995224402425297
11.755 0.995232919782744
11.756 0.995241662935213
11.757 0.995250598431589
11.758 0.995259533927966
11.759 0.995268469424342
11.76 0.995277804927635
11.761 0.995287170538976
11.762 0.995296536150316
11.763 0.995306043230777
11.764 0.995315850933119
11.765 0.995325658635461
11.766 0.995335466337803
11.767 0.995345596427741
11.768 0.995355858197119
11.769 0.995366119966497
11.77 0.995376428340183
11.771 0.995387156152634
11.772 0.995397883965085
11.773 0.995408611777536
11.774 0.99541957381935
11.775 0.99543077965091
11.776 0.995441985482469
11.777 0.995453191314029
11.778 0.995464828341315
11.779 0.995476524168019
11.78 0.995488219994723
11.781 0.995500051353646
11.782 0.99551224915153
11.783 0.995524446949415
11.784 0.995536644747299
11.785 0.995549181750346
11.786 0.995561893495447
11.787 0.995574605240548
11.788 0.995587343281811
11.789 0.995600580950164
11.79 0.995613818618516
11.791 0.995627056286869
11.792 0.995640530630909
11.793 0.99565430619855
11.794 0.995668081766192
11.795 0.995681857333833
11.796 0.995696089297993
11.797 0.995710414740958
11.798 0.995724740183923
11.799 0.995739189234187
11.8 0.995754076528513
11.801 0.995768963822838
11.802 0.995783851117163
11.803 0.9957990884462
11.804 0.995814549567921
11.805 0.995830010689643
11.806 0.995845471811364
11.807 0.995861518736517
11.808 0.99587756566167
11.809 0.995893612586824
11.81 0.995909892645969
11.811 0.99592653735059
11.812 0.995943182055211
11.813 0.995959826759831
11.814 0.995976946062132
11.815 0.995994199225316
11.816 0.996011452388501
11.817 0.996028806451962
11.818 0.996046653146183
11.819 0.996064499840404
11.82 0.996082346534625
11.821 0.996100504109524
11.822 0.996118905947813
11.823 0.996137307786102
11.824 0.996155709624392
11.825 0.996174601558777
11.826 0.996193519287694
11.827 0.996212437016611
11.828 0.996231516802171
11.829 0.996250911168275
11.83 0.996270305534379
11.831 0.996289699900483
11.832 0.996309413556722
11.833 0.996329245306572
11.834 0.996349077056423
11.835 0.99636895658191
11.836 0.996389186462067
11.837 0.996409416342224
11.838 0.996429646222381
11.839 0.99645005912974
11.84 0.996470647886762
11.841 0.996491236643785
11.842 0.996511825400808
11.843 0.996532701818913
11.844 0.996553610199362
11.845 0.99657451857981
11.846 0.996595508267554
11.847 0.996616697017987
11.848 0.99663788576842
11.849 0.996659074518853
11.85 0.996680427228537
11.851 0.996701857095515
11.852 0.996723286962493
11.853 0.996744730959888
11.854 0.99676636268997
11.855 0.996787994420052
11.856 0.996809626150134
11.857 0.996831332680661
11.858 0.996853127020407
11.859 0.996874921360153
11.86 0.996896715699899
11.861 0.996918614892435
11.862 0.996940532588404
11.863 0.996962450284373
11.864 0.996984388165011
11.865 0.997006389963763
11.866 0.997028391762515
11.867 0.997050393561268
11.868 0.997072423615106
11.869 0.9970944702632
11.87 0.997116516911295
11.871 0.997138563671308
11.872 0.997160615915305
11.873 0.997182668159302
11.874 0.997204720403299
11.875 0.997226758847705
11.876 0.997248777434163
11.877 0.997270796020622
11.878 0.99729281460708
11.879 0.997314774864756
11.88 0.997336720540236
11.881 0.997358666215716
11.882 0.997380590579957
11.883 0.997402424091017
11.884 0.997424257602078
11.885 0.997446091113139
11.886 0.997467836801841
11.887 0.997489518895042
11.888 0.997511200988243
11.889 0.997532883081444
11.89 0.997554380223484
11.891 0.997575871645386
11.892 0.997597363067287
11.893 0.997618771716282
11.894 0.997640033213443
11.895 0.997661294710603
11.896 0.997682556207764
11.897 0.997703615821289
11.898 0.997724608140269
11.899 0.997745600459249
11.9 0.997766549597802
11.901 0.997787233485161
11.902 0.99780791737252
11.903 0.997828601259879
11.904 0.997849100874155
11.905 0.997869437076453
11.906 0.99788977327875
11.907 0.997910109481047
11.908 0.997930089699922
11.909 0.997950038963717
11.91 0.997969988227512
11.911 0.997989805371805
11.912 0.998009328443658
11.913 0.998028851515511
11.914 0.998048374587363
11.915 0.998067571847448
11.916 0.998086629473918
11.917 0.998105687100387
11.918 0.998124699303963
11.919 0.99814325223161
11.92 0.998161805159256
11.921 0.998180358086903
11.922 0.998198649917463
11.923 0.998216658892845
11.924 0.998234667868228
11.925 0.99825267684361
11.926 0.99827017843003
11.927 0.998287604199709
11.928 0.998305029969388
11.929 0.998322293899689
11.93 0.998339097210223
11.931 0.998355900520757
11.932 0.998372703831291
11.933 0.998389077028645
11.934 0.998405218626594
11.935 0.998421360224543
11.936 0.99843747385381
11.937 0.998452916234706
11.938 0.998468358615602
11.939 0.998483800996497
11.94 0.998498939116556
11.941 0.99851367391411
11.942 0.998528408711664
11.943 0.998543143509218
11.944 0.998557310951432
11.945 0.99857135385223
11.946 0.998585396753027
11.947 0.998599297800924
11.948 0.998612665211718
11.949 0.998626032622511
11.95 0.998639400033305
11.951 0.998652371994149
11.952 0.998665080321692
11.953 0.998677788649235
11.954 0.998690496976779
11.955 0.99870256905459
11.956 0.998714634705635
11.957 0.998726700356681
11.958 0.998738528025225
11.959 0.998749967406527
11.96 0.998761406787829
11.961 0.998772846169131
11.962 0.998783815955929
11.963 0.99879464547424
11.964 0.998805474992551
11.965 0.998816209557864
11.966 0.998826445619936
11.967 0.998836681682009
11.968 0.998846917744082
11.969 0.998856836428939
11.97 0.998866495441527
11.971 0.998876154454115
11.972 0.998885813466704
11.973 0.998894945475125
11.974 0.998904043844982
11.975 0.998913142214839
11.976 0.998922060986823
11.977 0.998930615120701
11.978 0.99893916925458
11.979 0.998947723388458
11.98 0.998955897485294
11.981 0.998963923789947
11.982 0.998971950094601
11.983 0.998979920142782
11.984 0.998987435024963
11.985 0.998994949907145
11.986 0.999002464789326
11.987 0.999009732163648
11.988 0.999016752030111
11.989 0.999023771896573
11.99 0.999030791763035
11.991 0.999037385667518
11.992 0.999043926925015
11.993 0.999050468182511
11.994 0.999056880023388
11.995 0.999062959078672
11.996 0.999069038133956
11.997 0.99907511718924
11.998 0.999080897561566
11.999 0.999086530821391
12 0.999092164081216
12.001 0.999097771577718
12.002 0.999102975448836
12.003 0.999108179319955
12.004 0.999113383191073
12.005 0.999118401220312
12.006 0.999123192109478
12.007 0.999127982998643
12.008 0.999132773887809
12.009 0.999137231653806
12.01 0.999141625967771
12.011 0.999146020281737
12.012 0.999150327156959
12.013 0.999154341302478
12.014 0.999158355447996
12.015 0.999162369593515
12.016 0.999166158206783
12.017 0.999169808590608
12.018 0.999173458974433
12.019 0.999177105884709
12.02 0.999180408913593
12.021 0.999183711942478
12.022 0.999187014971362
12.023 0.999190185620972
12.024 0.999193157701669
12.025 0.999196129782366
12.026 0.999199101863063
12.027 0.999201825456028
12.028 0.999204482995291
12.029 0.999207140534554
12.03 0.999209744409575
12.031 0.999212103814157
12.032 0.999214463218739
12.033 0.999216822623322
12.034 0.999219021442985
12.035 0.999221099119639
12.036 0.999223176796293
12.037 0.999225254472947
12.038 0.999227077441273
12.039 0.999228889796753
12.04 0.999230702152232
12.041 0.999232427387664
12.042 0.999233990828723
12.043 0.999235554269781
12.044 0.999237117710839
12.045 0.999238509096222
12.046 0.999239840029612
12.047 0.999241170963002
12.048 0.999242473803273
12.049 0.999243588635747
12.05 0.999244703468222
12.051 0.999245818300696
12.052 0.999246829292207
12.053 0.999247744430519
12.054 0.999248659568831
12.055 0.999249574707144
12.056 0.999250323053914
12.057 0.999251054904818
12.058 0.999251786755721
12.059 0.999252468542428
12.06 0.999253033512676
12.061 0.999253598482924
12.062 0.999254163453172
12.063 0.999254624596427
12.064 0.999255039092773
12.065 0.999255453589118
12.066 0.999255857360092
12.067 0.999256137789287
12.068 0.999256418218483
12.069 0.999256698647679
12.07 0.999256923549974
12.071 0.999257085836827
12.072 0.99925724812368
12.073 0.999257410410533
12.074 0.999257478982458
12.075 0.999257532298466
12.076 0.999257585614473
12.077 0.999257612737151
12.078 0.999257561279838
12.079 0.999257509822525
12.08 0.999257458365213
12.081 0.999257342465398
12.082 0.999257190316677
12.083 0.999257038167956
12.084 0.99925688312095
12.085 0.999256634362731
12.086 0.999256385604512
12.087 0.999256136846294
12.088 0.999255849226489
12.089 0.999255507940684
12.09 0.99925516665488
12.091 0.999254825369075
12.092 0.999254412442274
12.093 0.999253982710794
12.094 0.999253552979315
12.095 0.999253106375082
12.096 0.99925259227984
12.097 0.999252078184598
12.098 0.999251564089355
12.099 0.99925100262782
12.1 0.999250408250726
12.101 0.999249813873631
12.102 0.999249219496537
12.103 0.999248550443501
12.104 0.999247879866466
12.105 0.999247209289432
12.106 0.999246512028726
12.107 0.999245769333663
12.108 0.999245026638599
12.109 0.999244283943535
12.11 0.999243489541022
12.111 0.99924267880984
12.112 0.999241868078658
12.113 0.999241047754346
12.114 0.999240173068958
12.115 0.99923929838357
12.116 0.999238423698182
12.117 0.999237516681755
12.118 0.999236582124073
12.119 0.99923564756639
12.12 0.999234713008708
12.121 0.999233726565968
12.122 0.999232736217902
12.123 0.999231745869836
12.124 0.999230738975059
12.125 0.999229696918521
12.126 0.999228654861982
12.127 0.999227612805444
12.128 0.999226536934048
12.129 0.999225447250949
12.13 0.99922435756785
12.131 0.999223263530286
12.132 0.999222130302538
12.133 0.999220997074789
12.134 0.999219863847041
12.135 0.999218711282551
12.136 0.999217538592064
12.137 0.999216365901578
12.138 0.999215193211091
12.139 0.999213989385477
12.14 0.999212781314164
12.141 0.999211573242851
12.142 0.999210356720831
12.143 0.999209117350603
12.144 0.999207877980375
12.145 0.999206638610148
12.146 0.999205381276697
12.147 0.999204114689465
12.148 0.999202848102233
12.149 0.999201580358247
12.15 0.999200290635922
12.151 0.999199000913598
12.152 0.999197711191274
12.153 0.99919641308555
12.154 0.999195104310044
12.155 0.999193795534539
12.156 0.999192486759034
12.157 0.999191165557375
12.158 0.9991898418106
12.159 0.999188518063824
12.16 0.999187191921391
12.161 0.999185857285257
12.162 0.999184522649124
12.163 0.99918318801299
12.164 0.999181849224314
12.165 0.999180507780734
12.166 0.999179166337154
12.167 0.999177824893574
12.168 0.999176480724458
12.169 0.999175136555342
12.17 0.999173792386227
12.171 0.999172448746097
12.172 0.999171105933358
12.173 0.999169763120618
12.174 0.999168420307878
12.175 0.999167081737002
12.176 0.99916574436255
12.177 0.999164406988097
12.178 0.999163071232079
12.179 0.999161743377825
12.18 0.999160415523571
12.181 0.999159087669317
12.182 0.999157767432244
12.183 0.999156453180101
12.184 0.999155138927957
12.185 0.999153824675813
12.186 0.99915252722349
12.187 0.999151230655367
12.188 0.999149934087245
12.189 0.99914864491954
12.19 0.99914737011735
12.191 0.999146095315161
12.192 0.999144820512971
12.193 0.999143564579708
12.194 0.999142315625362
12.195 0.999141066671017
12.196 0.999139821308242
12.197 0.999138602283652
12.198 0.999137383259063
12.199 0.999136164234473
12.2 0.999134962555833
12.201 0.99913377754291
12.202 0.999132592529987
12.203 0.999131407517064
12.204 0.999130256586114
12.205 0.99912910944205
12.206 0.999127962297986
12.207 0.999126826478638
12.208 0.999125718385319
12.209 0.999124610292001
12.21 0.999123502198683
12.211 0.999122420269228
12.212 0.999121350652179
12.213 0.99912028103513
12.214 0.999119214069059
12.215 0.999118182323135
12.216 0.999117150577211
12.217 0.999116118831286
12.218 0.999115104227713
12.219 0.999114109747769
12.22 0.999113115267825
12.221 0.999112120787881
12.222 0.999111157469647
12.223 0.999110199650539
12.224 0.99910924183143
12.225 0.999108292665688
12.226 0.999107370902271
12.227 0.999106449138853
12.228 0.999105527375436
12.229 0.999104627945864
12.23 0.999103741632993
12.231 0.999102855320123
12.232 0.999101969704161
12.233 0.999101118236693
12.234 0.999100266769225
12.235 0.999099415301757
12.236 0.999098577872795
12.237 0.999097760645585
12.238 0.999096943418374
12.239 0.999096126191164
12.24 0.999095335872045
12.241 0.999094552279948
12.242 0.999093768687851
12.243 0.999092991371449
12.244 0.999092240809321
12.245 0.999091490247193
12.246 0.999090739685066
12.247 0.999090007929336
12.248 0.999089289792033
12.249 0.999088571654729
12.25 0.999087853517426
12.251 0.999087166245212
12.252 0.999086479927589
12.253 0.999085793609965
12.254 0.999085118529574
12.255 0.999084463426486
12.256 0.999083808323398
12.257 0.99908315322031
12.258 0.999082521074265
12.259 0.999081896580568
12.26 0.999081272086871
12.261 0.999080651793769
12.262 0.999080057304318
12.263 0.999079462814868
12.264 0.999078868325417
12.265 0.99907828941749
12.266 0.999077724327142
12.267 0.999077159236793
12.268 0.999076594146445
12.269 0.999076055546537
12.27 0.999075519250147
12.271 0.999074982953756
12.272 0.999074455395897
12.273 0.999073947288319
12.274 0.999073439180741
12.275 0.999072931073163
12.276 0.999072442274154
12.277 0.999071961750244
12.278 0.999071481226335
12.279 0.999071003130493
12.28 0.999070549585108
12.281 0.999070096039723
12.282 0.999069642494338
12.283 0.999069201608175
12.284 0.99906877443617
12.285 0.999068347264164
12.286 0.999067920092159
12.287 0.999067515338518
12.288 0.999067113934748
12.289 0.999066712530978
12.29 0.999066317669611
12.291 0.999065941428932
12.292 0.999065565188252
12.293 0.999065188947573
12.294 0.999064828669558
12.295 0.999064476986825
12.296 0.999064125304092
12.297 0.999063774579471
12.298 0.999063446849539
12.299 0.999063119119608
12.3 0.999062791389676
12.301 0.999062473699237
12.302 0.999062169316962
12.303 0.999061864934688
12.304 0.999061560552413
12.305 0.999061274819
12.306 0.999060993179238
12.307 0.999060711539477
12.308 0.999060434548562
12.309 0.999060175046169
12.31 0.999059915543776
12.311 0.999059656041383
12.312 0.999059409458324
12.313 0.999059171488155
12.314 0.999058933517986
12.315 0.999058695547817
12.316 0.999058478295456
12.317 0.999058261252366
12.318 0.999058044209276
12.319 0.999057834888521
12.32 0.999057638167366
12.321 0.999057441446211
12.322 0.999057244725056
12.323 0.999057063185829
12.324 0.999056886181465
12.325 0.9990567091771
12.326 0.999056535230599
12.327 0.999056377337881
12.328 0.999056219445162
12.329 0.999056061552443
12.33 0.999055913838301
12.331 0.999055774452083
12.332 0.999055635065866
12.333 0.999055495679649
12.334 0.999055373120707
12.335 0.999055251635847
12.336 0.999055130150986
12.337 0.999055014376539
12.338 0.999054910195961
12.339 0.999054806015384
12.34 0.999054701834806
12.341 0.999054609742673
12.342 0.999054522351602
12.343 0.99905443496053
12.344 0.99905434936497
12.345 0.999054278296726
12.346 0.999054207228483
12.347 0.999054136160239
12.348 0.999054073020371
12.349 0.99905401780888
12.35 0.999053962597389
12.351 0.999053907385898
12.352 0.99905386587211
12.353 0.999053826051296
12.354 0.999053786230482
12.355 0.999053750588557
12.356 0.999053725692345
12.357 0.999053700796133
12.358 0.999053675899921
12.359 0.999053660690922
12.36 0.999053650253238
12.361 0.999053639815554
12.362 0.999053630217416
12.363 0.999053633772183
12.364 0.999053637326951
12.365 0.999053640881718
12.366 0.999053650523355
12.367 0.9990536676045
12.368 0.999053684685644
12.369 0.999053701766789
12.37 0.999053729818587
12.371 0.999053759960033
12.372 0.999053790101479
12.373 0.999053823139598
12.374 0.999053865875271
12.375 0.999053908610943
12.376 0.999053951346616
12.377 0.999054001601743
12.378 0.999054056465568
12.379 0.999054111329393
12.38 0.999054166309838
12.381 0.999054232835739
12.382 0.99905429936164
12.383 0.999054365887541
12.384 0.999054436891843
12.385 0.999054514613746
12.386 0.999054592335649
12.387 0.999054670057551
12.388 0.999054756256096
12.389 0.999054844707925
12.39 0.999054933159754
12.391 0.999055023459076
12.392 0.999055122174757
12.393 0.999055220890437
12.394 0.999055319606117
12.395 0.99905542390653
12.396 0.999055532419987
12.397 0.999055640933444
12.398 0.999055749446901
12.399 0.99905586691879
12.4 0.999055984763948
12.401 0.999056102609106
12.402 0.999056223557232
12.403 0.999056350268016
12.404 0.9990564769788
12.405 0.999056603689583
12.406 0.999056736616035
12.407 0.999056871726369
12.408 0.999057006836704
12.409 0.99905714297839
12.41 0.999057286022201
12.411 0.999057429066011
12.412 0.999057572109822
12.413 0.999057719036681
12.414 0.999057869547892
12.415 0.999058020059103
12.416 0.999058170570314
12.417 0.999058327452731
12.418 0.999058484965268
12.419 0.999058642477805
12.42 0.999058801950917
12.421 0.999058965998705
12.422 0.999059130046492
12.423 0.99905929409428
12.424 0.999059462329798
12.425 0.999059632446761
12.426 0.999059802563724
12.427 0.999059973128935
12.428 0.999060148848998
12.429 0.999060324569061
12.43 0.999060500289125
12.431 0.99906067842359
12.432 0.999060859280678
12.433 0.999061040137766
12.434 0.999061220994855
12.435 0.99906140586896
12.436 0.999061591396999
12.437 0.999061776925038
12.438 0.999061963504295
12.439 0.999062153237209
12.44 0.999062342970123
12.441 0.999062532703036
12.442 0.999062724828782
12.443 0.999062918300496
12.444 0.99906311177221
12.445 0.999063305342105
12.446 0.999063502086544
12.447 0.999063698830983
12.448 0.999063895575422
12.449 0.999064093498653
12.45 0.999064293049741
12.451 0.99906449260083
12.452 0.999064692151918
12.453 0.999064893598872
12.454 0.999065095490535
12.455 0.999065297382199
12.456 0.999065499648762
12.457 0.999065703414925
12.458 0.999065907181087
12.459 0.99906611094725
12.46 0.999066315544384
12.461 0.999066520718971
12.462 0.999066725893558
12.463 0.999066931068145
12.464 0.999067137166235
12.465 0.999067343283172
12.466 0.999067549400109
12.467 0.999067755693267
12.468 0.999067962286478
12.469 0.999068168879689
12.47 0.9990683754729
12.471 0.999068582096509
12.472 0.999068788729718
12.473 0.999068995362926
12.474 0.999069201976006
12.475 0.999069408475026
12.476 0.999069614974045
12.477 0.999069821473065
12.478 0.999070027879066
12.479 0.999070234205828
12.48 0.999070440532591
12.481 0.999070646859354
12.482 0.999070852991593
12.483 0.999071059109191
12.484 0.999071265226788
12.485 0.999071471265643
12.486 0.999071677137168
12.487 0.999071883008693
12.488 0.999072088880219
12.489 0.999072294550828
12.49 0.999072500139373
12.491 0.999072705727918
12.492 0.999072911284474
12.493 0.99907311655313
12.494 0.999073321821787
12.495 0.999073527090444
12.496 0.999073732184271
12.497 0.999073937096132
12.498 0.999074142007993
12.499 0.999074346919854
12.5 0.999074551485255
12.501 0.999074756003413
12.502 0.99907496052157
12.503 0.999075164923462
12.504 0.999075369011008
12.505 0.999075573098554
12.506 0.9990757771861
12.507 0.999075980965084
12.508 0.999076184585111
12.509 0.999076388205137
12.51 0.999076591799943
12.511 0.999076794915543
12.512 0.999076998031142
12.513 0.999077201146742
12.514 0.999077404024155
12.515 0.99907760659842
12.516 0.999077809172685
12.517 0.99907801174695
12.518 0.999078213841274
12.519 0.999078415837297
12.52 0.999078617833319
12.521 0.999078819694009
12.522 0.999079021074881
12.523 0.999079222455754
12.524 0.999079423836626
12.525 0.999079624819743
12.526 0.999079825548557
12.527 0.999080026277372
12.528 0.999080227006186
12.529 0.999080427046035
12.53 0.999080627085883
12.531 0.999080827125731
12.532 0.999081026882489
12.533 0.999081226196464
12.534 0.999081425510439
12.535 0.999081624824414
12.536 0.999081823543419
12.537 0.999082022094613
12.538 0.999082220645806
12.539 0.999082419061053
12.54 0.999082616812557
12.541 0.999082814564062
12.542 0.999083012315566
12.543 0.999083209598576
12.544 0.999083406513484
12.545 0.999083603428391
12.546 0.999083800343299
12.547 0.999083996428377
12.548 0.999084192469779
12.549 0.999084388511182
12.55 0.999084584243045
12.551 0.999084779374035
12.552 0.999084974505025
12.553 0.999085169636016
12.554 0.999085364075462
12.555 0.999085558259133
12.556 0.999085752442803
12.557 0.999085946508366
12.558 0.999086139707808
12.559 0.99908633290725
12.56 0.999086526106692
12.561 0.999086718785355
12.562 0.999086910963662
12.563 0.999087103141968
12.564 0.999087295320274
12.565 0.999087486546341
12.566 0.999087677666604
12.567 0.999087868786867
12.568 0.999088059589593
12.569 0.999088249614905
12.57 0.999088439640217
12.571 0.999088629665528
12.572 0.999088818921176
12.573 0.999089007814628
12.574 0.99908919670808
12.575 0.999089385519719
12.576 0.999089573244404
12.577 0.99908976096909
12.578 0.999089948693775
12.579 0.99909013586385
12.58 0.999090322382861
12.581 0.999090508901872
12.582 0.999090695420882
12.583 0.999090880883698
12.584 0.999091066160127
12.585 0.999091251436555
12.586 0.999091436405906
12.587 0.999091620402844
12.588 0.999091804399783
12.589 0.999091988396721
12.59 0.999092171564328
12.591 0.999092354244868
12.592 0.999092536925409
12.593 0.999092719578883
12.594 0.999092900906117
12.595 0.999093082233352
12.596 0.999093263560587
12.597 0.999093444317834
12.598 0.999093624254855
12.599 0.999093804191876
12.6 0.999093984128897
12.601 0.999094162924221
12.602 0.99909434143412
12.603 0.99909451994402
12.604 0.999094698176838
12.605 0.999094875228409
12.606 0.999095052279981
12.607 0.999095229331552
12.608 0.999095405544412
12.609 0.999095581149929
12.61 0.999095756755446
12.611 0.999095932360964
12.612 0.999096106595142
12.613 0.999096280786908
12.614 0.999096454978674
12.615 0.999096628673157
12.616 0.999096801483581
12.617 0.999096974294005
12.618 0.999097147104429
12.619 0.999097318903154
12.62 0.999097490364646
12.621 0.999097661826138
12.622 0.999097833103317
12.623 0.999098003248286
12.624 0.999098173393255
12.625 0.999098343538224
12.626 0.999098513002614
12.627 0.99909868186347
12.628 0.999098850724326
12.629 0.999099019585183
12.63 0.999099187294471
12.631 0.999099354903624
12.632 0.999099522512777
12.633 0.999099689743948
12.634 0.999099856133807
12.635 0.999100022523666
12.636 0.999100188913524
12.637 0.999100354472564
12.638 0.999100519675539
12.639 0.999100684878513
12.64 0.999100849977585
12.641 0.999101014026085
12.642 0.999101178074584
12.643 0.999101342123084
12.644 0.999101505632993
12.645 0.999101668559427
12.646 0.999101831485862
12.647 0.999101994412297
12.648 0.999102156390731
12.649 0.99910231822751
12.65 0.999102480064289
12.651 0.999102641626184
12.652 0.999102802405716
12.653 0.999102963185249
12.654 0.999103123964782
12.655 0.999103284078171
12.656 0.999103443832867
12.657 0.999103603587563
12.658 0.999103763302563
12.659 0.999103922064832
12.66 0.999104080827102
12.661 0.999104239589371
12.662 0.999104397938833
12.663 0.999104555741085
12.664 0.999104713543338
12.665 0.99910487134559
12.666 0.999105028387203
12.667 0.999105185261848
12.668 0.999105342136493
12.669 0.999105498823146
12.67 0.999105654802592
12.671 0.999105810782038
12.672 0.999105966761484
12.673 0.999106122223257
12.674 0.999106277339914
12.675 0.999106432456572
12.676 0.999106587573229
12.677 0.999106741867812
12.678 0.999106896154091
12.679 0.999107050440369
12.68 0.999107204423419
12.681 0.999107357911728
12.682 0.999107511400037
12.683 0.999107664888346
12.684 0.999107817787174
12.685 0.999107970509923
12.686 0.999108123232673
12.687 0.999108275838118
12.688 0.999108427827717
12.689 0.999108579817316
12.69 0.999108731806915
12.691 0.999108883411106
12.692 0.999109034699964
12.693 0.999109185988822
12.694 0.999109337277681
12.695 0.999109487938307
12.696 0.999109638558834
12.697 0.999109789179361
12.698 0.999109939590034
12.699 0.999110089574639
12.7 0.999110239559244
12.701 0.99911038954385
12.702 0.999110539093926
12.703 0.999110688475019
12.704 0.999110837856112
12.705 0.999110987174384
12.706 0.999111135984375
12.707 0.999111284794366
12.708 0.999111433604357
12.709 0.999111582145001
12.71 0.999111730416299
12.711 0.999111878687597
12.712 0.999112026958895
12.713 0.999112174779601
12.714 0.999112322544615
12.715 0.99911247030963
12.716 0.999112617941959
12.717 0.9991127652331
12.718 0.999112912524241
12.719 0.999113059815382
12.72 0.999113206810742
12.721 0.999113353660419
12.722 0.999113500510096
12.723 0.999113647335229
12.724 0.999113793775852
12.725 0.999113940216474
12.726 0.999114086657096
12.727 0.999114232928228
12.728 0.999114378992205
12.729 0.999114525056182
12.73 0.999114671120159
12.731 0.999114816894978
12.732 0.999114962614719
12.733 0.999115108334461
12.734 0.999115253982483
12.735 0.999115399390398
12.736 0.999115544798314
12.737 0.999115690206229
12.738 0.999115835439529
12.739 0.999115980565808
12.74 0.999116125692086
12.741 0.999116270815702
12.742 0.999116415675773
12.743 0.999116560535844
12.744 0.999116705395914
12.745 0.999116850153269
12.746 0.999116994756549
12.747 0.999117139359828
12.748 0.999117283963108
12.749 0.999117428370947
12.75 0.999117572726833
12.751 0.999117717082719
12.752 0.999117861395766
12.753 0.999118005513656
12.754 0.999118149631546
12.755 0.999118293749435
12.756 0.999118437737024
12.757 0.999118581626316
12.758 0.999118725515607
12.759 0.999118869404898
12.76 0.999119013083757
12.761 0.999119156753848
12.762 0.999119300423938
12.763 0.999119444020597
12.764 0.999119587480885
12.765 0.999119730941172
12.766 0.999119874401459
12.767 0.999120017713447
12.768 0.999120160973329
12.769 0.999120304233211
12.77 0.999120447468262
12.771 0.999120590537136
12.772 0.99912073360601
12.773 0.999120876674884
12.774 0.99912101964932
12.775 0.999121162536584
12.776 0.999121305423848
12.777 0.999121448311112
12.778 0.999121591041663
12.779 0.999121733756714
12.78 0.999121876471765
12.781 0.999122019137972
12.782 0.999122161690208
12.783 0.999122304242445
12.784 0.999122446794681
12.785 0.999122589241059
12.786 0.999122731639878
12.787 0.999122874038697
12.788 0.999123016425994
12.789 0.999123158680793
12.79 0.999123300935593
12.791 0.999123443190392
12.792 0.999123585381919
12.793 0.999123727502097
12.794 0.999123869622275
12.795 0.999124011742452
12.796 0.999124153754937
12.797 0.99912429574989
12.798 0.999124437744843
12.799 0.99912457971084
12.8 0.999124721589966
12.801 0.999124863469093
12.802 0.999125005348219
12.803 0.999125147159231
12.804 0.999125288931929
12.805 0.999125430704626
12.806 0.999125572474413
12.807 0.999125714150079
12.808 0.999125855825745
12.809 0.999125997501411
12.81 0.999126139140271
12.811 0.999126280728303
12.812 0.999126422316335
12.813 0.999126563904368
12.814 0.999126705429029
12.815 0.999126846938825
12.816 0.999126988448622
12.817 0.999127129944651
12.818 0.999127271385609
12.819 0.999127412826566
12.82 0.999127554267524
12.821 0.999127695673412
12.822 0.999127837054929
12.823 0.999127978436447
12.824 0.999128119817964
12.825 0.999128261150439
12.826 0.999128402481912
12.827 0.999128543813386
12.828 0.999128685129822
12.829 0.99912882642065
12.83 0.999128967711479
12.831 0.999129109002307
12.832 0.999129250269387
12.833 0.999129391528968
12.834 0.999129532788549
12.835 0.999129674044853
12.836 0.999129815282583
12.837 0.999129956520313
12.838 0.999130097758044
12.839 0.99913023898905
12.84 0.999130380214328
12.841 0.999130521439606
12.842 0.999130662664885
12.843 0.999130803887321
12.844 0.999130945109544
12.845 0.999131086331767
12.846 0.99913122755602
12.847 0.999131368784586
12.848 0.999131510013152
12.849 0.999131651241718
12.85 0.99913179248146
12.851 0.999131933725766
12.852 0.999132074970073
12.853 0.999132216216893
12.854 0.999132357486338
12.855 0.999132498755782
12.856 0.999132640025226
12.857 0.999132781311593
12.858 0.999132922615573
12.859 0.999133063919553
12.86 0.999133205223533
12.861 0.999133346566175
12.862 0.999133487914089
12.863 0.999133629262002
12.864 0.999133770624315
12.865 0.99913391202556
12.866 0.999134053426805
12.867 0.99913419482805
12.868 0.999134336270695
12.869 0.999134477734668
12.87 0.999134619198641
12.871 0.999134760666163
12.872 0.999134902201096
12.873 0.99913504373603
12.874 0.999135185270963
12.875 0.999135326837764
12.876 0.999135468445121
12.877 0.999135610052479
12.878 0.999135751659837
12.879 0.9991358933265
12.88 0.99913603500531
12.881 0.999136176684119
12.882 0.999136318378434
12.883 0.99913646012772
12.884 0.999136601877006
12.885 0.999136743626292
12.886 0.999136885417973
12.887 0.99913702723676
12.888 0.999137169055548
12.889 0.999137310874335
12.89 0.999137452761647
12.891 0.99913759464896
12.892 0.999137736536272
12.893 0.999137878449929
12.894 0.999138020404792
12.895 0.999138162359654
12.896 0.999138304314516
12.897 0.999138446321307
12.898 0.999138588342744
12.899 0.999138730364181
12.9 0.99913887239677
12.901 0.999139014483806
12.902 0.999139156570842
12.903 0.999139298657878
12.904 0.999139440781103
12.905 0.999139582932763
12.906 0.999139725084423
12.907 0.999139867236082
12.908 0.999140009448208
12.909 0.999140151663516
12.91 0.999140293878824
12.911 0.99914043611544
12.912 0.999140578393421
12.913 0.999140720671402
12.914 0.999140862949382
12.915 0.999141005272402
12.916 0.999141147612079
12.917 0.999141289951757
12.918 0.999141432298721
12.919 0.999141574699121
12.92 0.99914171709952
12.921 0.99914185949992
12.922 0.99914200193079
12.923 0.999142144390936
12.924 0.999142286851082
12.925 0.999142429311227
12.926 0.999142571824267
12.927 0.999142714343184
12.928 0.9991428568621
12.929 0.999142999397777
12.93 0.999143141974489
12.931 0.999143284551201
12.932 0.999143427127913
12.933 0.999143569743263
12.934 0.999143712376794
12.935 0.999143855010326
12.936 0.999143997647767
12.937 0.999144140337143
12.938 0.99914428302652
12.939 0.999144425715896
12.94 0.999144568430512
12.941 0.999144711174757
12.942 0.999144853919003
12.943 0.999144996663248
12.944 0.999145139453303
12.945 0.999145282251442
12.946 0.99914542504958
12.947 0.99914556786042
12.948 0.999145710711476
12.949 0.999145853562533
12.95 0.99914599641359
12.951 0.999146139297371
12.952 0.99914628220037
12.953 0.99914642510337
12.954 0.999146568007388
12.955 0.999146710961355
12.956 0.999146853915321
12.957 0.999146996869287
12.958 0.99914713984375
12.959 0.999147282847708
12.96 0.999147425851666
12.961 0.999147568855624
12.962 0.999147711898795
12.963 0.99914785495177
12.964 0.999147998004744
12.965 0.999148141066846
12.966 0.999148284167861
12.967 0.999148427268876
12.968 0.999148570369891
12.969 0.999148713498204
12.97 0.999148856646284
12.971 0.999148999794364
12.972 0.999149142942445
12.973 0.999149286135232
12.974 0.999149429329402
12.975 0.999149572523572
12.976 0.999149715733983
12.977 0.999149858973268
12.978 0.999150002212552
12.979 0.999150145451836
12.98 0.999150288724224
12.981 0.999150432007648
12.982 0.999150575291071
12.983 0.999150718580537
12.984 0.999150861907124
12.985 0.99915100523371
12.986 0.999151148560296
12.987 0.999151291909242
12.988 0.999151435278017
12.989 0.999151578646791
12.99 0.999151722015566
12.991 0.999151865422256
12.992 0.999152008832243
12.993 0.99915215224223
12.994 0.99915229566469
12.995 0.999152439114915
12.996 0.999152582565139
12.997 0.999152726015363
12.998 0.99915286949307
12.999 0.999153012982555
13 0.99915315647204
13.001 0.999153299964971
13.002 0.999153443492743
13.003 0.999153587020514
13.004 0.999153730548286
13.005 0.999153874093966
13.006 0.999154017659047
13.007 0.999154161224128
13.008 0.999154304789209
13.009 0.999154448385896
13.01 0.999154591987306
13.011 0.999154735588716
13.012 0.999154879199315
13.013 0.999155022836071
13.014 0.999155166472826
13.015 0.999155310109582
13.016 0.999155453768673
13.017 0.999155597439792
13.018 0.99915574111091
13.019 0.999155884783364
13.02 0.999156028487863
13.021 0.999156172192362
13.022 0.999156315896861
13.023 0.999156459615292
13.024 0.999156603352189
13.025 0.999156747089086
13.026 0.999156890825984
13.027 0.999157034588641
13.028 0.999157178356953
13.029 0.999157322125265
13.03 0.999157465899967
13.031 0.999157609698712
13.032 0.999157753497457
13.033 0.999157897296201
13.034 0.999158041112616
13.035 0.999158184940811
13.036 0.999158328769005
13.037 0.9991584725972
13.038 0.999158616453577
13.039 0.999158760310238
13.04 0.9991589041669
13.041 0.999159048034006
13.042 0.999159191918152
13.043 0.999159335802298
13.044 0.999159479686444
13.045 0.999159623590997
13.046 0.999159767501645
13.047 0.999159911412293
13.048 0.999160055327024
13.049 0.999160199263191
13.05 0.999160343199358
13.051 0.999160487135525
13.052 0.999160631085187
13.053 0.999160775045891
13.054 0.999160919006594
13.055 0.999161062967298
13.056 0.999161206950142
13.057 0.999161350934399
13.058 0.999161494918657
13.059 0.999161638910362
13.06 0.999161782917191
13.061 0.99916192692402
13.062 0.999162070930849
13.063 0.999162214953221
13.064 0.999162358981638
13.065 0.999162503010055
13.066 0.999162647040739
13.067 0.999162791089761
13.068 0.999162935138785
13.069 0.999163079187808
13.07 0.999163223246642
13.071 0.999163367315288
13.072 0.999163511383935
13.073 0.999163655452581
13.074 0.999163799537817
13.075 0.999163943625103
13.076 0.99916408771239
13.077 0.99916423180462
13.078 0.999164375909565
13.079 0.999164520014509
13.08 0.999164664119453
13.081 0.99916480823557
13.082 0.99916495235719
13.083 0.99916509647881
13.084 0.999165240601371
13.085 0.999165384738683
13.086 0.999165528875995
13.087 0.999165673013306
13.088 0.999165817157238
13.089 0.99916596130926
13.09 0.999166105461282
13.091 0.999166249613304
13.092 0.999166393776856
13.093 0.999166537942605
13.094 0.999166682108354
13.095 0.999166826277034
13.096 0.999166970455528
13.097 0.999167114634021
13.098 0.999167258812515
13.099 0.9991674029983
13.1 0.999167547188556
13.101 0.999167691378811
13.102 0.999167835569174
13.103 0.999167979770209
13.104 0.999168123971243
13.105 0.999168268172277
13.106 0.99916841237723
13.107 0.999168556588061
13.108 0.999168700798892
13.109 0.999168845009723
13.11 0.999168989227517
13.111 0.999169133447162
13.112 0.999169277666806
13.113 0.999169421887861
13.114 0.999169566115337
13.115 0.999169710342813
13.116 0.999169854570289
13.117 0.999169998801669
13.118 0.999170143035993
13.119 0.999170287270317
13.12 0.999170431504641
13.121 0.999170575744597
13.122 0.999170719984787
13.123 0.999170864224977
13.124 0.999171008466877
13.125 0.99917115271195
13.126 0.999171296957024
13.127 0.999171441202097
13.128 0.999171585450057
13.129 0.999171729699031
13.13 0.999171873948005
13.131 0.999172018197358
13.132 0.999172162449249
13.133 0.999172306701141
13.134 0.999172450953032
13.135 0.99917259520593
13.136 0.999172739459757
13.137 0.999172883713584
13.138 0.999173027967411
13.139 0.999173172222223
13.14 0.999173316477133
13.141 0.999173460732043
13.142 0.999173604987197
13.143 0.999173749242922
13.144 0.999173893498647
13.145 0.999174037754371
13.146 0.999174182010585
13.147 0.999174326267018
13.148 0.999174470523451
13.149 0.999174614779933
13.15 0.999174759036968
13.151 0.999174903294004
13.152 0.999175047551039
13.153 0.999175191808308
13.154 0.99917533606584
13.155 0.999175480323372
13.156 0.999175624580904
13.157 0.999175768838772
13.158 0.999175913096695
13.159 0.999176057354617
13.16 0.999176201612611
13.161 0.999176345870818
13.162 0.999176490129025
13.163 0.999176634387231
13.164 0.999176778645552
13.165 0.999176922903937
13.166 0.999177067162322
13.167 0.99917721142071
13.168 0.999177355679167
13.169 0.999177499937624
13.17 0.999177644196082
13.171 0.999177788454525
13.172 0.999177932712948
13.173 0.999178076971372
13.174 0.999178221229796
13.175 0.999178365488106
13.176 0.999178509746389
13.177 0.999178654004673
13.178 0.999178798262908
13.179 0.999178942520945
13.18 0.999179086778983
13.181 0.999179231037021
13.182 0.999179375294851
13.183 0.999179519552537
13.184 0.999179663810223
13.185 0.999179808067909
13.186 0.999179952325146
13.187 0.999180096582374
13.188 0.999180240839602
13.189 0.999180385096621
13.19 0.999180529353285
13.191 0.999180673609949
13.192 0.999180817866613
13.193 0.999180962122767
13.194 0.999181106378761
13.195 0.999181250634754
13.196 0.999181394890632
13.197 0.999181539145849
13.198 0.999181683401067
13.199 0.999181827656285
13.2 0.999181971911026
13.201 0.999182116165362
13.202 0.999182260419697
13.203 0.999182404674033
13.204 0.999182548927449
13.205 0.999182693180796
13.206 0.999182837434144
13.207 0.999182981687141
13.208 0.999183125939394
13.209 0.999183270191647
13.21 0.9991834144439
13.211 0.9991835586953
13.212 0.999183702946353
13.213 0.999183847197406
13.214 0.999183991448328
13.215 0.999184135698074
13.216 0.999184279947821
13.217 0.999184424197567
13.218 0.999184568446622
13.219 0.999184712694955
13.22 0.999184856943289
13.221 0.999185001191623
13.222 0.999185145438621
13.223 0.999185289685436
13.224 0.999185433932252
13.225 0.999185578178629
13.226 0.999185722423819
13.227 0.99918586666901
13.228 0.999186010914201
13.229 0.99918615515825
13.23 0.99918629940171
13.231 0.999186443645171
13.232 0.999186587888539
13.233 0.999186732130163
13.234 0.999186876371787
13.235 0.999187020613411
13.236 0.99918716485418
13.237 0.999187309093861
13.238 0.999187453333541
13.239 0.999187597573222
13.24 0.999187741811203
13.241 0.999187886048836
13.242 0.999188030286469
13.243 0.999188174523627
13.244 0.999188318759105
13.245 0.999188462994582
13.246 0.99918860723006
13.247 0.999188751464158
13.248 0.999188895697375
13.249 0.999189039930592
13.25 0.999189184163809
13.251 0.999189328394659
13.252 0.999189472625509
13.253 0.999189616856359
13.254 0.999189761086245
13.255 0.999189905314622
13.256 0.999190049543
13.257 0.999190193771377
13.258 0.999190337997742
13.259 0.99919048222354
13.26 0.999190626449339
13.261 0.99919077067468
13.262 0.999190914897794
13.263 0.999191059120907
13.264 0.99919120334402
13.265 0.99919134756557
13.266 0.999191491785893
13.267 0.999191636006215
13.268 0.999191780226537
13.269 0.999191924444107
13.27 0.999192068661532
13.271 0.999192212878957
13.272 0.999192357095371
13.273 0.999192501309822
13.274 0.999192645524273
13.275 0.999192789738724
13.276 0.99919293395103
13.277 0.999193078162543
13.278 0.999193222374056
13.279 0.999193366585224
13.28 0.999193510793862
13.281 0.999193655002499
13.282 0.999193799211137
13.283 0.999193943418342
13.284 0.999194087624169
13.285 0.999194231829995
13.286 0.999194376035822
13.287 0.999194520239177
13.288 0.999194664442257
13.289 0.999194808645336
13.29 0.999194952847638
13.291 0.999195097048034
13.292 0.99919524124843
13.293 0.999195385448825
13.294 0.99919552964744
13.295 0.999195673845216
13.296 0.999195818042991
13.297 0.999195962240588
13.298 0.999196106435808
13.299 0.999196250631028
13.3 0.999196394826247
13.301 0.99919653902032
13.302 0.999196683213047
13.303 0.999196827405773
13.304 0.9991969715985
13.305 0.999197115789162
13.306 0.99919725997946
13.307 0.999197404169758
13.308 0.999197548359488
13.309 0.99919769254742
13.31 0.999197836735352
13.311 0.999197980923284
13.312 0.999198125109766
13.313 0.999198269295396
13.314 0.999198413481026
13.315 0.999198557666612
13.316 0.999198701850004
13.317 0.999198846033396
13.318 0.999198990216788
13.319 0.999199134399288
13.32 0.999199278580506
13.321 0.999199422761724
13.322 0.999199566942942
13.323 0.99919971112247
13.324 0.999199855301577
13.325 0.999199999480684
13.326 0.999200143659401
13.327 0.999200287836461
13.328 0.99920043201352
13.329 0.999200576190579
13.33 0.999200720366488
13.331 0.999200864541564
13.332 0.99920100871664
13.333 0.999201152891716
13.334 0.999201297064929
13.335 0.999201441238085
13.336 0.99920158541124
13.337 0.999201729583728
13.338 0.999201873755028
13.339 0.999202017926327
13.34 0.999202162097627
13.341 0.999202306267582
13.342 0.999202450437089
13.343 0.999202594606595
13.344 0.99920273877586
13.345 0.999202882943638
13.346 0.999203027111416
13.347 0.999203171279194
13.348 0.999203315446089
13.349 0.999203459612202
13.35 0.999203603778314
13.351 0.999203747944426
13.352 0.999203892109065
13.353 0.999204036273576
13.354 0.999204180438087
13.355 0.99920432460212
13.356 0.999204468765093
13.357 0.999204612928066
13.358 0.999204757091038
13.359 0.999204901252979
13.36 0.999205045414477
13.361 0.999205189575975
13.362 0.999205333737346
13.363 0.999205477897433
13.364 0.999205622057521
13.365 0.999205766217608
13.366 0.999205910377049
13.367 0.999206054535789
13.368 0.99920619869453
13.369 0.99920634285327
13.37 0.999206487010893
13.371 0.99920663116835
13.372 0.999206775325807
13.373 0.999206919482947
13.374 0.999207063639183
13.375 0.99920720779542
13.376 0.999207351951657
13.377 0.999207496107142
13.378 0.999207640262223
13.379 0.999207784417304
13.38 0.999207928572341
13.381 0.999208072726328
13.382 0.999208216880316
13.383 0.999208361034304
13.384 0.99920850518785
13.385 0.999208649340809
13.386 0.999208793493768
13.387 0.999208937646727
13.388 0.999209081798895
13.389 0.999209225950888
13.39 0.999209370102882
13.391 0.999209514254686
13.392 0.999209658405779
13.393 0.999209802556871
13.394 0.999209946707963
13.395 0.999210090858553
13.396 0.999210235008807
13.397 0.999210379159061
13.398 0.999210523309315
13.399 0.999210667458803
13.4 0.999210811608283
13.401 0.999210955757763
13.402 0.999211099906972
13.403 0.999211244055742
13.404 0.999211388204511
13.405 0.99921153235328
13.406 0.999211676501544
13.407 0.999211820649658
13.408 0.999211964797772
13.409 0.999212108945785
13.41 0.999212253093271
13.411 0.999212397240757
13.412 0.999212541388242
13.413 0.999212685535394
13.414 0.999212829682273
13.415 0.999212973829152
13.416 0.999213117976031
13.417 0.999213262122359
13.418 0.999213406268652
13.419 0.999213550414945
13.42 0.999213694561051
13.421 0.99921383870678
13.422 0.999213982852508
13.423 0.999214126998236
13.424 0.999214271143573
13.425 0.999214415288758
13.426 0.999214559433943
13.427 0.99921470357907
13.428 0.999214847723732
13.429 0.999214991868394
13.43 0.999215136013057
13.431 0.999215280157469
13.432 0.99921542430163
13.433 0.999215568445791
13.434 0.999215712589952
13.435 0.999215856733686
13.436 0.999216000877366
13.437 0.999216145021047
13.438 0.999216289164599
13.439 0.999216433307821
13.44 0.999216577451043
13.441 0.999216721594265
13.442 0.999216865737193
13.443 0.999217009879977
13.444 0.999217154022761
13.445 0.99921729816552
13.446 0.999217442307887
13.447 0.999217586450254
13.448 0.999217730592621
13.449 0.99921787473481
13.45 0.999218018876781
13.451 0.999218163018752
13.452 0.999218307160724
13.453 0.99921845130238
13.454 0.999218595443977
13.455 0.999218739585574
13.456 0.99921888372709
13.457 0.999219027868333
13.458 0.999219172009577
13.459 0.99921931615082
13.46 0.999219460291858
13.461 0.999219604432769
13.462 0.99921974857368
13.463 0.999219892714588
13.464 0.999220036855188
13.465 0.999220180995788
13.466 0.999220325136388
13.467 0.999220469276872
13.468 0.999220613417182
13.469 0.999220757557492
13.47 0.999220901697802
13.471 0.9992210458379
13.472 0.999221189977941
13.473 0.999221334117982
13.474 0.999221478257979
13.475 0.999221622397772
13.476 0.999221766537565
13.477 0.999221910677358
13.478 0.999222054817022
13.479 0.999222198956589
13.48 0.999222343096156
13.481 0.999222487235722
13.482 0.999222631375092
13.483 0.999222775514453
13.484 0.999222919653814
13.485 0.999223063793111
13.486 0.999223207932288
13.487 0.999223352071464
13.488 0.999223496210641
13.489 0.999223640349697
13.49 0.999223784488711
13.491 0.999223928627724
13.492 0.999224072766719
13.493 0.99922421690559
13.494 0.999224361044462
13.495 0.999224505183333
13.496 0.999224649322141
13.497 0.999224793460892
13.498 0.999224937599642
13.499 0.999225081738392
13.5 0.999225225877052
13.501 0.999225370015703
13.502 0.999225514154354
13.503 0.999225658292981
13.504 0.999225802431552
13.505 0.999225946570124
13.506 0.999226090708696
13.507 0.999226234847228
13.508 0.999226378985742
13.509 0.999226523124256
13.51 0.999226667262767
13.511 0.999226811401245
13.512 0.999226955539722
13.513 0.9992270996782
13.514 0.99922724381667
13.515 0.999227387955133
13.516 0.999227532093595
13.517 0.999227676232057
13.518 0.999227820370525
13.519 0.999227964508993
13.52 0.999228108647461
13.521 0.999228252785936
13.522 0.999228396924431
13.523 0.999228541062926
13.524 0.999228685201421
13.525 0.999228829339947
13.526 0.999228973478489
13.527 0.999229117617032
13.528 0.999229261755577
13.529 0.99922940589419
13.53 0.999229550032802
13.531 0.999229694171414
13.532 0.999229838310064
13.533 0.999229982448766
13.534 0.999230126587469
13.535 0.999230270726171
13.536 0.999230414864964
13.537 0.999230559003778
13.538 0.999230703142591
13.539 0.99923084728143
13.54 0.999230991420372
13.541 0.999231135559313
13.542 0.999231279698255
13.543 0.999231423837273
13.544 0.999231567976343
13.545 0.999231712115414
13.546 0.999231856254485
13.547 0.99923200039368
13.548 0.999232144532879
13.549 0.999232288672077
13.55 0.999232432811322
13.551 0.999232576950646
13.552 0.999232721089971
13.553 0.999232865229295
13.554 0.999233009368715
13.555 0.999233153508165
13.556 0.999233297647615
13.557 0.999233441787083
13.558 0.999233585926656
13.559 0.999233730066229
13.56 0.999233874205802
13.561 0.999234018345442
13.562 0.999234162485137
13.563 0.999234306624833
13.564 0.999234450764528
13.565 0.999234594904336
13.566 0.999234739044153
13.567 0.99923488318397
13.568 0.999235027323825
13.569 0.999235171463761
13.57 0.999235315603697
13.571 0.999235459743633
13.572 0.999235603883653
13.573 0.999235748023707
13.574 0.999235892163762
13.575 0.999236036303828
13.576 0.999236180443999
13.577 0.999236324584171
13.578 0.999236468724342
13.579 0.99923661286457
13.58 0.999236757004856
13.581 0.999236901145143
13.582 0.99923704528543
13.583 0.999237189425817
13.584 0.999237333566218
13.585 0.999237477706619
13.586 0.999237621847051
13.587 0.999237765987565
13.588 0.999237910128078
13.589 0.999238054268592
13.59 0.99923819840918
13.591 0.999238342549805
13.592 0.99923848669043
13.593 0.999238630831061
13.594 0.999238774971796
13.595 0.999238919112531
13.596 0.999239063253266
13.597 0.999239207394049
13.598 0.999239351534894
13.599 0.999239495675738
13.6 0.999239639816582
13.601 0.999239783957516
13.602 0.999239928098467
13.603 0.999240072239418
13.604 0.999240216380393
13.605 0.99924036052145
13.606 0.999240504662508
13.607 0.999240648803566
13.608 0.999240792944687
13.609 0.999240937085849
13.61 0.999241081227012
13.611 0.999241225368174
13.612 0.99924136950944
13.613 0.999241513650705
13.614 0.999241657791971
13.615 0.999241801933276
13.616 0.999241946074644
13.617 0.999242090216012
13.618 0.999242234357379
13.619 0.999242378498825
13.62 0.999242522640293
13.621 0.999242666781761
13.622 0.999242810923246
13.623 0.999242955064814
13.624 0.999243099206381
13.625 0.999243243347948
13.626 0.999243387489571
13.627 0.999243531631236
13.628 0.999243675772902
13.629 0.999243819914568
13.63 0.999243964056325
13.631 0.999244108198087
13.632 0.999244252339848
13.633 0.999244396481642
13.634 0.9992445406235
13.635 0.999244684765357
13.636 0.999244828907215
13.637 0.99924497304914
13.638 0.999245117191091
13.639 0.999245261333042
13.64 0.999245405475004
13.641 0.999245549617048
13.642 0.999245693759091
13.643 0.999245837901135
13.644 0.999245982043225
13.645 0.999246126185359
13.646 0.999246270327494
13.647 0.999246414469628
13.648 0.999246558611844
13.649 0.999246702754068
13.65 0.999246846896293
13.651 0.999246991038543
13.652 0.999247135180856
13.653 0.999247279323169
13.654 0.999247423465482
13.655 0.999247567607854
13.656 0.999247711750254
13.657 0.999247855892654
13.658 0.99924800003506
13.659 0.999248144177546
13.66 0.999248288320031
13.661 0.999248432462517
13.662 0.999248576605041
13.663 0.999248720747612
13.664 0.999248864890182
13.665 0.999249009032752
13.666 0.999249153175393
13.667 0.999249297318046
13.668 0.999249441460699
13.669 0.999249585603371
13.67 0.999249729746106
13.671 0.999249873888841
13.672 0.999250018031576
13.673 0.999250162174361
13.674 0.999250306317176
13.675 0.999250450459991
13.676 0.999250594602808
13.677 0.999250738745701
13.678 0.999250882888594
13.679 0.999251027031487
13.68 0.999251171174411
13.681 0.99925131531738
13.682 0.999251459460349
13.683 0.999251603603318
13.684 0.999251747746347
13.685 0.99925189188939
13.686 0.999252036032433
13.687 0.99925218017549
13.688 0.999252324318605
13.689 0.99925246846172
13.69 0.999252612604836
13.691 0.999252756747991
13.692 0.999252900891176
13.693 0.999253045034361
13.694 0.999253189177546
13.695 0.999253333320797
13.696 0.99925347746405
13.697 0.999253621607303
13.698 0.99925376575058
13.699 0.999253909893898
13.7 0.999254054037217
13.701 0.999254198180535
13.702 0.999254342323902
13.703 0.999254486467284
13.704 0.999254630610667
13.705 0.999254774754058
13.706 0.999254918897502
13.707 0.999255063040946
13.708 0.999255207184389
13.709 0.999255351327865
13.71 0.999255495471368
13.711 0.999255639614872
13.712 0.999255783758376
13.713 0.999255927901932
13.714 0.999256072045493
13.715 0.999256216189054
13.716 0.999256360332632
13.717 0.999256504476249
13.718 0.999256648619866
13.719 0.999256792763483
13.72 0.999256936907137
13.721 0.999257081050807
13.722 0.999257225194476
13.723 0.999257369338151
13.724 0.999257513481872
13.725 0.999257657625594
13.726 0.999257801769315
13.727 0.99925794591306
13.728 0.99925809005683
13.729 0.9992582342006
13.73 0.999258378344371
13.731 0.999258522488182
13.732 0.999258666632
13.733 0.999258810775818
13.734 0.999258954919647
13.735 0.99925909906351
13.736 0.999259243207373
13.737 0.999259387351236
13.738 0.999259531495127
13.739 0.999259675639033
13.74 0.999259819782939
13.741 0.999259963926847
13.742 0.999260108070794
13.743 0.99926025221474
13.744 0.999260396358687
13.745 0.999260540502651
13.746 0.999260684646637
13.747 0.999260828790623
13.748 0.999260972934609
13.749 0.999261117078625
13.75 0.999261261222648
13.751 0.999261405366671
13.752 0.999261549510701
13.753 0.999261693654759
13.754 0.999261837798816
13.755 0.999261981942874
13.756 0.999262126086951
13.757 0.999262270231042
13.758 0.999262414375132
13.759 0.999262558519222
13.76 0.999262702663343
13.761 0.999262846807464
13.762 0.999262990951585
13.763 0.999263135095717
13.764 0.999263279239866
13.765 0.999263423384016
13.766 0.999263567528166
13.767 0.999263711672336
13.768 0.999263855816512
13.769 0.999263999960688
13.77 0.999264144104868
13.771 0.999264288249069
13.772 0.99926443239327
13.773 0.999264576537471
13.774 0.999264720681684
13.775 0.999264864825907
13.776 0.99926500897013
13.777 0.999265153114354
13.778 0.999265297258596
13.779 0.999265441402839
13.78 0.999265585547083
13.781 0.999265729691333
13.782 0.999265873835595
13.783 0.999266017979857
13.784 0.999266162124119
13.785 0.999266306268392
13.786 0.99926645041267
13.787 0.999266594556948
13.788 0.999266738701228
13.789 0.99926688284552
13.79 0.999267026989813
13.791 0.999267171134105
13.792 0.999267315278403
13.793 0.999267459422708
13.794 0.999267603567012
13.795 0.999267747711317
13.796 0.99926789185563
13.797 0.999268035999945
13.798 0.999268180144259
13.799 0.999268324288576
13.8 0.999268468432899
13.801 0.999268612577221
13.802 0.999268756721544
13.803 0.99926890086587
13.804 0.999269045010199
13.805 0.999269189154527
13.806 0.999269333298856
13.807 0.999269477443189
13.808 0.999269621587522
13.809 0.999269765731855
13.81 0.999269909876189
13.811 0.999270054020526
13.812 0.999270198164863
13.813 0.999270342309199
13.814 0.999270486453539
13.815 0.999270630597879
13.816 0.99927077474222
13.817 0.999270918886561
13.818 0.999271063030905
13.819 0.999271207175249
13.82 0.999271351319592
13.821 0.999271495463938
13.822 0.999271639608285
13.823 0.999271783752632
13.824 0.999271927896978
13.825 0.999272072041328
13.826 0.999272216185678
13.827 0.999272360330027
13.828 0.999272504474378
13.829 0.99927264861873
13.83 0.999272792763082
13.831 0.999272936907434
13.832 0.999273081051788
13.833 0.999273225196143
13.834 0.999273369340497
13.835 0.999273513484852
13.836 0.999273657629208
13.837 0.999273801773565
13.838 0.999273945917921
13.839 0.999274090062278
13.84 0.999274234206636
13.841 0.999274378350994
13.842 0.999274522495353
13.843 0.999274666639712
13.844 0.999274810784072
13.845 0.999274954928431
13.846 0.999275099072791
13.847 0.999275243217152
13.848 0.999275387361512
13.849 0.999275531505872
13.85 0.999275675650233
13.851 0.999275819794595
13.852 0.999275963938957
13.853 0.999276108083318
13.854 0.99927625222768
13.855 0.999276396372043
13.856 0.999276540516405
13.857 0.999276684660767
13.858 0.999276828805129
13.859 0.999276972949491
13.86 0.999277117093853
13.861 0.999277261238216
13.862 0.999277405382579
13.863 0.999277549526941
13.864 0.999277693671304
13.865 0.999277837815666
13.866 0.999277981960028
13.867 0.99927812610439
13.868 0.999278270248752
13.869 0.999278414393113
13.87 0.999278558537475
13.871 0.999278702681837
13.872 0.999278846826197
13.873 0.999278990970558
13.874 0.999279135114919
13.875 0.999279279259279
13.876 0.999279423403639
13.877 0.999279567547999
13.878 0.999279711692359
13.879 0.999279855836717
13.88 0.999279999981075
13.881 0.999280144125433
13.882 0.999280288269791
13.883 0.999280432414148
13.884 0.999280576558505
13.885 0.999280720702862
13.886 0.999280864847217
13.887 0.999281008991572
13.888 0.999281153135927
13.889 0.999281297280282
13.89 0.999281441424634
13.891 0.999281585568986
13.892 0.999281729713339
13.893 0.99928187385769
13.894 0.999282018002041
13.895 0.999282162146391
13.896 0.999282306290741
13.897 0.999282450435089
13.898 0.999282594579436
13.899 0.999282738723783
13.9 0.99928288286813
13.901 0.999283027012474
13.902 0.999283171156819
13.903 0.999283315301163
13.904 0.999283459445505
13.905 0.999283603589846
13.906 0.999283747734187
13.907 0.999283891878528
13.908 0.999284036022866
13.909 0.999284180167203
13.91 0.99928432431154
13.911 0.999284468455876
13.912 0.99928461260021
13.913 0.999284756744544
13.914 0.999284900888878
13.915 0.999285045033208
13.916 0.999285189177538
13.917 0.999285333321867
13.918 0.999285477466196
13.919 0.999285621610521
13.92 0.999285765754846
13.921 0.999285909899171
13.922 0.999286054043493
13.923 0.999286198187813
13.924 0.999286342332133
13.925 0.999286486476454
13.926 0.999286630620769
13.927 0.999286774765084
13.928 0.9992869189094
13.929 0.999287063053713
13.93 0.999287207198023
13.931 0.999287351342334
13.932 0.999287495486644
13.933 0.99928763963095
13.934 0.999287783775255
13.935 0.999287927919559
13.936 0.999288072063863
13.937 0.999288216208161
13.938 0.99928836035246
13.939 0.999288504496759
13.94 0.999288648641054
13.941 0.999288792785347
13.942 0.99928893692964
13.943 0.999289081073933
13.944 0.99928922521822
13.945 0.999289369362507
13.946 0.999289513506794
13.947 0.999289657651079
13.948 0.99928980179536
13.949 0.999289945939641
13.95 0.999290090083922
13.951 0.9992902342282
13.952 0.999290378372476
13.953 0.999290522516751
13.954 0.999290666661027
13.955 0.999290810805296
13.956 0.999290954949566
13.957 0.999291099093836
13.958 0.999291243238103
13.959 0.999291387382368
13.96 0.999291531526633
13.961 0.999291675670897
13.962 0.999291819815157
13.963 0.999291963959417
13.964 0.999292108103676
13.965 0.999292252247934
13.966 0.999292396392188
13.967 0.999292540536443
13.968 0.999292684680697
13.969 0.999292828824948
13.97 0.999292972969197
13.971 0.999293117113446
13.972 0.999293261257695
13.973 0.999293405401939
13.974 0.999293549546183
13.975 0.999293693690427
13.976 0.999293837834669
13.977 0.999293981978909
13.978 0.999294126123149
13.979 0.999294270267388
13.98 0.999294414411624
13.981 0.999294558555859
13.982 0.999294702700093
13.983 0.999294846844327
13.984 0.999294990988558
13.985 0.999295135132788
13.986 0.999295279277019
13.987 0.999295423421246
13.988 0.999295567565472
13.989 0.999295711709698
13.99 0.999295855853924
13.991 0.999295999998146
13.992 0.999296144142367
13.993 0.999296288286589
13.994 0.999296432430809
13.995 0.999296576575026
13.996 0.999296720719243
13.997 0.99929686486346
13.998 0.999297009007675
13.999 0.999297153151888
14 0.999297297296101
14.001 0.999297441440314
14.002 0.999297585584524
14.003 0.999297729728733
14.004 0.999297873872942
14.005 0.99929801801715
14.006 0.999298162161355
14.007 0.999298306305561
14.008 0.999298450449767
14.009 0.999298594593969
14.01 0.999298738738171
14.011 0.999298882882373
14.012 0.999299027026574
14.013 0.999299171170772
14.014 0.99929931531497
14.015 0.999299459459169
14.016 0.999299603603365
14.017 0.99929974774756
14.018 0.999299891891755
14.019 0.999300036035949
14.02 0.999300180180141
14.021 0.999300324324332
14.022 0.999300468468524
14.023 0.999300612612714
14.024 0.999300756756902
14.025 0.99930090090109
14.026 0.999301045045279
14.027 0.999301189189465
14.028 0.99930133333365
14.029 0.999301477477836
14.03 0.999301621622021
14.031 0.999301765766203
14.032 0.999301909910385
14.033 0.999302054054568
14.034 0.999302198198748
14.035 0.999302342342928
14.036 0.999302486487107
14.037 0.999302630631286
14.038 0.999302774775463
14.039 0.99930291891964
14.04 0.999303063063817
14.041 0.999303207207992
14.042 0.999303351352167
14.043 0.999303495496341
14.044 0.999303639640515
14.045 0.999303783784687
14.046 0.999303927928859
14.047 0.999304072073031
14.048 0.999304216217202
14.049 0.999304360361372
14.05 0.999304504505541
14.051 0.999304648649711
14.052 0.999304792793879
14.053 0.999304936938046
14.054 0.999305081082214
14.055 0.999305225226381
14.056 0.999305369370546
14.057 0.999305513514711
14.058 0.999305657658876
14.059 0.999305801803041
14.06 0.999305945947204
14.061 0.999306090091367
14.062 0.99930623423553
14.063 0.999306378379692
14.064 0.999306522523853
14.065 0.999306666668014
14.066 0.999306810812175
14.067 0.999306954956335
14.068 0.999307099100494
14.069 0.999307243244654
14.07 0.999307387388813
14.071 0.999307531532971
14.072 0.999307675677129
14.073 0.999307819821287
14.074 0.999307963965444
14.075 0.9993081081096
14.076 0.999308252253757
14.077 0.999308396397913
14.078 0.999308540542068
14.079 0.999308684686223
14.08 0.999308828830378
14.081 0.999308972974532
14.082 0.999309117118685
14.083 0.999309261262839
14.084 0.999309405406993
14.085 0.999309549551145
14.086 0.999309693695297
14.087 0.999309837839449
14.088 0.9993099819836
14.089 0.999310126127751
14.09 0.999310270271902
14.091 0.999310414416053
14.092 0.999310558560203
14.093 0.999310702704353
14.094 0.999310846848502
14.095 0.999310990992652
14.096 0.9993111351368
14.097 0.999311279280949
14.098 0.999311423425097
14.099 0.999311567569245
14.1 0.999311711713392
14.101 0.999311855857539
14.102 0.999312000001686
14.103 0.999312144145832
14.104 0.999312288289978
14.105 0.999312432434125
14.106 0.99931257657827
14.107 0.999312720722415
14.108 0.99931286486656
14.109 0.999313009010705
14.11 0.999313153154849
14.111 0.999313297298993
14.112 0.999313441443137
14.113 0.999313585587281
14.114 0.999313729731424
14.115 0.999313873875567
14.116 0.999314018019711
14.117 0.999314162163853
14.118 0.999314306307995
14.119 0.999314450452137
14.12 0.99931459459628
14.121 0.999314738740421
14.122 0.999314882884562
14.123 0.999315027028703
14.124 0.999315171172843
14.125 0.999315315316984
14.126 0.999315459461124
14.127 0.999315603605265
14.128 0.999315747749404
14.129 0.999315891893544
14.13 0.999316036037684
14.131 0.999316180181823
14.132 0.999316324325962
14.133 0.9993164684701
14.134 0.999316612614239
14.135 0.999316756758377
14.136 0.999316900902515
14.137 0.999317045046653
14.138 0.999317189190792
14.139 0.999317333334929
14.14 0.999317477479067
14.141 0.999317621623204
14.142 0.999317765767341
14.143 0.999317909911478
14.144 0.999318054055615
14.145 0.999318198199752
14.146 0.999318342343888
14.147 0.999318486488024
14.148 0.999318630632161
14.149 0.999318774776297
14.15 0.999318918920433
14.151 0.999319063064568
14.152 0.999319207208704
14.153 0.99931935135284
14.154 0.999319495496975
14.155 0.99931963964111
14.156 0.999319783785245
14.157 0.99931992792938
14.158 0.999320072073515
14.159 0.99932021621765
14.16 0.999320360361785
14.161 0.999320504505919
14.162 0.999320648650054
14.163 0.999320792794189
14.164 0.999320936938323
14.165 0.999321081082457
14.166 0.999321225226591
14.167 0.999321369370725
14.168 0.999321513514859
14.169 0.999321657658993
14.17 0.999321801803126
14.171 0.99932194594726
14.172 0.999322090091394
14.173 0.999322234235528
14.174 0.999322378379662
14.175 0.999322522523795
14.176 0.999322666667928
14.177 0.999322810812061
14.178 0.999322954956195
14.179 0.999323099100328
14.18 0.999323243244461
14.181 0.999323387388594
14.182 0.999323531532728
14.183 0.999323675676861
14.184 0.999323819820994
14.185 0.999323963965127
14.186 0.999324108109261
14.187 0.999324252253394
14.188 0.999324396397527
14.189 0.99932454054166
14.19 0.999324684685793
14.191 0.999324828829927
14.192 0.99932497297406
14.193 0.999325117118193
14.194 0.999325261262327
14.195 0.99932540540646
14.196 0.999325549550593
14.197 0.999325693694726
14.198 0.99932583783886
14.199 0.999325981982993
14.2 0.999326126127126
14.201 0.99932627027126
14.202 0.999326414415393
14.203 0.999326558559527
14.204 0.99932670270366
14.205 0.999326846847794
14.206 0.999326990991928
14.207 0.999327135136062
14.208 0.999327279280196
14.209 0.999327423424329
14.21 0.999327567568463
14.211 0.999327711712597
14.212 0.999327855856731
14.213 0.999328000000865
14.214 0.999328144144999
14.215 0.999328288289134
14.216 0.999328432433268
14.217 0.999328576577402
14.218 0.999328720721537
14.219 0.999328864865671
14.22 0.999329009009806
14.221 0.99932915315394
14.222 0.999329297298075
14.223 0.99932944144221
14.224 0.999329585586345
14.225 0.999329729730479
14.226 0.999329873874614
14.227 0.999330018018749
14.228 0.999330162162884
14.229 0.999330306307019
14.23 0.999330450451154
14.231 0.99933059459529
14.232 0.999330738739425
14.233 0.99933088288356
14.234 0.999331027027696
14.235 0.999331171171831
14.236 0.999331315315967
14.237 0.999331459460102
14.238 0.999331603604238
14.239 0.999331747748373
14.24 0.999331891892509
14.241 0.999332036036645
14.242 0.999332180180781
14.243 0.999332324324917
14.244 0.999332468469053
14.245 0.999332612613189
14.246 0.999332756757325
14.247 0.999332900901461
14.248 0.999333045045598
14.249 0.999333189189734
14.25 0.99933333333387
14.251 0.999333477478006
14.252 0.999333621622143
14.253 0.999333765766279
14.254 0.999333909910415
14.255 0.999334054054552
14.256 0.999334198198689
14.257 0.999334342342826
14.258 0.999334486486963
14.259 0.9993346306311
14.26 0.999334774775236
14.261 0.999334918919373
14.262 0.99933506306351
14.263 0.999335207207648
14.264 0.999335351351785
14.265 0.999335495495922
14.266 0.999335639640059
14.267 0.999335783784196
14.268 0.999335927928333
14.269 0.999336072072471
14.27 0.999336216216608
14.271 0.999336360360745
14.272 0.999336504504883
14.273 0.999336648649021
14.274 0.999336792793158
14.275 0.999336936937296
14.276 0.999337081081434
14.277 0.999337225225572
14.278 0.99933736936971
14.279 0.999337513513848
14.28 0.999337657657986
14.281 0.999337801802124
14.282 0.999337945946262
14.283 0.9993380900904
14.284 0.999338234234538
14.285 0.999338378378676
14.286 0.999338522522814
14.287 0.999338666666953
14.288 0.999338810811091
14.289 0.99933895495523
14.29 0.999339099099368
14.291 0.999339243243507
14.292 0.999339387387645
14.293 0.999339531531784
14.294 0.999339675675923
14.295 0.999339819820061
14.296 0.9993399639642
14.297 0.999340108108339
14.298 0.999340252252478
14.299 0.999340396396618
14.3 0.999340540540757
14.301 0.999340684684896
14.302 0.999340828829035
14.303 0.999340972973174
14.304 0.999341117117313
14.305 0.999341261261453
14.306 0.999341405405592
14.307 0.999341549549731
14.308 0.999341693693871
14.309 0.99934183783801
14.31 0.99934198198215
14.311 0.999342126126289
14.312 0.999342270270429
14.313 0.999342414414569
14.314 0.999342558558708
14.315 0.999342702702848
14.316 0.999342846846988
14.317 0.999342990991128
14.318 0.999343135135268
14.319 0.999343279279408
14.32 0.999343423423548
14.321 0.999343567567688
14.322 0.999343711711828
14.323 0.999343855855968
14.324 0.999344000000108
14.325 0.999344144144249
14.326 0.999344288288389
14.327 0.99934443243253
14.328 0.99934457657667
14.329 0.999344720720811
14.33 0.999344864864952
14.331 0.999345009009092
14.332 0.999345153153233
14.333 0.999345297297373
14.334 0.999345441441514
14.335 0.999345585585655
14.336 0.999345729729796
14.337 0.999345873873937
14.338 0.999346018018078
14.339 0.999346162162218
14.34 0.999346306306359
14.341 0.9993464504505
14.342 0.999346594594641
14.343 0.999346738738783
14.344 0.999346882882924
14.345 0.999347027027065
14.346 0.999347171171207
14.347 0.999347315315348
14.348 0.999347459459489
14.349 0.999347603603631
14.35 0.999347747747772
14.351 0.999347891891914
14.352 0.999348036036055
14.353 0.999348180180197
14.354 0.999348324324339
14.355 0.99934846846848
14.356 0.999348612612622
14.357 0.999348756756764
14.358 0.999348900900906
14.359 0.999349045045048
14.36 0.999349189189189
14.361 0.999349333333331
14.362 0.999349477477473
14.363 0.999349621621615
14.364 0.999349765765757
14.365 0.999349909909899
14.366 0.999350054054042
14.367 0.999350198198184
14.368 0.999350342342326
14.369 0.999350486486469
14.37 0.999350630630611
14.371 0.999350774774753
14.372 0.999350918918895
14.373 0.999351063063037
14.374 0.99935120720718
14.375 0.999351351351323
14.376 0.999351495495465
14.377 0.999351639639608
14.378 0.999351783783751
14.379 0.999351927927893
14.38 0.999352072072036
14.381 0.999352216216179
14.382 0.999352360360321
14.383 0.999352504504464
14.384 0.999352648648607
14.385 0.99935279279275
14.386 0.999352936936893
14.387 0.999353081081035
14.388 0.999353225225178
14.389 0.999353369369321
14.39 0.999353513513464
14.391 0.999353657657607
14.392 0.99935380180175
14.393 0.999353945945893
14.394 0.999354090090036
14.395 0.999354234234179
14.396 0.999354378378322
14.397 0.999354522522466
14.398 0.999354666666609
14.399 0.999354810810752
14.4 0.999354954954896
14.401 0.999355099099039
14.402 0.999355243243183
14.403 0.999355387387326
14.404 0.999355531531469
14.405 0.999355675675612
14.406 0.999355819819756
14.407 0.999355963963899
14.408 0.999356108108043
14.409 0.999356252252186
14.41 0.99935639639633
14.411 0.999356540540473
14.412 0.999356684684617
14.413 0.99935682882876
14.414 0.999356972972904
14.415 0.999357117117048
14.416 0.999357261261192
14.417 0.999357405405335
14.418 0.999357549549479
14.419 0.999357693693623
14.42 0.999357837837767
14.421 0.999357981981911
14.422 0.999358126126054
14.423 0.999358270270198
14.424 0.999358414414342
14.425 0.999358558558486
14.426 0.999358702702629
14.427 0.999358846846773
14.428 0.999358990990917
14.429 0.999359135135061
14.43 0.999359279279205
14.431 0.999359423423349
14.432 0.999359567567493
14.433 0.999359711711637
14.434 0.999359855855781
14.435 0.999359999999926
14.436 0.99936014414407
14.437 0.999360288288214
14.438 0.999360432432358
14.439 0.999360576576502
14.44 0.999360720720646
14.441 0.99936086486479
14.442 0.999361009008934
14.443 0.999361153153078
14.444 0.999361297297223
14.445 0.999361441441367
14.446 0.999361585585511
14.447 0.999361729729655
14.448 0.999361873873799
14.449 0.999362018017943
14.45 0.999362162162088
14.451 0.999362306306232
14.452 0.999362450450376
14.453 0.999362594594521
14.454 0.999362738738665
14.455 0.999362882882809
14.456 0.999363027026954
14.457 0.999363171171098
14.458 0.999363315315242
14.459 0.999363459459387
14.46 0.999363603603531
14.461 0.999363747747676
14.462 0.99936389189182
14.463 0.999364036035965
14.464 0.999364180180109
14.465 0.999364324324253
14.466 0.999364468468398
14.467 0.999364612612542
14.468 0.999364756756686
14.469 0.999364900900831
14.47 0.999365045044975
14.471 0.999365189189119
14.472 0.999365333333264
14.473 0.999365477477408
14.474 0.999365621621552
14.475 0.999365765765697
14.476 0.999365909909842
14.477 0.999366054053986
14.478 0.999366198198131
14.479 0.999366342342275
14.48 0.999366486486419
14.481 0.999366630630564
14.482 0.999366774774708
14.483 0.999366918918853
14.484 0.999367063062997
14.485 0.999367207207142
14.486 0.999367351351286
14.487 0.99936749549543
14.488 0.999367639639575
14.489 0.999367783783719
14.49 0.999367927927864
14.491 0.999368072072009
14.492 0.999368216216153
14.493 0.999368360360298
14.494 0.999368504504442
14.495 0.999368648648587
14.496 0.999368792792731
14.497 0.999368936936876
14.498 0.99936908108102
14.499 0.999369225225164
14.5 0.999369369369309
14.501 0.999369513513453
14.502 0.999369657657598
14.503 0.999369801801743
14.504 0.999369945945887
14.505 0.999370090090032
14.506 0.999370234234176
14.507 0.999370378378321
14.508 0.999370522522465
14.509 0.99937066666661
14.51 0.999370810810754
14.511 0.999370954954898
14.512 0.999371099099043
14.513 0.999371243243188
14.514 0.999371387387332
14.515 0.999371531531477
14.516 0.999371675675622
14.517 0.999371819819766
14.518 0.999371963963911
14.519 0.999372108108055
14.52 0.9993722522522
14.521 0.999372396396344
14.522 0.999372540540489
14.523 0.999372684684634
14.524 0.999372828828778
14.525 0.999372972972923
14.526 0.999373117117067
14.527 0.999373261261212
14.528 0.999373405405357
14.529 0.999373549549501
14.53 0.999373693693646
14.531 0.99937383783779
14.532 0.999373981981935
14.533 0.999374126126079
14.534 0.999374270270224
14.535 0.999374414414368
14.536 0.999374558558513
14.537 0.999374702702657
14.538 0.999374846846802
14.539 0.999374990990946
14.54 0.999375135135091
14.541 0.999375279279235
14.542 0.99937542342338
14.543 0.999375567567525
14.544 0.999375711711669
14.545 0.999375855855814
14.546 0.999375999999958
14.547 0.999376144144103
14.548 0.999376288288248
14.549 0.999376432432392
14.55 0.999376576576537
14.551 0.999376720720682
14.552 0.999376864864826
14.553 0.999377009008971
14.554 0.999377153153115
14.555 0.99937729729726
14.556 0.999377441441404
14.557 0.999377585585549
14.558 0.999377729729694
14.559 0.999377873873838
14.56 0.999378018017983
14.561 0.999378162162127
14.562 0.999378306306272
14.563 0.999378450450416
14.564 0.99937859459456
14.565 0.999378738738705
14.566 0.999378882882849
14.567 0.999379027026994
14.568 0.999379171171139
14.569 0.999379315315283
14.57 0.999379459459428
14.571 0.999379603603572
14.572 0.999379747747717
14.573 0.999379891891862
14.574 0.999380036036006
14.575 0.999380180180151
14.576 0.999380324324295
14.577 0.99938046846844
14.578 0.999380612612585
14.579 0.999380756756729
14.58 0.999380900900874
14.581 0.999381045045018
14.582 0.999381189189163
14.583 0.999381333333307
14.584 0.999381477477452
14.585 0.999381621621596
14.586 0.99938176576574
14.587 0.999381909909885
14.588 0.99938205405403
14.589 0.999382198198174
14.59 0.999382342342319
14.591 0.999382486486463
14.592 0.999382630630608
14.593 0.999382774774752
14.594 0.999382918918897
14.595 0.999383063063041
14.596 0.999383207207185
14.597 0.99938335135133
14.598 0.999383495495475
14.599 0.999383639639619
14.6 0.999383783783764
14.601 0.999383927927908
14.602 0.999384072072053
14.603 0.999384216216198
14.604 0.999384360360342
14.605 0.999384504504486
14.606 0.999384648648631
14.607 0.999384792792775
14.608 0.99938493693692
14.609 0.999385081081064
14.61 0.999385225225209
14.611 0.999385369369353
14.612 0.999385513513498
14.613 0.999385657657642
14.614 0.999385801801786
14.615 0.999385945945931
14.616 0.999386090090075
14.617 0.999386234234219
14.618 0.999386378378364
14.619 0.999386522522508
14.62 0.999386666666653
14.621 0.999386810810797
14.622 0.999386954954942
14.623 0.999387099099086
14.624 0.999387243243231
14.625 0.999387387387375
14.626 0.999387531531519
14.627 0.999387675675663
14.628 0.999387819819808
14.629 0.999387963963952
14.63 0.999388108108097
14.631 0.999388252252241
14.632 0.999388396396386
14.633 0.99938854054053
14.634 0.999388684684675
14.635 0.999388828828819
14.636 0.999388972972963
14.637 0.999389117117108
14.638 0.999389261261252
14.639 0.999389405405396
14.64 0.999389549549541
14.641 0.999389693693685
14.642 0.999389837837829
14.643 0.999389981981974
14.644 0.999390126126118
14.645 0.999390270270262
14.646 0.999390414414407
14.647 0.999390558558551
14.648 0.999390702702695
14.649 0.99939084684684
14.65 0.999390990990984
14.651 0.999391135135128
14.652 0.999391279279273
14.653 0.999391423423417
14.654 0.999391567567561
14.655 0.999391711711705
14.656 0.99939185585585
14.657 0.999391999999994
14.658 0.999392144144138
14.659 0.999392288288283
14.66 0.999392432432427
14.661 0.999392576576571
14.662 0.999392720720716
14.663 0.99939286486486
14.664 0.999393009009004
14.665 0.999393153153149
14.666 0.999393297297293
14.667 0.999393441441437
14.668 0.999393585585582
14.669 0.999393729729726
14.67 0.99939387387387
14.671 0.999394018018015
14.672 0.999394162162159
14.673 0.999394306306303
14.674 0.999394450450448
14.675 0.999394594594592
14.676 0.999394738738736
14.677 0.999394882882881
14.678 0.999395027027025
14.679 0.999395171171169
14.68 0.999395315315313
14.681 0.999395459459457
14.682 0.999395603603601
14.683 0.999395747747745
14.684 0.99939589189189
14.685 0.999396036036034
14.686 0.999396180180178
14.687 0.999396324324323
14.688 0.999396468468467
14.689 0.999396612612611
14.69 0.999396756756756
14.691 0.9993969009009
14.692 0.999397045045044
14.693 0.999397189189189
14.694 0.999397333333333
14.695 0.999397477477477
14.696 0.999397621621621
14.697 0.999397765765765
14.698 0.999397909909909
14.699 0.999398054054054
14.7 0.999398198198198
14.701 0.999398342342342
14.702 0.999398486486487
14.703 0.999398630630631
14.704 0.999398774774775
14.705 0.99939891891892
14.706 0.999399063063063
14.707 0.999399207207208
14.708 0.999399351351352
14.709 0.999399495495496
14.71 0.99939963963964
14.711 0.999399783783784
14.712 0.999399927927929
14.713 0.999400072072073
14.714 0.999400216216217
14.715 0.999400360360362
14.716 0.999400504504506
14.717 0.99940064864865
14.718 0.999400792792794
14.719 0.999400936936938
14.72 0.999401081081082
14.721 0.999401225225227
14.722 0.999401369369371
14.723 0.999401513513515
14.724 0.999401657657659
14.725 0.999401801801803
14.726 0.999401945945947
14.727 0.999402090090092
14.728 0.999402234234236
14.729 0.99940237837838
14.73 0.999402522522525
14.731 0.999402666666669
14.732 0.999402810810813
14.733 0.999402954954957
14.734 0.999403099099101
14.735 0.999403243243245
14.736 0.999403387387389
14.737 0.999403531531534
14.738 0.999403675675678
14.739 0.999403819819822
14.74 0.999403963963966
14.741 0.99940410810811
14.742 0.999404252252254
14.743 0.999404396396399
14.744 0.999404540540543
14.745 0.999404684684687
14.746 0.999404828828831
14.747 0.999404972972975
14.748 0.999405117117119
14.749 0.999405261261264
14.75 0.999405405405408
14.751 0.999405549549552
14.752 0.999405693693696
14.753 0.999405837837841
14.754 0.999405981981985
14.755 0.999406126126129
14.756 0.999406270270273
14.757 0.999406414414417
14.758 0.999406558558562
14.759 0.999406702702706
14.76 0.99940684684685
14.761 0.999406990990994
14.762 0.999407135135138
14.763 0.999407279279282
14.764 0.999407423423426
14.765 0.99940756756757
14.766 0.999407711711714
14.767 0.999407855855858
14.768 0.999408000000003
14.769 0.999408144144147
14.77 0.999408288288291
14.771 0.999408432432435
14.772 0.999408576576579
14.773 0.999408720720724
14.774 0.999408864864868
14.775 0.999409009009012
14.776 0.999409153153156
14.777 0.999409297297301
14.778 0.999409441441445
14.779 0.999409585585589
14.78 0.999409729729733
14.781 0.999409873873877
14.782 0.999410018018021
14.783 0.999410162162165
14.784 0.999410306306309
14.785 0.999410450450453
14.786 0.999410594594598
14.787 0.999410738738742
14.788 0.999410882882886
14.789 0.99941102702703
14.79 0.999411171171174
14.791 0.999411315315318
14.792 0.999411459459463
14.793 0.999411603603607
14.794 0.999411747747751
14.795 0.999411891891895
14.796 0.99941203603604
14.797 0.999412180180184
14.798 0.999412324324328
14.799 0.999412468468472
14.8 0.999412612612616
14.801 0.99941275675676
14.802 0.999412900900904
14.803 0.999413045045048
14.804 0.999413189189192
14.805 0.999413333333337
14.806 0.999413477477481
14.807 0.999413621621625
14.808 0.999413765765769
14.809 0.999413909909913
14.81 0.999414054054057
14.811 0.999414198198201
14.812 0.999414342342345
14.813 0.999414486486489
14.814 0.999414630630634
14.815 0.999414774774778
14.816 0.999414918918922
14.817 0.999415063063066
14.818 0.999415207207211
14.819 0.999415351351355
14.82 0.999415495495499
14.821 0.999415639639643
14.822 0.999415783783787
14.823 0.999415927927931
14.824 0.999416072072075
14.825 0.999416216216219
14.826 0.999416360360363
14.827 0.999416504504508
14.828 0.999416648648652
14.829 0.999416792792796
14.83 0.99941693693694
14.831 0.999417081081084
14.832 0.999417225225228
14.833 0.999417369369372
14.834 0.999417513513516
14.835 0.99941765765766
14.836 0.999417801801804
14.837 0.999417945945948
14.838 0.999418090090092
14.839 0.999418234234237
14.84 0.999418378378381
14.841 0.999418522522525
14.842 0.99941866666667
14.843 0.999418810810814
14.844 0.999418954954958
14.845 0.999419099099102
14.846 0.999419243243246
14.847 0.99941938738739
14.848 0.999419531531534
14.849 0.999419675675678
14.85 0.999419819819822
14.851 0.999419963963966
14.852 0.999420108108111
14.853 0.999420252252255
14.854 0.999420396396399
14.855 0.999420540540543
14.856 0.999420684684687
14.857 0.999420828828831
14.858 0.999420972972975
14.859 0.999421117117119
14.86 0.999421261261263
14.861 0.999421405405408
14.862 0.999421549549552
14.863 0.999421693693696
14.864 0.999421837837841
14.865 0.999421981981985
14.866 0.999422126126129
14.867 0.999422270270273
14.868 0.999422414414417
14.869 0.999422558558561
14.87 0.999422702702705
14.871 0.999422846846849
14.872 0.999422990990993
14.873 0.999423135135137
14.874 0.999423279279281
14.875 0.999423423423425
14.876 0.999423567567569
14.877 0.999423711711714
14.878 0.999423855855858
14.879 0.999424000000002
14.88 0.999424144144146
14.881 0.99942428828829
14.882 0.999424432432434
14.883 0.999424576576578
14.884 0.999424720720722
14.885 0.999424864864866
14.886 0.999425009009011
14.887 0.999425153153155
14.888 0.999425297297299
14.889 0.999425441441443
14.89 0.999425585585587
14.891 0.999425729729731
14.892 0.999425873873876
14.893 0.99942601801802
14.894 0.999426162162164
14.895 0.999426306306308
14.896 0.999426450450452
14.897 0.999426594594596
14.898 0.99942673873874
14.899 0.999426882882884
14.9 0.999427027027028
14.901 0.999427171171173
14.902 0.999427315315317
14.903 0.999427459459461
14.904 0.999427603603605
14.905 0.999427747747749
14.906 0.999427891891893
14.907 0.999428036036037
14.908 0.999428180180181
14.909 0.999428324324325
14.91 0.99942846846847
14.911 0.999428612612614
14.912 0.999428756756758
14.913 0.999428900900902
14.914 0.999429045045046
14.915 0.99942918918919
14.916 0.999429333333334
14.917 0.999429477477479
14.918 0.999429621621623
14.919 0.999429765765767
14.92 0.999429909909911
14.921 0.999430054054055
14.922 0.999430198198199
14.923 0.999430342342343
14.924 0.999430486486487
14.925 0.999430630630631
14.926 0.999430774774775
14.927 0.99943091891892
14.928 0.999431063063064
14.929 0.999431207207208
14.93 0.999431351351352
14.931 0.999431495495496
14.932 0.999431639639641
14.933 0.999431783783785
14.934 0.999431927927929
14.935 0.999432072072073
14.936 0.999432216216217
14.937 0.999432360360361
14.938 0.999432504504505
14.939 0.999432648648649
14.94 0.999432792792793
14.941 0.999432936936937
14.942 0.999433081081082
14.943 0.999433225225226
14.944 0.99943336936937
14.945 0.999433513513514
14.946 0.999433657657658
14.947 0.999433801801802
14.948 0.999433945945947
14.949 0.999434090090091
14.95 0.999434234234235
14.951 0.999434378378379
14.952 0.999434522522523
14.953 0.999434666666667
14.954 0.999434810810812
14.955 0.999434954954956
14.956 0.9994350990991
14.957 0.999435243243244
14.958 0.999435387387388
14.959 0.999435531531532
14.96 0.999435675675676
14.961 0.999435819819821
14.962 0.999435963963965
14.963 0.999436108108109
14.964 0.999436252252253
14.965 0.999436396396397
14.966 0.999436540540541
14.967 0.999436684684685
14.968 0.999436828828829
14.969 0.999436972972973
14.97 0.999437117117117
14.971 0.999437261261261
14.972 0.999437405405405
14.973 0.99943754954955
14.974 0.999437693693694
14.975 0.999437837837838
14.976 0.999437981981982
14.977 0.999438126126126
14.978 0.999438270270271
14.979 0.999438414414415
14.98 0.999438558558559
14.981 0.999438702702703
14.982 0.999438846846848
14.983 0.999438990990992
14.984 0.999439135135136
14.985 0.99943927927928
14.986 0.999439423423424
14.987 0.999439567567568
14.988 0.999439711711712
14.989 0.999439855855856
14.99 0.99944
14.991 0.999440144144144
14.992 0.999440288288288
14.993 0.999440432432432
14.994 0.999440576576576
14.995 0.999440720720721
14.996 0.999440864864865
14.997 0.999441009009009
14.998 0.999441153153153
14.999 0.999441297297297
15 0.999441441441442